{"type":"FeatureCollection","features":[{"type":"Feature","properties":{"name":"Arroyo los Mil Nombres","layer":"Rios y Arroyos"},"geometry":{"type":"LineString","coordinates":[[-60.69112,-32.76393],[-60.69045,-32.76451],[-60.68957,-32.76541],[-60.68899,-32.7662],[-60.68856,-32.76664],[-60.68829,-32.76714],[-60.6882,-32.76742],[-60.68794,-32.76795],[-60.68739,-32.76839],[-60.68688,-32.76877],[-60.68644,-32.7689],[-60.68598,-32.76922],[-60.68566,-32.76958],[-60.68515,-32.77039],[-60.68469,-32.7712],[-60.6843,-32.77153],[-60.68339,-32.77194],[-60.68208,-32.77278],[-60.68172,-32.77303],[-60.68154,-32.77336],[-60.68155,-32.77374],[-60.68154,-32.77413],[-60.68133,-32.77433],[-60.68105,-32.77451]]}},{"type":"Feature","properties":{"name":"Boca el Laurel","layer":"Rios y Arroyos"},"geometry":{"type":"Point","coordinates":[-60.47484,-32.70451]}},{"type":"Feature","properties":{"name":"Arroyo Timbo Colorado","layer":"Rios y Arroyos"},"geometry":{"type":"LineString","coordinates":[[-60.56324,-32.51361],[-60.56238,-32.51392],[-60.56081,-32.51396],[-60.56047,-32.51438],[-60.56052,-32.5149],[-60.56123,-32.51613],[-60.56121,-32.51663],[-60.561,-32.51696],[-60.56042,-32.51735],[-60.55934,-32.51743],[-60.55875,-32.51745],[-60.5581,-32.51771],[-60.55675,-32.51868],[-60.55606,-32.51879],[-60.55516,-32.51853],[-60.55383,-32.51769],[-60.55316,-32.51769],[-60.55263,-32.51798],[-60.55168,-32.51883],[-60.551,-32.51868],[-60.55089,-32.51813],[-60.5514,-32.51658],[-60.55121,-32.51593],[-60.55054,-32.51545],[-60.54939,-32.51515],[-60.54755,-32.51541],[-60.54262,-32.51818],[-60.54153,-32.5183],[-60.54108,-32.5179],[-60.54115,-32.51732],[-60.54183,-32.5161],[-60.54155,-32.51565],[-60.54096,-32.51546],[-60.53849,-32.51647],[-60.53667,-32.51783],[-60.53604,-32.51876],[-60.53562,-32.52028],[-60.53586,-32.52156],[-60.53583,-32.52207],[-60.53538,-32.52241],[-60.53466,-32.52239],[-60.53416,-32.52205],[-60.53374,-32.52145],[-60.53193,-32.51925],[-60.53135,-32.51905],[-60.5301,-32.51903],[-60.53005,-32.51879],[-60.5304,-32.51851],[-60.53088,-32.51801],[-60.5309,-32.51747],[-60.5303,-32.51701],[-60.52895,-32.51647],[-60.52775,-32.51625],[-60.527,-32.51677],[-60.5262,-32.51763],[-60.52611,-32.51857],[-60.52631,-32.51914],[-60.52688,-32.52005],[-60.52691,-32.52052],[-60.52674,-32.52148],[-60.52689,-32.52228],[-60.52644,-32.52404],[-60.52611,-32.52457],[-60.52576,-32.5249],[-60.52568,-32.52533],[-60.52645,-32.5266],[-60.52698,-32.5284],[-60.52648,-32.53017],[-60.5261,-32.531],[-60.52478,-32.53092],[-60.52417,-32.53111],[-60.52384,-32.53151],[-60.5239,-32.53189],[-60.52412,-32.53245],[-60.52436,-32.53496],[-60.52438,-32.53551],[-60.52397,-32.53656],[-60.52345,-32.53672],[-60.52239,-32.53655],[-60.52163,-32.53651],[-60.52115,-32.53628],[-60.52099,-32.53547],[-60.5206,-32.53446],[-60.52036,-32.53247],[-60.51953,-32.5311],[-60.51904,-32.53066],[-60.51818,-32.53059],[-60.5176,-32.53086],[-60.51678,-32.53167],[-60.51618,-32.53236],[-60.51564,-32.53272],[-60.51446,-32.53312],[-60.51354,-32.53337],[-60.51324,-32.53365],[-60.51312,-32.53401],[-60.51318,-32.53442],[-60.51296,-32.53489],[-60.51248,-32.53539],[-60.51219,-32.53611],[-60.51205,-32.53666],[-60.51131,-32.53776],[-60.51147,-32.53825],[-60.51215,-32.53851],[-60.51357,-32.53898],[-60.51491,-32.53915],[-60.51581,-32.53944],[-60.51638,-32.53976],[-60.51724,-32.54044],[-60.51888,-32.54106],[-60.51952,-32.54155],[-60.51974,-32.54192],[-60.52027,-32.54227],[-60.52088,-32.54265],[-60.52097,-32.54319],[-60.52114,-32.54358],[-60.52159,-32.54386],[-60.52273,-32.544],[-60.52361,-32.54427],[-60.52433,-32.54472],[-60.52481,-32.54522],[-60.52506,-32.54591],[-60.52495,-32.54646],[-60.52437,-32.54735],[-60.52436,-32.54736],[-60.52379,-32.54802],[-60.52322,-32.54823],[-60.52243,-32.54834],[-60.52171,-32.54863],[-60.52063,-32.54963],[-60.51893,-32.55116],[-60.51816,-32.55157],[-60.51637,-32.55209],[-60.51544,-32.55247],[-60.51362,-32.55251],[-60.51099,-32.55273],[-60.50907,-32.55262],[-60.50826,-32.55278],[-60.50759,-32.55276],[-60.50725,-32.55251],[-60.5069,-32.55247],[-60.50537,-32.55368],[-60.50331,-32.55339],[-60.50243,-32.55283],[-60.50227,-32.55234],[-60.50278,-32.55164],[-60.50272,-32.55099],[-60.50222,-32.55056],[-60.50159,-32.55051],[-60.50123,-32.55082],[-60.50102,-32.5512],[-60.50055,-32.55135],[-60.50034,-32.55122],[-60.50001,-32.54996],[-60.49919,-32.54819],[-60.49832,-32.54686],[-60.49758,-32.54603],[-60.4966,-32.54579],[-60.49592,-32.54534],[-60.49417,-32.54383],[-60.49364,-32.54327],[-60.49285,-32.54266],[-60.49092,-32.5414],[-60.49039,-32.54158],[-60.4898,-32.54284],[-60.49011,-32.54354],[-60.49115,-32.54534],[-60.49126,-32.54627],[-60.49057,-32.54862],[-60.48981,-32.55004],[-60.4887,-32.55092],[-60.48728,-32.55132],[-60.4838,-32.55145],[-60.48152,-32.55128],[-60.47824,-32.55],[-60.47703,-32.55008],[-60.47602,-32.55068],[-60.4755,-32.55151],[-60.47504,-32.55268],[-60.47277,-32.55547],[-60.47218,-32.55656],[-60.47189,-32.55788],[-60.47167,-32.55972],[-60.47183,-32.56081],[-60.4726,-32.56212],[-60.4731,-32.56246],[-60.47502,-32.56332],[-60.47616,-32.56457],[-60.47682,-32.56609],[-60.47713,-32.56874],[-60.47683,-32.57108],[-60.47601,-32.57221],[-60.47529,-32.57239],[-60.47477,-32.5722],[-60.47432,-32.57151],[-60.4736,-32.57103],[-60.4726,-32.57087],[-60.47138,-32.57112],[-60.46939,-32.572],[-60.46779,-32.57312],[-60.46742,-32.57428],[-60.46735,-32.57521],[-60.46805,-32.57626],[-60.4685,-32.57715],[-60.46823,-32.57797],[-60.46768,-32.57876],[-60.46686,-32.57953],[-60.46041,-32.58433],[-60.45964,-32.58472],[-60.45937,-32.58505],[-60.45972,-32.58534],[-60.46093,-32.58586],[-60.46236,-32.58692],[-60.46369,-32.58808],[-60.46432,-32.58896],[-60.4653,-32.59134],[-60.46567,-32.59212],[-60.4664,-32.59313],[-60.46681,-32.5936],[-60.46954,-32.59615],[-60.46992,-32.59675],[-60.47008,-32.59738],[-60.47009,-32.59835],[-60.47007,-32.59882]]}},{"type":"Feature","properties":{"name":"Arroyo Aguas Negras","layer":"Rios y Arroyos"},"geometry":{"type":"LineString","coordinates":[[-60.57516,-32.57229],[-60.57454,-32.5714],[-60.57388,-32.57067],[-60.57407,-32.56987],[-60.57505,-32.56917],[-60.57662,-32.56849],[-60.57815,-32.56816],[-60.58106,-32.56761],[-60.58268,-32.56707],[-60.58415,-32.5657],[-60.58591,-32.56234],[-60.58698,-32.56112],[-60.58868,-32.55983],[-60.59218,-32.55756],[-60.59438,-32.55589],[-60.5957,-32.55389],[-60.59704,-32.55116],[-60.5987,-32.54766],[-60.59988,-32.54594],[-60.60165,-32.54437],[-60.60345,-32.54295],[-60.6039,-32.54196],[-60.6039,-32.54194],[-60.60413,-32.54104],[-60.60541,-32.54084],[-60.60657,-32.54127],[-60.60979,-32.54271],[-60.61236,-32.54341],[-60.61424,-32.54401],[-60.6153,-32.54378],[-60.61631,-32.54328],[-60.6174,-32.54312]]}},{"type":"Feature","properties":{"name":"Arroyo Timbocito","layer":"Rios y Arroyos"},"geometry":{"type":"LineString","coordinates":[[-60.66781,-32.70219],[-60.66778,-32.7015],[-60.66787,-32.70095],[-60.66782,-32.70038],[-60.66777,-32.6997],[-60.66801,-32.69819],[-60.66817,-32.6977],[-60.6683,-32.69716],[-60.66846,-32.69665],[-60.66862,-32.6961],[-60.66896,-32.69576],[-60.66938,-32.69522],[-60.66976,-32.69444],[-60.66958,-32.69399],[-60.66943,-32.69356],[-60.66964,-32.69296],[-60.66977,-32.69256],[-60.66985,-32.69209],[-60.67003,-32.6916],[-60.67021,-32.69122],[-60.6705,-32.69078],[-60.67086,-32.68975],[-60.67123,-32.68893],[-60.67116,-32.68874],[-60.67087,-32.68859],[-60.67098,-32.68834],[-60.67115,-32.68801],[-60.67133,-32.6876],[-60.67126,-32.6871],[-60.67143,-32.68667],[-60.67157,-32.68606],[-60.67185,-32.68544],[-60.6718,-32.68488],[-60.67138,-32.68464],[-60.67094,-32.68459],[-60.66985,-32.68465],[-60.66892,-32.68466],[-60.66861,-32.68464],[-60.66828,-32.68475],[-60.66715,-32.68475],[-60.66587,-32.68464],[-60.66447,-32.68438],[-60.66388,-32.68427],[-60.66339,-32.68419],[-60.66133,-32.6836],[-60.66012,-32.68315],[-60.65929,-32.6828],[-60.65849,-32.68233],[-60.65677,-32.68124],[-60.65648,-32.68101],[-60.65602,-32.68055],[-60.65446,-32.67926],[-60.65314,-32.678],[-60.65219,-32.67688],[-60.65082,-32.67563],[-60.65007,-32.67495],[-60.6495,-32.67463],[-60.64873,-32.67444],[-60.64802,-32.67439],[-60.64752,-32.67458],[-60.64733,-32.67491],[-60.64735,-32.67527],[-60.64751,-32.67576],[-60.64773,-32.67615],[-60.64804,-32.67639],[-60.64837,-32.67652],[-60.64863,-32.67663],[-60.64892,-32.67697],[-60.64901,-32.67737],[-60.64878,-32.67762],[-60.64837,-32.67772],[-60.64786,-32.67779],[-60.64726,-32.67778],[-60.64672,-32.67752],[-60.64653,-32.67717],[-60.64652,-32.67683],[-60.64667,-32.6762],[-60.64668,-32.67564],[-60.64652,-32.67522],[-60.64611,-32.67476],[-60.64556,-32.67438],[-60.64505,-32.67423],[-60.64463,-32.67431],[-60.64412,-32.67437],[-60.6434,-32.67442],[-60.64325,-32.67461],[-60.64321,-32.67482],[-60.64294,-32.6751],[-60.6426,-32.67519],[-60.64212,-32.67507],[-60.64156,-32.67481],[-60.64097,-32.6743],[-60.64038,-32.67379],[-60.63931,-32.67307],[-60.6386,-32.67233],[-60.63806,-32.67157],[-60.63696,-32.67045],[-60.63622,-32.66986],[-60.63535,-32.66889],[-60.63461,-32.66782],[-60.63402,-32.66703],[-60.63369,-32.66675],[-60.63315,-32.66647],[-60.63249,-32.66634],[-60.63196,-32.66634],[-60.6315,-32.6664],[-60.63095,-32.66666],[-60.63063,-32.66692],[-60.63015,-32.6673],[-60.62984,-32.66754],[-60.62974,-32.6677],[-60.62962,-32.66782],[-60.62927,-32.668],[-60.62908,-32.66796],[-60.62887,-32.668],[-60.62853,-32.66821],[-60.6283,-32.66844],[-60.62821,-32.66859],[-60.62792,-32.66895],[-60.62762,-32.66893],[-60.62729,-32.6688],[-60.627,-32.66878],[-60.62682,-32.66891],[-60.62675,-32.66924],[-60.62627,-32.66977],[-60.62583,-32.67009],[-60.6249,-32.67006],[-60.62334,-32.67],[-60.6225,-32.66983],[-60.62135,-32.66948],[-60.62036,-32.66931],[-60.61992,-32.66942],[-60.61981,-32.66974],[-60.61991,-32.67016],[-60.62022,-32.67065],[-60.62054,-32.67136],[-60.62088,-32.67205],[-60.62077,-32.6726],[-60.62035,-32.67302],[-60.61975,-32.67325],[-60.61919,-32.67316],[-60.61862,-32.67285],[-60.61822,-32.67255],[-60.61808,-32.67221],[-60.6182,-32.67182],[-60.61837,-32.6713],[-60.61842,-32.67083],[-60.61836,-32.67032],[-60.61822,-32.66998],[-60.61782,-32.6696],[-60.61742,-32.66939],[-60.61689,-32.66921],[-60.61638,-32.66919],[-60.6159,-32.66933],[-60.61543,-32.66957],[-60.61504,-32.66987],[-60.61494,-32.67],[-60.61491,-32.6702],[-60.61507,-32.67129],[-60.61493,-32.67216],[-60.61452,-32.67259],[-60.61388,-32.67268],[-60.61309,-32.67279],[-60.61236,-32.67303],[-60.6109,-32.67309],[-60.60997,-32.67336],[-60.60882,-32.67376],[-60.60842,-32.67412],[-60.60834,-32.67449],[-60.6081,-32.67477],[-60.60755,-32.67492],[-60.60684,-32.67501],[-60.6051,-32.67518],[-60.60358,-32.67542],[-60.60279,-32.67567],[-60.6025,-32.67603],[-60.60245,-32.67639],[-60.60271,-32.67676],[-60.60332,-32.67703],[-60.60388,-32.67713],[-60.60484,-32.67722],[-60.60565,-32.67712],[-60.60704,-32.67642],[-60.60808,-32.67605],[-60.6091,-32.67585],[-60.61004,-32.67594],[-60.61069,-32.6761],[-60.61167,-32.67626],[-60.61282,-32.67647],[-60.61353,-32.67683],[-60.61379,-32.67719],[-60.61368,-32.67768],[-60.6133,-32.67814],[-60.61266,-32.67854],[-60.61183,-32.67877],[-60.61057,-32.67887],[-60.60935,-32.67917],[-60.60833,-32.67948],[-60.60685,-32.6796],[-60.60562,-32.67974],[-60.60495,-32.67999],[-60.60444,-32.68019],[-60.6038,-32.68021],[-60.60262,-32.68001],[-60.6009,-32.67962],[-60.59934,-32.67918],[-60.59863,-32.67897],[-60.59754,-32.67844],[-60.59676,-32.67799],[-60.59585,-32.67764],[-60.59462,-32.67718],[-60.59377,-32.67664],[-60.59329,-32.67592],[-60.59319,-32.67502],[-60.59327,-32.67453],[-60.59352,-32.67374],[-60.59349,-32.67317],[-60.59296,-32.67234],[-60.59179,-32.67121],[-60.59125,-32.67086],[-60.59058,-32.67063],[-60.5896,-32.67078],[-60.5878,-32.67102],[-60.58734,-32.67097],[-60.58579,-32.67061],[-60.58421,-32.67028],[-60.58291,-32.67025],[-60.5823,-32.6705],[-60.58209,-32.67094],[-60.58223,-32.67146],[-60.58299,-32.67259],[-60.58322,-32.67323],[-60.58351,-32.67359],[-60.58408,-32.67379],[-60.58473,-32.67372],[-60.58505,-32.67388],[-60.58515,-32.67428],[-60.58489,-32.67475],[-60.58442,-32.67508],[-60.58385,-32.67515],[-60.58332,-32.6752],[-60.58228,-32.67595],[-60.58121,-32.67673],[-60.58081,-32.67733],[-60.58046,-32.67813],[-60.58044,-32.67878],[-60.58055,-32.67908],[-60.58038,-32.6794],[-60.57982,-32.67954],[-60.57784,-32.68006],[-60.57723,-32.6801],[-60.57534,-32.67991],[-60.57469,-32.68],[-60.57427,-32.68028],[-60.5739,-32.68103],[-60.57391,-32.6817],[-60.57438,-32.68292],[-60.57438,-32.68351],[-60.57415,-32.6838],[-60.57373,-32.68382],[-60.57299,-32.68358],[-60.57232,-32.68327],[-60.57154,-32.683],[-60.57041,-32.68269],[-60.56934,-32.68254],[-60.5683,-32.68216],[-60.56781,-32.6817],[-60.56762,-32.68093],[-60.56716,-32.67984],[-60.56644,-32.67919],[-60.56519,-32.67818],[-60.56473,-32.67744],[-60.56486,-32.677],[-60.56516,-32.67682],[-60.56682,-32.6765],[-60.56737,-32.67618],[-60.56784,-32.67553],[-60.56809,-32.67477],[-60.56806,-32.6742],[-60.56761,-32.67383],[-60.56716,-32.67381],[-60.56649,-32.67401],[-60.56571,-32.67402],[-60.56521,-32.67386],[-60.56459,-32.67343],[-60.5642,-32.67282],[-60.56403,-32.67206],[-60.56331,-32.6709],[-60.5625,-32.67029],[-60.56207,-32.66971],[-60.56187,-32.66905],[-60.56134,-32.66871],[-60.56025,-32.66873],[-60.55814,-32.66865],[-60.55732,-32.66877],[-60.55636,-32.66952],[-60.55583,-32.66975],[-60.55537,-32.66959],[-60.55483,-32.66889],[-60.55422,-32.66825],[-60.55321,-32.66772],[-60.5524,-32.66798],[-60.55172,-32.66904],[-60.55161,-32.67074],[-60.55117,-32.67145],[-60.5485,-32.67321],[-60.54737,-32.67352],[-60.5446,-32.67365],[-60.54281,-32.67341],[-60.54126,-32.67294],[-60.54049,-32.67287],[-60.54026,-32.67313],[-60.54022,-32.67354],[-60.54018,-32.67412],[-60.54002,-32.67468],[-60.53892,-32.67614],[-60.53845,-32.67687],[-60.53707,-32.67793],[-60.5364,-32.67856],[-60.53541,-32.67936],[-60.5341,-32.68037],[-60.53171,-32.68212],[-60.53064,-32.68267],[-60.52992,-32.68319],[-60.52957,-32.6837],[-60.52958,-32.68412],[-60.52987,-32.68448],[-60.5305,-32.68464],[-60.53116,-32.68471],[-60.53177,-32.68518],[-60.53238,-32.68617],[-60.53303,-32.68719],[-60.53407,-32.68868],[-60.53485,-32.68998],[-60.53504,-32.6907],[-60.53469,-32.69141],[-60.534,-32.69176],[-60.53293,-32.69164],[-60.53207,-32.69127],[-60.53127,-32.69046],[-60.53001,-32.68988],[-60.52858,-32.68946],[-60.52784,-32.68951]]}},{"type":"Feature","properties":{"name":"Arroyo La Primera","layer":"Rios y Arroyos"},"geometry":{"type":"LineString","coordinates":[[-60.69249,-32.71385],[-60.69105,-32.71412],[-60.68999,-32.71457],[-60.68934,-32.7152],[-60.68882,-32.71588],[-60.68838,-32.71656],[-60.68762,-32.71831],[-60.68662,-32.71953],[-60.68572,-32.7199],[-60.68474,-32.71936],[-60.68411,-32.71818],[-60.68392,-32.7176],[-60.68234,-32.71626],[-60.68105,-32.7155],[-60.67919,-32.71428],[-60.67675,-32.71244],[-60.67394,-32.71019],[-60.67257,-32.70934],[-60.67167,-32.70876],[-60.66976,-32.7062],[-60.66903,-32.70501],[-60.66869,-32.70411],[-60.66825,-32.70298],[-60.66783,-32.70254],[-60.66755,-32.70247]]}},{"type":"Feature","properties":{"name":"Arroyo El Salto","layer":"Rios y Arroyos"},"geometry":{"type":"LineString","coordinates":[[-60.67178,-32.70962],[-60.67166,-32.71005],[-60.67159,-32.7106],[-60.67124,-32.71099],[-60.67059,-32.71148],[-60.66983,-32.71189],[-60.66885,-32.71241],[-60.66802,-32.71275],[-60.66768,-32.71271],[-60.66739,-32.71226],[-60.66715,-32.71176],[-60.66663,-32.71138],[-60.66591,-32.71114],[-60.66507,-32.71084],[-60.66439,-32.7108],[-60.6639,-32.7109],[-60.66298,-32.71126],[-60.66211,-32.71141],[-60.66115,-32.7114],[-60.66054,-32.71149],[-60.66021,-32.71165],[-60.66004,-32.71187],[-60.66007,-32.71218],[-60.66041,-32.71256],[-60.66114,-32.71316],[-60.66154,-32.71358],[-60.66188,-32.71384],[-60.66242,-32.71401],[-60.66277,-32.71407],[-60.66299,-32.71418],[-60.6632,-32.71475],[-60.66339,-32.71538],[-60.66397,-32.71694],[-60.6641,-32.7174],[-60.66405,-32.71856],[-60.66409,-32.71966],[-60.66411,-32.72014],[-60.66398,-32.72079],[-60.66394,-32.72121],[-60.66408,-32.72169],[-60.66433,-32.72189],[-60.66478,-32.72205],[-60.66511,-32.72215],[-60.66551,-32.72234],[-60.66579,-32.72266],[-60.66601,-32.72301],[-60.66606,-32.72323],[-60.66585,-32.72367],[-60.66547,-32.7241],[-60.66504,-32.72441],[-60.66458,-32.72467],[-60.6641,-32.72504],[-60.66375,-32.72516],[-60.66339,-32.72513],[-60.66307,-32.72493],[-60.66257,-32.72461],[-60.66212,-32.72437],[-60.66181,-32.72432],[-60.66141,-32.7244],[-60.66107,-32.72456],[-60.66057,-32.72482],[-60.66034,-32.7251],[-60.66024,-32.72538],[-60.66027,-32.72571],[-60.66036,-32.72609],[-60.6606,-32.72665],[-60.66091,-32.72716],[-60.66115,-32.72759],[-60.66133,-32.72803],[-60.6616,-32.72844],[-60.66181,-32.72881],[-60.66184,-32.72916],[-60.66175,-32.7295],[-60.66157,-32.72979],[-60.66116,-32.72993],[-60.66053,-32.73013],[-60.65989,-32.73043],[-60.65952,-32.73065],[-60.65924,-32.73089],[-60.65918,-32.73113],[-60.65915,-32.73135],[-60.65919,-32.73179],[-60.65923,-32.73219],[-60.65929,-32.7326],[-60.65933,-32.73314],[-60.65935,-32.73366],[-60.65932,-32.73416],[-60.65924,-32.73456],[-60.65906,-32.73532],[-60.65898,-32.7358],[-60.65894,-32.73628],[-60.65893,-32.73674],[-60.65895,-32.73742],[-60.65898,-32.73791],[-60.65902,-32.7386],[-60.65905,-32.73896],[-60.65911,-32.73949],[-60.65926,-32.73995],[-60.65945,-32.74049],[-60.6596,-32.74086],[-60.65973,-32.74103],[-60.65992,-32.7412],[-60.66016,-32.74146],[-60.66048,-32.74187],[-60.66076,-32.7423],[-60.66101,-32.74282],[-60.66114,-32.74318],[-60.66122,-32.7435],[-60.66127,-32.74389],[-60.66125,-32.7443],[-60.66122,-32.74474],[-60.66117,-32.74499],[-60.66102,-32.74521],[-60.66077,-32.74539],[-60.66043,-32.74552],[-60.66005,-32.74564],[-60.65978,-32.74581],[-60.6593,-32.74618],[-60.65889,-32.74663],[-60.65856,-32.74704],[-60.65839,-32.74728],[-60.65809,-32.74759],[-60.65778,-32.74778],[-60.65711,-32.74815],[-60.65654,-32.74839],[-60.656,-32.74856],[-60.65525,-32.7488],[-60.65467,-32.74904],[-60.6542,-32.74932],[-60.65395,-32.74954],[-60.65388,-32.74971],[-60.65391,-32.74986],[-60.65398,-32.74999],[-60.65411,-32.75004],[-60.65432,-32.75013],[-60.65483,-32.75037],[-60.65498,-32.7505],[-60.65539,-32.75087],[-60.65577,-32.75123],[-60.6559,-32.75149],[-60.65594,-32.75171],[-60.65597,-32.75207],[-60.65595,-32.75253],[-60.65588,-32.7528],[-60.65568,-32.75301],[-60.6554,-32.75309],[-60.65495,-32.75316],[-60.65462,-32.75325],[-60.65425,-32.7534],[-60.65376,-32.75361],[-60.65326,-32.75389],[-60.65276,-32.75417],[-60.65189,-32.75458],[-60.65121,-32.75493],[-60.65004,-32.75544],[-60.64938,-32.7557],[-60.64857,-32.75588],[-60.6477,-32.75597],[-60.64659,-32.75613],[-60.64533,-32.75635],[-60.64444,-32.75642],[-60.64355,-32.75655],[-60.64315,-32.75657],[-60.64062,-32.75641],[-60.63923,-32.75648],[-60.63889,-32.75652],[-60.63872,-32.75662],[-60.63864,-32.7568],[-60.63862,-32.75719],[-60.63863,-32.75766],[-60.63861,-32.75814],[-60.6387,-32.75829],[-60.63892,-32.75839],[-60.63932,-32.75846],[-60.63996,-32.75856],[-60.64037,-32.75868],[-60.64083,-32.75885],[-60.64117,-32.75898],[-60.64153,-32.75907],[-60.64187,-32.75911],[-60.64262,-32.75916],[-60.64303,-32.75921],[-60.64335,-32.7593],[-60.6435,-32.75945],[-60.64358,-32.75966],[-60.64355,-32.75989],[-60.64347,-32.76012],[-60.6433,-32.76032],[-60.64309,-32.76052],[-60.64283,-32.76063],[-60.64254,-32.76066],[-60.64221,-32.76067],[-60.64185,-32.76077],[-60.64162,-32.76091],[-60.64153,-32.76112],[-60.64161,-32.76132],[-60.6418,-32.76143],[-60.64248,-32.76164],[-60.64331,-32.76192],[-60.64383,-32.76208],[-60.64417,-32.76218],[-60.64486,-32.76236],[-60.64541,-32.76251],[-60.64565,-32.76266],[-60.6458,-32.76283],[-60.64583,-32.763],[-60.64577,-32.76318],[-60.64564,-32.76344],[-60.64543,-32.76362],[-60.64522,-32.76375],[-60.64482,-32.76391],[-60.64431,-32.76419],[-60.64383,-32.76445],[-60.64353,-32.76452],[-60.64328,-32.76447],[-60.64282,-32.7642],[-60.64242,-32.76404],[-60.6418,-32.76387],[-60.64113,-32.76379],[-60.64067,-32.76374],[-60.63983,-32.76363],[-60.63878,-32.76342],[-60.63742,-32.76317],[-60.63638,-32.76284],[-60.6355,-32.76247],[-60.63426,-32.762],[-60.63288,-32.76146],[-60.63154,-32.76097],[-60.62978,-32.76041],[-60.62941,-32.76027],[-60.62902,-32.76018],[-60.62812,-32.76008],[-60.62725,-32.75997],[-60.62674,-32.75986],[-60.62609,-32.75964],[-60.6246,-32.75901],[-60.62341,-32.75849],[-60.62236,-32.7581],[-60.62125,-32.75773],[-60.6196,-32.75721],[-60.61835,-32.75686],[-60.61682,-32.75656],[-60.61587,-32.75641],[-60.61555,-32.75644],[-60.6153,-32.75652],[-60.61499,-32.75666],[-60.61446,-32.75702],[-60.61418,-32.75713],[-60.61372,-32.75718],[-60.61293,-32.75734],[-60.61212,-32.75762],[-60.61111,-32.75784],[-60.60981,-32.75812],[-60.60826,-32.75845],[-60.60684,-32.75877],[-60.60548,-32.75892],[-60.60426,-32.75888],[-60.60296,-32.75865],[-60.60164,-32.75854],[-60.60107,-32.75843],[-60.59993,-32.75803],[-60.59844,-32.75741],[-60.59683,-32.75676],[-60.59528,-32.75612],[-60.59368,-32.75537],[-60.59262,-32.75483],[-60.59232,-32.75469],[-60.59201,-32.7546],[-60.59177,-32.75452],[-60.5912,-32.7545],[-60.59021,-32.75458],[-60.58984,-32.75466],[-60.5896,-32.7548],[-60.58946,-32.75498],[-60.58938,-32.75519],[-60.58925,-32.75537],[-60.58899,-32.75552],[-60.58854,-32.75571],[-60.58836,-32.75584],[-60.58824,-32.75598],[-60.58811,-32.75623],[-60.58804,-32.75651],[-60.58797,-32.75674],[-60.58786,-32.75694],[-60.58772,-32.75709],[-60.58752,-32.75729],[-60.58687,-32.75776],[-60.58601,-32.75814],[-60.5849,-32.75859],[-60.58414,-32.759],[-60.5833,-32.75954],[-60.58249,-32.76017],[-60.5816,-32.76102],[-60.58078,-32.7619],[-60.58051,-32.76243],[-60.58048,-32.76269],[-60.58046,-32.76296],[-60.58049,-32.76337],[-60.5805,-32.76374],[-60.58045,-32.76409],[-60.58038,-32.76433],[-60.58032,-32.76461],[-60.58022,-32.76495],[-60.58007,-32.76541],[-60.57979,-32.76597],[-60.57965,-32.76629],[-60.57958,-32.76659],[-60.57951,-32.76688],[-60.57943,-32.76717],[-60.57927,-32.76775],[-60.57903,-32.76837],[-60.57868,-32.76934],[-60.5785,-32.76986],[-60.57848,-32.77029],[-60.57835,-32.77115],[-60.57815,-32.7719],[-60.5779,-32.77281],[-60.57775,-32.77348],[-60.57758,-32.77436],[-60.57752,-32.77494],[-60.57743,-32.77536],[-60.57738,-32.77593],[-60.57737,-32.77642],[-60.57734,-32.77683],[-60.57729,-32.77727],[-60.57728,-32.77772],[-60.57724,-32.77826],[-60.57731,-32.77862],[-60.57741,-32.77913],[-60.57745,-32.77959],[-60.57749,-32.77997],[-60.57748,-32.78049],[-60.5775,-32.78142],[-60.57755,-32.782],[-60.57754,-32.78259],[-60.57756,-32.78333],[-60.57753,-32.78435],[-60.57756,-32.78519],[-60.5776,-32.78579],[-60.57765,-32.78661],[-60.57773,-32.78749],[-60.57796,-32.78946],[-60.57816,-32.79049],[-60.57828,-32.79165],[-60.57839,-32.79201],[-60.5786,-32.79312],[-60.57872,-32.79387],[-60.5789,-32.79465],[-60.57894,-32.79539],[-60.57895,-32.79626],[-60.57897,-32.79663],[-60.57902,-32.79691],[-60.57918,-32.79724],[-60.5794,-32.79768],[-60.57958,-32.79803],[-60.57968,-32.79848],[-60.57957,-32.79893],[-60.5794,-32.79937],[-60.57914,-32.79973],[-60.57888,-32.80006],[-60.57855,-32.80044],[-60.57802,-32.80088],[-60.57747,-32.80114],[-60.57708,-32.80125],[-60.57668,-32.80121],[-60.57624,-32.8011],[-60.57589,-32.80089],[-60.57518,-32.80028],[-60.57462,-32.79973],[-60.57417,-32.79924],[-60.57349,-32.79881],[-60.57274,-32.79845],[-60.57143,-32.79788],[-60.57096,-32.79757],[-60.5704,-32.79709],[-60.57011,-32.79684],[-60.56915,-32.79635],[-60.56841,-32.79612],[-60.56735,-32.79572],[-60.56623,-32.79528],[-60.5657,-32.79509],[-60.56445,-32.79412],[-60.56378,-32.79358],[-60.5632,-32.79328],[-60.56205,-32.79277],[-60.56034,-32.79189],[-60.55898,-32.79115],[-60.55696,-32.79],[-60.55592,-32.7895],[-60.55461,-32.78888],[-60.55312,-32.78801],[-60.55245,-32.78755],[-60.55196,-32.78702],[-60.55172,-32.78668],[-60.55159,-32.78633],[-60.55151,-32.78596],[-60.55092,-32.78435],[-60.55035,-32.78308],[-60.54998,-32.7824],[-60.54957,-32.78196]]}},{"type":"Feature","properties":{"name":"Arroyo El Salto","layer":"Rios y Arroyos"},"geometry":{"type":"LineString","coordinates":[[-60.54957,-32.78196],[-60.54895,-32.78139],[-60.54841,-32.78086],[-60.54806,-32.78028],[-60.54753,-32.77972],[-60.54713,-32.77928],[-60.54683,-32.77878],[-60.54628,-32.77816],[-60.54585,-32.77793],[-60.54536,-32.77787],[-60.54465,-32.77792],[-60.54413,-32.77795],[-60.54346,-32.77793],[-60.54283,-32.77774],[-60.54189,-32.77739],[-60.54103,-32.77719],[-60.54001,-32.77696],[-60.53891,-32.77685],[-60.53829,-32.7769],[-60.53789,-32.77698],[-60.53738,-32.77726],[-60.53701,-32.77755],[-60.53658,-32.77794],[-60.53614,-32.77807],[-60.5356,-32.778],[-60.53491,-32.77786],[-60.53412,-32.77775],[-60.53322,-32.77781],[-60.53276,-32.77793],[-60.5322,-32.77817],[-60.53138,-32.77869],[-60.5304,-32.77916],[-60.52934,-32.77972],[-60.52838,-32.78028],[-60.52788,-32.78072],[-60.52771,-32.78121],[-60.52741,-32.78225],[-60.52743,-32.78282],[-60.5274,-32.7833],[-60.5273,-32.78394],[-60.52711,-32.78466],[-60.52684,-32.78509],[-60.52642,-32.78545],[-60.52582,-32.78585],[-60.5246,-32.78661],[-60.52363,-32.78711],[-60.52257,-32.78767],[-60.5215,-32.78856],[-60.52104,-32.78889],[-60.52066,-32.78908],[-60.52024,-32.78912],[-60.51989,-32.78906],[-60.51951,-32.78871],[-60.51919,-32.78841],[-60.51862,-32.78811],[-60.51814,-32.78798],[-60.51726,-32.78786],[-60.51553,-32.78742],[-60.5149,-32.78736],[-60.51472,-32.78746],[-60.51462,-32.78765],[-60.51466,-32.78785]]}},{"type":"Feature","properties":{"name":"Arroyo San Lorenzo","layer":"Rios y Arroyos"},"geometry":{"type":"LineString","coordinates":[[-60.66742,-32.70245],[-60.66711,-32.70266],[-60.66701,-32.70293],[-60.66706,-32.70344],[-60.66711,-32.7039],[-60.66705,-32.70429],[-60.66678,-32.70468],[-60.66634,-32.70505],[-60.66575,-32.7053],[-60.66502,-32.70543],[-60.66418,-32.70544],[-60.66328,-32.70536],[-60.66127,-32.70533],[-60.66034,-32.70535],[-60.65973,-32.70537],[-60.65933,-32.70546],[-60.65875,-32.70566],[-60.65828,-32.70597],[-60.65803,-32.70633],[-60.65791,-32.70667],[-60.65779,-32.70694],[-60.65754,-32.70723],[-60.65714,-32.70742],[-60.65678,-32.70764],[-60.65644,-32.70782],[-60.65635,-32.70801],[-60.65634,-32.7082],[-60.65647,-32.70843],[-60.65694,-32.70894],[-60.65714,-32.70928],[-60.65729,-32.7096],[-60.65733,-32.70983],[-60.65727,-32.71006],[-60.65708,-32.71058],[-60.657,-32.71096],[-60.65683,-32.71166],[-60.65656,-32.71267],[-60.65632,-32.71337],[-60.65599,-32.71391],[-60.65569,-32.71432],[-60.65544,-32.71475],[-60.65529,-32.71486],[-60.6551,-32.7148],[-60.65498,-32.71463],[-60.65487,-32.71432],[-60.65484,-32.71396],[-60.65477,-32.71354],[-60.65464,-32.71312],[-60.65448,-32.71261],[-60.6543,-32.71209],[-60.65415,-32.71178],[-60.65385,-32.71139],[-60.6535,-32.7111],[-60.65326,-32.71098],[-60.65309,-32.71094],[-60.65288,-32.71098],[-60.65235,-32.71111],[-60.65194,-32.71121],[-60.65179,-32.71124],[-60.65171,-32.71133],[-60.65164,-32.71144],[-60.65163,-32.71155],[-60.65166,-32.71163],[-60.65167,-32.71171],[-60.65158,-32.712],[-60.65143,-32.71225],[-60.65112,-32.7127],[-60.65086,-32.71293],[-60.65053,-32.71315],[-60.65009,-32.71329],[-60.64952,-32.71335],[-60.64876,-32.71339],[-60.64839,-32.71336],[-60.64798,-32.71332],[-60.64782,-32.71329],[-60.64751,-32.71313],[-60.64697,-32.7128],[-60.64615,-32.71229],[-60.64566,-32.71185],[-60.64523,-32.71162],[-60.64464,-32.71122],[-60.64438,-32.71101],[-60.64378,-32.71066],[-60.64318,-32.71018],[-60.64273,-32.70983],[-60.64197,-32.70934],[-60.64124,-32.7087],[-60.64062,-32.70814],[-60.64039,-32.70779],[-60.64005,-32.70717],[-60.63982,-32.7068],[-60.6394,-32.70624],[-60.63922,-32.70592],[-60.63901,-32.7055],[-60.63893,-32.70527],[-60.63889,-32.70505],[-60.63882,-32.70475],[-60.63877,-32.70435],[-60.63875,-32.70404],[-60.63865,-32.70349],[-60.63857,-32.70318],[-60.63858,-32.70299],[-60.63866,-32.70267],[-60.63872,-32.7023],[-60.63869,-32.70197],[-60.63857,-32.70162],[-60.63835,-32.70103],[-60.63816,-32.70058],[-60.63799,-32.70034],[-60.6377,-32.70023],[-60.63733,-32.70016],[-60.637,-32.70011],[-60.63676,-32.70018],[-60.63652,-32.70034],[-60.63633,-32.70058],[-60.63626,-32.70077],[-60.63623,-32.70101],[-60.63623,-32.70153],[-60.63627,-32.70183],[-60.63624,-32.70211],[-60.63617,-32.70236],[-60.63605,-32.70251],[-60.63589,-32.70265],[-60.63566,-32.70276],[-60.63529,-32.70288],[-60.6349,-32.70301],[-60.63432,-32.7032],[-60.63419,-32.70321],[-60.63355,-32.70334],[-60.63323,-32.70336],[-60.63298,-32.70347],[-60.63274,-32.70367],[-60.63258,-32.70375],[-60.63237,-32.70398],[-60.63218,-32.70416],[-60.63211,-32.70424],[-60.632,-32.70434],[-60.63193,-32.70439],[-60.6318,-32.70444],[-60.63172,-32.70448],[-60.63168,-32.70455],[-60.63167,-32.70463],[-60.63166,-32.70473],[-60.63168,-32.70484],[-60.63171,-32.70491],[-60.63174,-32.70504],[-60.63177,-32.70512],[-60.6318,-32.70523],[-60.63191,-32.70537],[-60.63203,-32.70551],[-60.63211,-32.70564],[-60.63221,-32.70575],[-60.63231,-32.70585],[-60.63242,-32.70597],[-60.63251,-32.70605],[-60.6326,-32.70617],[-60.63269,-32.7063],[-60.63276,-32.70641],[-60.63282,-32.7065],[-60.63287,-32.70661],[-60.63286,-32.70674],[-60.63279,-32.70683],[-60.63269,-32.7069],[-60.63246,-32.70705],[-60.63225,-32.70715],[-60.63213,-32.7072],[-60.63187,-32.70723],[-60.63167,-32.70722],[-60.63125,-32.7071],[-60.63095,-32.70701],[-60.63065,-32.70695],[-60.63046,-32.70683],[-60.63036,-32.70671],[-60.63027,-32.70658],[-60.6302,-32.70632],[-60.63017,-32.70609],[-60.63011,-32.70573],[-60.63006,-32.70541],[-60.63002,-32.70507],[-60.63,-32.70498],[-60.63001,-32.70469],[-60.62998,-32.70452],[-60.62991,-32.70432],[-60.62979,-32.70414],[-60.62967,-32.70399],[-60.62957,-32.70386],[-60.62945,-32.70376],[-60.62935,-32.70372],[-60.62919,-32.70371],[-60.62906,-32.70375],[-60.62893,-32.70379],[-60.62871,-32.7038],[-60.62852,-32.70376],[-60.62829,-32.70373],[-60.62812,-32.70371],[-60.62797,-32.70373],[-60.62791,-32.70382],[-60.62787,-32.70392],[-60.62783,-32.70409],[-60.62783,-32.70424],[-60.62783,-32.70443],[-60.62785,-32.70459],[-60.62785,-32.70473],[-60.62781,-32.70494],[-60.62776,-32.70514],[-60.6277,-32.70533],[-60.62766,-32.70551],[-60.62762,-32.70578],[-60.62759,-32.70593],[-60.62753,-32.70606],[-60.62747,-32.70622],[-60.62739,-32.70637],[-60.6273,-32.70651],[-60.62721,-32.70661],[-60.62704,-32.70666],[-60.62687,-32.70669],[-60.62664,-32.70667],[-60.62629,-32.70662],[-60.62595,-32.70654],[-60.62549,-32.70635],[-60.62507,-32.7062],[-60.62482,-32.70616],[-60.62467,-32.70616],[-60.62462,-32.70621],[-60.62458,-32.70627],[-60.62458,-32.70631],[-60.62459,-32.70636],[-60.62466,-32.7066],[-60.62473,-32.7067],[-60.62475,-32.70677],[-60.62481,-32.70687],[-60.62498,-32.70723],[-60.62513,-32.70758],[-60.62526,-32.70784],[-60.62544,-32.70818],[-60.62561,-32.70849],[-60.62578,-32.70875],[-60.62591,-32.70885],[-60.62614,-32.70902],[-60.62633,-32.70913],[-60.62645,-32.70917],[-60.62663,-32.70922],[-60.62682,-32.70932],[-60.62703,-32.70948],[-60.62712,-32.70959],[-60.62716,-32.70967],[-60.62712,-32.70977],[-60.62705,-32.70984],[-60.62695,-32.70991],[-60.62684,-32.70994],[-60.6267,-32.70996],[-60.62647,-32.70996],[-60.62621,-32.70993],[-60.6258,-32.7098],[-60.62541,-32.70959],[-60.62511,-32.70932],[-60.62499,-32.70921],[-60.62486,-32.70898],[-60.62476,-32.70872],[-60.62474,-32.70853],[-60.6247,-32.70828],[-60.62459,-32.70795],[-60.62452,-32.70775],[-60.62426,-32.70734],[-60.62401,-32.707],[-60.62372,-32.70674],[-60.62352,-32.70661],[-60.6229,-32.70647],[-60.62223,-32.70629],[-60.62174,-32.70621],[-60.62138,-32.7062],[-60.62101,-32.70623],[-60.62054,-32.70629],[-60.61982,-32.70646],[-60.6191,-32.70664],[-60.61865,-32.70679],[-60.61847,-32.70692],[-60.61838,-32.70709],[-60.61836,-32.70721],[-60.61836,-32.70733],[-60.61838,-32.70747],[-60.61845,-32.70774],[-60.61853,-32.70795],[-60.61855,-32.70817],[-60.61851,-32.70838],[-60.61837,-32.70854],[-60.6181,-32.70862],[-60.61783,-32.70866],[-60.6174,-32.7086],[-60.61708,-32.70852],[-60.61651,-32.7083],[-60.61596,-32.70793],[-60.6156,-32.70768],[-60.61527,-32.70735],[-60.61492,-32.70696],[-60.61467,-32.70681],[-60.61407,-32.70654],[-60.61369,-32.7064],[-60.61336,-32.70635],[-60.61319,-32.70636],[-60.61254,-32.70641],[-60.61233,-32.70646],[-60.61215,-32.70661],[-60.61207,-32.70678],[-60.61201,-32.70707],[-60.61198,-32.70739],[-60.61195,-32.70764],[-60.61197,-32.7081],[-60.61194,-32.70843],[-60.61186,-32.70873],[-60.61176,-32.70902],[-60.61162,-32.70922],[-60.61141,-32.70938],[-60.61117,-32.70949],[-60.61077,-32.7096],[-60.61039,-32.70969],[-60.60971,-32.70978],[-60.60913,-32.70984],[-60.60856,-32.70991],[-60.60797,-32.71003],[-60.6077,-32.71018],[-60.60748,-32.71031],[-60.60739,-32.71046],[-60.60742,-32.71059],[-60.60753,-32.71069],[-60.60766,-32.71076],[-60.60784,-32.71081],[-60.60803,-32.71083],[-60.60819,-32.71089],[-60.60832,-32.71101],[-60.60839,-32.71115],[-60.60844,-32.71128],[-60.60849,-32.71161],[-60.60853,-32.71185],[-60.60858,-32.71226],[-60.6086,-32.7125],[-60.60854,-32.71271],[-60.60843,-32.71289],[-60.60823,-32.71309],[-60.60806,-32.71325],[-60.60784,-32.71348],[-60.60764,-32.71369],[-60.60749,-32.7139],[-60.60736,-32.71418],[-60.6073,-32.71444],[-60.60728,-32.71466],[-60.60722,-32.71489],[-60.60712,-32.71512],[-60.60701,-32.71536],[-60.6069,-32.71547],[-60.60675,-32.71553],[-60.60617,-32.71567],[-60.60568,-32.71579],[-60.60552,-32.71581],[-60.60496,-32.71574],[-60.6044,-32.71566],[-60.60412,-32.71567],[-60.60346,-32.71577],[-60.60289,-32.71593],[-60.60222,-32.71609],[-60.60188,-32.71621],[-60.60169,-32.71629],[-60.60139,-32.7163],[-60.60116,-32.71621],[-60.60085,-32.71603],[-60.60048,-32.71595],[-60.60027,-32.71598],[-60.60005,-32.71607],[-60.59971,-32.71629],[-60.59925,-32.71661],[-60.59905,-32.71681],[-60.59898,-32.717],[-60.5989,-32.71725],[-60.59882,-32.71749],[-60.59877,-32.71778],[-60.5987,-32.71799],[-60.59858,-32.71817],[-60.59844,-32.71832],[-60.59819,-32.71852],[-60.59798,-32.7188],[-60.59789,-32.71907],[-60.59787,-32.71929],[-60.59789,-32.71951],[-60.59793,-32.71975],[-60.59802,-32.71998],[-60.59812,-32.72019],[-60.59822,-32.72041],[-60.59835,-32.72069],[-60.59849,-32.72094],[-60.59868,-32.72127],[-60.59888,-32.7216],[-60.59909,-32.72195],[-60.59924,-32.72217],[-60.59942,-32.72239],[-60.59959,-32.72262],[-60.59976,-32.72297],[-60.59978,-32.72316],[-60.59975,-32.72352],[-60.59964,-32.724],[-60.59948,-32.72441]]}},{"type":"Feature","properties":{"name":"Arroyo San Lorenzo","layer":"Rios y Arroyos"},"geometry":{"type":"LineString","coordinates":[[-60.59948,-32.72441],[-60.59929,-32.72476],[-60.59902,-32.72517],[-60.59882,-32.72558],[-60.59871,-32.72591],[-60.5985,-32.72651],[-60.5984,-32.72681],[-60.59823,-32.72707],[-60.59802,-32.72728],[-60.59761,-32.72752],[-60.59713,-32.72761],[-60.59661,-32.72763],[-60.59593,-32.72759],[-60.59501,-32.72757],[-60.59412,-32.72769],[-60.59366,-32.72783],[-60.59322,-32.72802],[-60.59265,-32.72831],[-60.59237,-32.72838],[-60.5917,-32.72839],[-60.59079,-32.72843],[-60.59005,-32.72862],[-60.58942,-32.72882],[-60.58873,-32.72911],[-60.58836,-32.7293],[-60.58738,-32.72974],[-60.58642,-32.73033],[-60.58543,-32.73099],[-60.58474,-32.73133],[-60.58409,-32.73164],[-60.58327,-32.73198],[-60.58206,-32.7324],[-60.58067,-32.73288],[-60.58012,-32.73304],[-60.57924,-32.7332],[-60.57838,-32.73329],[-60.57769,-32.73326],[-60.57715,-32.73321],[-60.57651,-32.73298],[-60.57621,-32.73267],[-60.57582,-32.73237],[-60.57539,-32.73213],[-60.57475,-32.73196],[-60.57395,-32.73191],[-60.57308,-32.73183],[-60.572,-32.73163],[-60.57139,-32.73147],[-60.5707,-32.73119],[-60.56965,-32.73075],[-60.56932,-32.73063],[-60.56849,-32.73046],[-60.56768,-32.7303],[-60.56672,-32.73009],[-60.56631,-32.73003],[-60.56596,-32.73009],[-60.56577,-32.73017],[-60.56567,-32.73027],[-60.56554,-32.73039],[-60.56515,-32.73054],[-60.56467,-32.73065],[-60.56399,-32.73062],[-60.56348,-32.73057],[-60.56275,-32.73049],[-60.56198,-32.73042],[-60.56075,-32.73033],[-60.55944,-32.73017],[-60.55855,-32.73006],[-60.55795,-32.73013],[-60.55715,-32.73015],[-60.55654,-32.73023],[-60.55578,-32.73045],[-60.55483,-32.73066],[-60.55377,-32.73098],[-60.55243,-32.73138],[-60.55161,-32.73157],[-60.55075,-32.73173],[-60.55005,-32.7319],[-60.54931,-32.73215],[-60.54854,-32.73248],[-60.54776,-32.73282],[-60.54743,-32.73292],[-60.54718,-32.73296],[-60.54686,-32.73315],[-60.54644,-32.73331],[-60.5458,-32.73358],[-60.54516,-32.73386],[-60.54445,-32.73427],[-60.54381,-32.73462],[-60.54331,-32.73484],[-60.54264,-32.73511],[-60.54175,-32.73541],[-60.54076,-32.73578],[-60.54009,-32.73606],[-60.53942,-32.73639],[-60.53885,-32.73675],[-60.53824,-32.7372],[-60.53781,-32.73758],[-60.5375,-32.73797],[-60.53728,-32.73831],[-60.53695,-32.73879],[-60.53654,-32.73931],[-60.53601,-32.73999],[-60.53563,-32.74057],[-60.53526,-32.74123],[-60.53487,-32.7419],[-60.53427,-32.74276],[-60.53388,-32.74336],[-60.53357,-32.74368],[-60.53321,-32.74401],[-60.53275,-32.74443],[-60.53227,-32.74482],[-60.53169,-32.74533],[-60.53104,-32.7458],[-60.53017,-32.74635],[-60.52924,-32.74692],[-60.52823,-32.74748],[-60.52754,-32.74789],[-60.52678,-32.74825],[-60.52611,-32.74863],[-60.52555,-32.74906],[-60.52498,-32.74958],[-60.52459,-32.75004],[-60.52405,-32.75067],[-60.52372,-32.75125],[-60.52341,-32.75179],[-60.52308,-32.75276],[-60.52282,-32.75346],[-60.52261,-32.7539],[-60.52223,-32.75449],[-60.52167,-32.75542],[-60.52126,-32.75626],[-60.52103,-32.75701],[-60.52095,-32.75766],[-60.52089,-32.75829],[-60.52085,-32.7589],[-60.52091,-32.75923],[-60.52107,-32.75986],[-60.5213,-32.76042],[-60.52146,-32.76071],[-60.52171,-32.76106],[-60.52194,-32.76145],[-60.52209,-32.76177],[-60.52221,-32.7621],[-60.52224,-32.76263],[-60.52225,-32.76311],[-60.52229,-32.76357],[-60.52237,-32.76387],[-60.52256,-32.76435],[-60.52274,-32.76466],[-60.52288,-32.76492],[-60.52307,-32.76527],[-60.52314,-32.76561],[-60.52311,-32.76599],[-60.52303,-32.76645],[-60.52299,-32.76692],[-60.52301,-32.76749],[-60.52307,-32.76813],[-60.52312,-32.76871],[-60.52308,-32.76925],[-60.52295,-32.76972],[-60.52275,-32.77024],[-60.52241,-32.77092],[-60.52207,-32.7715],[-60.52168,-32.77206],[-60.52124,-32.77264],[-60.52096,-32.77311],[-60.52073,-32.77358],[-60.52046,-32.77416],[-60.52005,-32.7747],[-60.51954,-32.77529],[-60.51891,-32.77596],[-60.5185,-32.77652],[-60.51821,-32.77717],[-60.51807,-32.77752],[-60.51799,-32.7779],[-60.518,-32.77829],[-60.51805,-32.77874],[-60.51809,-32.77928],[-60.518,-32.77967],[-60.51775,-32.78009],[-60.51734,-32.78051],[-60.51679,-32.78095],[-60.51615,-32.78149],[-60.51555,-32.78201],[-60.51524,-32.7823],[-60.51492,-32.78274],[-60.5142,-32.78364],[-60.51358,-32.78452],[-60.51328,-32.785],[-60.51313,-32.78546],[-60.51302,-32.78592],[-60.51303,-32.78624],[-60.51311,-32.78656],[-60.51319,-32.78674],[-60.51341,-32.78711],[-60.51367,-32.78739],[-60.5139,-32.78757],[-60.51413,-32.78768],[-60.51439,-32.78784],[-60.51465,-32.7881],[-60.51495,-32.7884],[-60.51527,-32.78876],[-60.51548,-32.78906],[-60.51554,-32.7894],[-60.51544,-32.78978],[-60.5152,-32.79009],[-60.51481,-32.79055],[-60.51445,-32.79097],[-60.51425,-32.79141],[-60.51417,-32.79169],[-60.51414,-32.79202],[-60.51419,-32.79242],[-60.51429,-32.79308],[-60.51428,-32.79363],[-60.51422,-32.79429],[-60.51396,-32.79497],[-60.51365,-32.79542],[-60.51298,-32.79609],[-60.51234,-32.79655],[-60.51167,-32.7969],[-60.51068,-32.79738],[-60.50952,-32.79807],[-60.50814,-32.7991],[-60.50756,-32.79949],[-60.50713,-32.79962],[-60.50686,-32.79955],[-60.50664,-32.79942],[-60.50648,-32.79884],[-60.50621,-32.79801],[-60.50596,-32.79736],[-60.50557,-32.79681],[-60.50507,-32.79641],[-60.50449,-32.79622],[-60.50397,-32.79633],[-60.50335,-32.7966],[-60.50279,-32.79691],[-60.50225,-32.79732],[-60.50179,-32.79792],[-60.5016,-32.79843],[-60.50149,-32.79915],[-60.50112,-32.80018],[-60.50033,-32.80073],[-60.49934,-32.80097],[-60.49845,-32.80115],[-60.49783,-32.80139],[-60.4966,-32.80185],[-60.4956,-32.80229],[-60.49469,-32.80281],[-60.49388,-32.80336],[-60.49357,-32.80365],[-60.49339,-32.80399],[-60.49338,-32.80435],[-60.49354,-32.80459],[-60.49382,-32.80489],[-60.49418,-32.80515],[-60.49448,-32.80532],[-60.49466,-32.80557],[-60.49466,-32.80579],[-60.49459,-32.80603],[-60.49448,-32.80627],[-60.49428,-32.80647],[-60.49364,-32.80687],[-60.49235,-32.80751],[-60.49138,-32.80814],[-60.49012,-32.80897],[-60.48934,-32.80936],[-60.48873,-32.80956],[-60.48658,-32.81009],[-60.48545,-32.81039],[-60.48457,-32.8107],[-60.48302,-32.81103],[-60.48134,-32.81145],[-60.48036,-32.8118],[-60.47972,-32.81216],[-60.47948,-32.81249],[-60.47931,-32.81288],[-60.47934,-32.81313],[-60.4794,-32.81365],[-60.47947,-32.81406],[-60.47946,-32.81443],[-60.47929,-32.81486],[-60.47896,-32.81519],[-60.4781,-32.81569],[-60.47751,-32.81611],[-60.47689,-32.81664],[-60.47623,-32.8172],[-60.47544,-32.81792],[-60.47496,-32.81849],[-60.47448,-32.8191],[-60.47414,-32.81963],[-60.47376,-32.82017],[-60.47337,-32.82066],[-60.47313,-32.82117],[-60.47308,-32.82151],[-60.47309,-32.82178],[-60.47317,-32.822],[-60.47329,-32.82216],[-60.47348,-32.82233],[-60.47379,-32.82256],[-60.4742,-32.82286],[-60.47456,-32.82315],[-60.47494,-32.82353],[-60.47529,-32.82406],[-60.47553,-32.82457],[-60.47576,-32.82554],[-60.47594,-32.82706],[-60.47599,-32.82764],[-60.47595,-32.82863],[-60.47589,-32.82967],[-60.47583,-32.83037],[-60.47565,-32.83097],[-60.47535,-32.83136],[-60.47487,-32.83177],[-60.47454,-32.83213],[-60.47423,-32.83263],[-60.47388,-32.83336],[-60.47338,-32.8344],[-60.47275,-32.83542],[-60.47233,-32.83581],[-60.47175,-32.8362],[-60.4709,-32.83655],[-60.46984,-32.83681],[-60.4687,-32.83715],[-60.46796,-32.83733],[-60.46724,-32.83752],[-60.46673,-32.83775],[-60.46626,-32.838],[-60.46582,-32.83832],[-60.4652,-32.83885],[-60.4645,-32.83945],[-60.46352,-32.84044],[-60.4624,-32.84141],[-60.46122,-32.84244],[-60.46013,-32.84355],[-60.45897,-32.84491],[-60.4582,-32.8458],[-60.45783,-32.84621],[-60.4572,-32.84667],[-60.45645,-32.8471],[-60.45552,-32.84747],[-60.45472,-32.84771],[-60.45366,-32.84787],[-60.45236,-32.84793],[-60.451,-32.84796],[-60.45001,-32.84809],[-60.44943,-32.8483],[-60.44908,-32.8485],[-60.44888,-32.84875],[-60.44852,-32.84913],[-60.4481,-32.8495],[-60.44753,-32.8499],[-60.44701,-32.85015],[-60.4463,-32.8504],[-60.44555,-32.85039],[-60.44407,-32.85006],[-60.44283,-32.8498],[-60.44219,-32.84951],[-60.44193,-32.8493],[-60.44181,-32.84888],[-60.44189,-32.84849],[-60.44212,-32.84802],[-60.4424,-32.84758],[-60.44251,-32.84714],[-60.44241,-32.84673],[-60.44212,-32.8462],[-60.44167,-32.84578],[-60.44063,-32.84534],[-60.43981,-32.84496],[-60.43917,-32.84454],[-60.43868,-32.84401],[-60.43815,-32.8433],[-60.43774,-32.84262],[-60.43765,-32.8421],[-60.43776,-32.84163],[-60.43808,-32.84108],[-60.43853,-32.84054],[-60.43894,-32.83999],[-60.43904,-32.83955],[-60.43897,-32.83902],[-60.43865,-32.83863],[-60.43814,-32.83844],[-60.4375,-32.83833],[-60.43609,-32.83813],[-60.43438,-32.83834],[-60.43285,-32.83847],[-60.43224,-32.83867],[-60.4319,-32.83893],[-60.43169,-32.83926],[-60.43157,-32.83967],[-60.43157,-32.84021],[-60.43156,-32.84055],[-60.43142,-32.84092],[-60.43111,-32.84124],[-60.4306,-32.84159],[-60.43001,-32.84179],[-60.42919,-32.84187],[-60.42865,-32.84178],[-60.42815,-32.8415],[-60.42751,-32.84122],[-60.42563,-32.84061]]}},{"type":"Feature","properties":{"name":"Arroyo San Lorenzo","layer":"Rios y Arroyos"},"geometry":{"type":"LineString","coordinates":[[-60.42563,-32.84061],[-60.4245,-32.84029],[-60.42207,-32.83939],[-60.42124,-32.83911],[-60.42052,-32.83908],[-60.41996,-32.83918],[-60.4193,-32.83948],[-60.41807,-32.83992],[-60.41649,-32.84036],[-60.4155,-32.84045],[-60.41416,-32.8404],[-60.413,-32.84044],[-60.41162,-32.84046],[-60.41029,-32.84036],[-60.40909,-32.8402],[-60.40791,-32.84023],[-60.40674,-32.84031],[-60.40598,-32.84036],[-60.40521,-32.8405],[-60.40487,-32.84082],[-60.40465,-32.84124],[-60.40448,-32.84169],[-60.40427,-32.84237],[-60.40389,-32.84302],[-60.4036,-32.84362],[-60.40353,-32.84408],[-60.40351,-32.84457],[-60.4036,-32.84512],[-60.40365,-32.84558],[-60.40353,-32.84611],[-60.40323,-32.84675],[-60.4029,-32.84738],[-60.40241,-32.84795],[-60.40191,-32.84846],[-60.40163,-32.84885],[-60.40164,-32.84911],[-60.40171,-32.84932],[-60.40193,-32.84949],[-60.40233,-32.84963],[-60.40296,-32.84966],[-60.40326,-32.8498],[-60.40341,-32.85005],[-60.40328,-32.85032],[-60.40307,-32.85047],[-60.40261,-32.85057],[-60.40216,-32.85059],[-60.40163,-32.85067],[-60.40113,-32.85094],[-60.40058,-32.85125],[-60.40006,-32.85168],[-60.39943,-32.85245],[-60.39884,-32.85315],[-60.39808,-32.85381],[-60.39726,-32.85456],[-60.39669,-32.85521],[-60.39623,-32.85577],[-60.39572,-32.85625],[-60.39505,-32.8568],[-60.39435,-32.85735],[-60.39358,-32.85796],[-60.39305,-32.85855],[-60.39275,-32.85914],[-60.3927,-32.85959],[-60.39276,-32.85993],[-60.39281,-32.86023],[-60.39277,-32.86057],[-60.39269,-32.86098],[-60.39248,-32.86141],[-60.3916,-32.86248],[-60.39102,-32.86311],[-60.3903,-32.86366],[-60.38953,-32.86402],[-60.38883,-32.86426],[-60.38834,-32.86453],[-60.38779,-32.86489],[-60.38696,-32.86536],[-60.38598,-32.86576],[-60.38481,-32.86627],[-60.38323,-32.8668],[-60.38079,-32.8676],[-60.37954,-32.868],[-60.3785,-32.86804],[-60.37728,-32.86808],[-60.37596,-32.86816],[-60.37474,-32.86809],[-60.37374,-32.86809],[-60.37261,-32.86819],[-60.37179,-32.86832],[-60.37146,-32.8686],[-60.37136,-32.86893],[-60.37145,-32.86939],[-60.37159,-32.86976],[-60.37168,-32.87014],[-60.37168,-32.87046],[-60.37149,-32.87087],[-60.37127,-32.87144],[-60.37119,-32.8718],[-60.37129,-32.87212],[-60.37155,-32.87245],[-60.37181,-32.87275],[-60.3719,-32.87313],[-60.37178,-32.87346],[-60.37144,-32.87364],[-60.37114,-32.87369],[-60.37065,-32.87369],[-60.37012,-32.87368],[-60.36972,-32.87378],[-60.36914,-32.87405],[-60.36828,-32.87457],[-60.36726,-32.87521],[-60.36653,-32.87586],[-60.36622,-32.87611],[-60.36475,-32.87699],[-60.36414,-32.87738],[-60.36287,-32.87799],[-60.36225,-32.87828],[-60.36126,-32.87868],[-60.35994,-32.87904],[-60.35924,-32.87932],[-60.35875,-32.87963],[-60.35839,-32.88],[-60.35819,-32.88025],[-60.35821,-32.8807],[-60.35819,-32.88117],[-60.35813,-32.88156],[-60.35794,-32.88188],[-60.3575,-32.88241],[-60.35674,-32.88319],[-60.35598,-32.8839],[-60.35522,-32.88471],[-60.35448,-32.88551],[-60.35391,-32.88606],[-60.35302,-32.88666],[-60.35211,-32.88726],[-60.3513,-32.88797],[-60.35068,-32.88864],[-60.3504,-32.88914],[-60.35022,-32.88967],[-60.35027,-32.88998],[-60.35045,-32.89025],[-60.35082,-32.89052],[-60.35127,-32.8907],[-60.35181,-32.8909],[-60.35227,-32.89091],[-60.35281,-32.89098],[-60.35312,-32.89107],[-60.35337,-32.89135],[-60.35347,-32.89164],[-60.35335,-32.89186],[-60.35306,-32.89207],[-60.35269,-32.89218],[-60.35228,-32.89214],[-60.35175,-32.89207],[-60.35082,-32.89208],[-60.35018,-32.89216],[-60.34925,-32.89232],[-60.34848,-32.89246],[-60.34751,-32.89273],[-60.34702,-32.89298],[-60.34655,-32.89333],[-60.34615,-32.89362],[-60.34582,-32.89379],[-60.34532,-32.89393],[-60.34479,-32.89395],[-60.34446,-32.89395],[-60.34383,-32.89386],[-60.34331,-32.89367],[-60.34228,-32.89326],[-60.34078,-32.8926],[-60.33925,-32.89189],[-60.33808,-32.8912],[-60.33687,-32.89014],[-60.33533,-32.8886],[-60.33488,-32.88801],[-60.33449,-32.88751],[-60.33201,-32.88506],[-60.3314,-32.88442],[-60.33112,-32.88419],[-60.33066,-32.88405],[-60.3304,-32.88404],[-60.33023,-32.88417],[-60.33015,-32.88437],[-60.33,-32.88469],[-60.32982,-32.88497],[-60.32944,-32.88539],[-60.329,-32.88584],[-60.32854,-32.88618],[-60.32815,-32.88636],[-60.32772,-32.88642],[-60.32722,-32.88634],[-60.32655,-32.88613],[-60.32585,-32.886],[-60.32424,-32.88601],[-60.32342,-32.88609],[-60.32173,-32.88625],[-60.31959,-32.88642],[-60.3188,-32.88655],[-60.31725,-32.88694],[-60.31585,-32.8874],[-60.31356,-32.88821],[-60.31287,-32.8884],[-60.31117,-32.88858],[-60.3106,-32.88882],[-60.31005,-32.88919],[-60.3092,-32.88979],[-60.3086,-32.89002],[-60.30804,-32.89017],[-60.30713,-32.89036],[-60.3066,-32.89045],[-60.30611,-32.8906],[-60.30584,-32.89075],[-60.30564,-32.89093],[-60.30549,-32.89128],[-60.30544,-32.89165],[-60.30551,-32.89197],[-60.30562,-32.89225],[-60.30569,-32.89264],[-60.3057,-32.89297],[-60.30554,-32.89333],[-60.30535,-32.89353],[-60.30501,-32.89364],[-60.30458,-32.8936],[-60.30418,-32.89341],[-60.30333,-32.89301],[-60.30194,-32.89252],[-60.30052,-32.89241],[-60.29942,-32.89247],[-60.29778,-32.89232],[-60.29722,-32.89239],[-60.29683,-32.8925],[-60.29644,-32.8927],[-60.29588,-32.89298],[-60.29487,-32.89346],[-60.29433,-32.89365],[-60.29382,-32.8937],[-60.29334,-32.89363],[-60.2931,-32.8935],[-60.29284,-32.89322],[-60.29266,-32.89284],[-60.29247,-32.8925],[-60.29212,-32.89221],[-60.29177,-32.89211],[-60.2915,-32.89221],[-60.2912,-32.89245],[-60.29069,-32.89292],[-60.29004,-32.8936],[-60.28956,-32.89391],[-60.28901,-32.89401],[-60.28865,-32.89391],[-60.2884,-32.89365],[-60.28824,-32.89327],[-60.28823,-32.89285],[-60.28837,-32.89225],[-60.2889,-32.89093],[-60.28924,-32.89019],[-60.28945,-32.88963],[-60.28987,-32.88882],[-60.2902,-32.88818],[-60.29049,-32.88752],[-60.29113,-32.88606],[-60.29194,-32.88418],[-60.29207,-32.88369],[-60.29205,-32.88339],[-60.29192,-32.88312],[-60.29165,-32.88293],[-60.2908,-32.88268],[-60.28951,-32.88221],[-60.28792,-32.88155],[-60.2862,-32.88101],[-60.28486,-32.88081],[-60.28427,-32.88079],[-60.28372,-32.88083],[-60.28319,-32.88095],[-60.28279,-32.88117],[-60.28259,-32.88133],[-60.28234,-32.88147],[-60.28189,-32.88156],[-60.28135,-32.88161],[-60.28043,-32.8814],[-60.2798,-32.88113],[-60.27853,-32.88023],[-60.27687,-32.87911],[-60.27449,-32.87729],[-60.27369,-32.87686],[-60.2729,-32.87664],[-60.27115,-32.87655],[-60.27007,-32.87656],[-60.26919,-32.87671],[-60.26856,-32.87691],[-60.26815,-32.8772],[-60.2679,-32.87754],[-60.26772,-32.87791],[-60.26759,-32.87837],[-60.26738,-32.87875],[-60.267,-32.87917],[-60.26597,-32.88002],[-60.2642,-32.88162],[-60.26242,-32.88348],[-60.26202,-32.88405],[-60.26172,-32.88468],[-60.26155,-32.88526],[-60.26143,-32.88578],[-60.26126,-32.88635],[-60.26101,-32.88674],[-60.26044,-32.88719],[-60.25983,-32.88768],[-60.25955,-32.88809],[-60.25946,-32.88852],[-60.25948,-32.8894],[-60.25958,-32.89024],[-60.25977,-32.89088],[-60.26004,-32.8915],[-60.26029,-32.89209],[-60.26036,-32.89248],[-60.26029,-32.89288],[-60.26008,-32.89327],[-60.25972,-32.89353],[-60.25908,-32.89383],[-60.25808,-32.8942],[-60.25694,-32.89455],[-60.25597,-32.89468],[-60.25462,-32.89492],[-60.25353,-32.89524],[-60.25282,-32.89563],[-60.25234,-32.89611],[-60.25191,-32.89676],[-60.25164,-32.8976],[-60.25147,-32.89853],[-60.25149,-32.89911],[-60.25164,-32.89963],[-60.25188,-32.89999],[-60.25213,-32.90029],[-60.25248,-32.90081],[-60.25263,-32.90121],[-60.2527,-32.90175],[-60.25267,-32.9022],[-60.25249,-32.90324],[-60.25228,-32.90413],[-60.25222,-32.90499],[-60.25219,-32.90556],[-60.25195,-32.90628],[-60.25171,-32.90679],[-60.25125,-32.90739],[-60.25077,-32.90799],[-60.2502,-32.90849],[-60.24968,-32.90892],[-60.24923,-32.90939],[-60.24876,-32.90984],[-60.24847,-32.91005],[-60.24784,-32.91029],[-60.24706,-32.91048],[-60.24655,-32.91052],[-60.24604,-32.9104],[-60.24503,-32.90998],[-60.24434,-32.90945],[-60.24402,-32.90904],[-60.24389,-32.90868],[-60.24378,-32.90833],[-60.24347,-32.90788],[-60.24305,-32.90738],[-60.24278,-32.90706],[-60.24232,-32.90669],[-60.24182,-32.90643],[-60.24114,-32.90616],[-60.23955,-32.90563],[-60.23727,-32.90495],[-60.23624,-32.90445],[-60.23431,-32.90342],[-60.23357,-32.90312],[-60.23185,-32.90201],[-60.22978,-32.90104],[-60.22839,-32.90049],[-60.2276,-32.90032],[-60.22675,-32.90022],[-60.22422,-32.90037],[-60.22214,-32.90066],[-60.22052,-32.90064],[-60.21805,-32.90026],[-60.21613,-32.90037],[-60.21531,-32.90051],[-60.21362,-32.90099],[-60.21216,-32.90154],[-60.21151,-32.90196],[-60.21096,-32.90241],[-60.21017,-32.90321],[-60.20942,-32.90403],[-60.20852,-32.90523],[-60.20791,-32.90603],[-60.20749,-32.90672],[-60.20723,-32.9075],[-60.20708,-32.90836],[-60.20705,-32.90895],[-60.20715,-32.90951],[-60.20732,-32.91001],[-60.2075,-32.91056],[-60.20758,-32.91115],[-60.2076,-32.91202],[-60.20745,-32.91251],[-60.20709,-32.91304],[-60.20661,-32.91343]]}},{"type":"Feature","properties":{"name":"Arroyo San Lorenzo","layer":"Rios y Arroyos"},"geometry":{"type":"LineString","coordinates":[[-60.20661,-32.91343],[-60.20597,-32.91403],[-60.20537,-32.91465],[-60.20472,-32.91507],[-60.20388,-32.91545],[-60.2029,-32.91583],[-60.2015,-32.9163],[-60.20046,-32.91649],[-60.19954,-32.91651],[-60.19843,-32.91625],[-60.19762,-32.91572],[-60.19688,-32.91507],[-60.19577,-32.91383],[-60.19457,-32.91299],[-60.19381,-32.9126],[-60.19322,-32.9121],[-60.19261,-32.91145],[-60.19208,-32.91072],[-60.19095,-32.90935],[-60.18974,-32.90796],[-60.18878,-32.90682],[-60.18774,-32.90554],[-60.18676,-32.90467],[-60.18568,-32.9039],[-60.18503,-32.90334],[-60.18416,-32.90252],[-60.18358,-32.90208],[-60.1826,-32.90162],[-60.1818,-32.90142],[-60.1807,-32.9013],[-60.18009,-32.90132],[-60.17954,-32.90145],[-60.17871,-32.90177],[-60.17825,-32.90205],[-60.17778,-32.90237],[-60.17695,-32.90301],[-60.1763,-32.90346],[-60.17494,-32.90429],[-60.1738,-32.90487],[-60.17244,-32.90544],[-60.17102,-32.90615],[-60.16926,-32.90727],[-60.16818,-32.90802],[-60.16669,-32.90922],[-60.16583,-32.91009],[-60.16501,-32.91117],[-60.16462,-32.91184],[-60.16428,-32.91266],[-60.1639,-32.91355],[-60.16356,-32.91445],[-60.16327,-32.91528],[-60.16299,-32.91609],[-60.16269,-32.9169],[-60.16237,-32.91766],[-60.1622,-32.91822],[-60.16209,-32.91881],[-60.16208,-32.91928],[-60.16223,-32.9198],[-60.16241,-32.92016],[-60.16257,-32.92056],[-60.1628,-32.92119],[-60.16291,-32.92188],[-60.16291,-32.9226],[-60.16284,-32.92326],[-60.16275,-32.92377],[-60.16271,-32.92417],[-60.16257,-32.92476],[-60.16236,-32.92545],[-60.16204,-32.92605],[-60.16175,-32.92663],[-60.16161,-32.9271],[-60.16161,-32.9275],[-60.16187,-32.92768],[-60.16217,-32.92772],[-60.16259,-32.92763],[-60.16301,-32.92747],[-60.1634,-32.92734],[-60.16398,-32.92723],[-60.16433,-32.92732],[-60.16459,-32.92748],[-60.16472,-32.92776],[-60.1648,-32.92809],[-60.16474,-32.92854],[-60.16464,-32.92885],[-60.16423,-32.92929],[-60.16361,-32.92993],[-60.1627,-32.9308],[-60.16204,-32.93167],[-60.16152,-32.93259],[-60.1613,-32.93351],[-60.16128,-32.93465],[-60.16134,-32.936],[-60.16141,-32.93732],[-60.16156,-32.93856],[-60.16178,-32.93962],[-60.16201,-32.94038],[-60.1624,-32.94122],[-60.16277,-32.9419],[-60.16321,-32.9427],[-60.16376,-32.94358],[-60.16455,-32.94455],[-60.16542,-32.94541],[-60.16654,-32.94629],[-60.16754,-32.94693],[-60.16854,-32.94742],[-60.17025,-32.94804],[-60.17129,-32.94854],[-60.17228,-32.94909],[-60.17311,-32.94987],[-60.17409,-32.95091],[-60.17482,-32.95209],[-60.17519,-32.953],[-60.17567,-32.95428],[-60.17575,-32.95579],[-60.17569,-32.95714],[-60.17542,-32.95841],[-60.17492,-32.95974],[-60.17437,-32.96069],[-60.17354,-32.96183],[-60.17255,-32.96272],[-60.17144,-32.96354],[-60.16987,-32.96438],[-60.16886,-32.96463],[-60.16743,-32.96461],[-60.16484,-32.96423],[-60.16302,-32.96405],[-60.16073,-32.96405],[-60.15932,-32.9642],[-60.15743,-32.96472],[-60.15649,-32.9652],[-60.15571,-32.9656],[-60.15524,-32.96619],[-60.15499,-32.96681],[-60.15498,-32.96728],[-60.15513,-32.96793],[-60.15538,-32.9689],[-60.15561,-32.96992],[-60.15576,-32.97058],[-60.15581,-32.97122],[-60.15544,-32.97207],[-60.15497,-32.9726],[-60.15452,-32.973],[-60.15375,-32.97376],[-60.15328,-32.97445],[-60.15294,-32.97536],[-60.15287,-32.97608],[-60.15303,-32.9766],[-60.15341,-32.97695],[-60.15394,-32.97714],[-60.15447,-32.9773],[-60.15769,-32.9781],[-60.1585,-32.97828],[-60.15948,-32.97844],[-60.16018,-32.97845],[-60.16124,-32.97843],[-60.16241,-32.9782],[-60.16452,-32.97769],[-60.16577,-32.97732],[-60.16849,-32.97623],[-60.17038,-32.97537],[-60.17133,-32.97501],[-60.17263,-32.97461],[-60.17361,-32.97452],[-60.17424,-32.97452],[-60.17529,-32.97465],[-60.17652,-32.97524],[-60.17743,-32.97592],[-60.17811,-32.97647],[-60.1792,-32.97731],[-60.18094,-32.97863],[-60.1818,-32.97971],[-60.18254,-32.98071],[-60.183,-32.98183],[-60.18304,-32.98279],[-60.18285,-32.98363],[-60.18248,-32.98458],[-60.182,-32.98554],[-60.18125,-32.98705],[-60.18035,-32.98881],[-60.18003,-32.98998],[-60.17972,-32.99129],[-60.17948,-32.99302],[-60.17906,-32.99498],[-60.17865,-32.99625],[-60.17796,-32.99759],[-60.17688,-32.99871],[-60.17552,-32.99968],[-60.1738,-33.00048],[-60.17178,-33.00104],[-60.17028,-33.00128],[-60.16897,-33.00102],[-60.16762,-33.00057],[-60.16585,-33.00058],[-60.16445,-33.00086],[-60.16283,-33.00184],[-60.16108,-33.00293],[-60.15914,-33.00387],[-60.15651,-33.00453],[-60.15445,-33.00476],[-60.15224,-33.00455],[-60.15055,-33.00436],[-60.14842,-33.00359],[-60.14583,-33.00225],[-60.14252,-33.00087],[-60.13897,-32.99972],[-60.13674,-32.99925],[-60.1345,-32.99924],[-60.13297,-32.99919],[-60.13014,-32.99849],[-60.12789,-32.99766],[-60.12371,-32.99573],[-60.11932,-32.99381],[-60.1172,-32.99321],[-60.11556,-32.99283],[-60.1143,-32.99284],[-60.11358,-32.99323],[-60.11302,-32.99383],[-60.11086,-32.99561],[-60.10802,-32.99737],[-60.10594,-32.99918],[-60.10494,-33.00052],[-60.10447,-33.00172],[-60.10459,-33.00237],[-60.10465,-33.00297],[-60.10489,-33.00507],[-60.10507,-33.00742],[-60.10516,-33.01003],[-60.10506,-33.01191],[-60.10435,-33.01384],[-60.10375,-33.01555],[-60.10317,-33.01759],[-60.10298,-33.0194],[-60.10308,-33.02107],[-60.10347,-33.02244],[-60.10404,-33.02316],[-60.10502,-33.02402],[-60.10547,-33.0249],[-60.1058,-33.02608],[-60.10608,-33.0277],[-60.10617,-33.02962],[-60.10593,-33.03126],[-60.10518,-33.03268],[-60.10413,-33.034],[-60.10305,-33.03503],[-60.10144,-33.03574],[-60.10026,-33.03611],[-60.09894,-33.03757],[-60.09767,-33.0394],[-60.09675,-33.04157],[-60.096,-33.04349],[-60.09516,-33.04521],[-60.09418,-33.0467],[-60.09257,-33.04809],[-60.09091,-33.04906],[-60.08966,-33.0494],[-60.08854,-33.04937],[-60.08607,-33.04881],[-60.08288,-33.04805],[-60.07956,-33.04711],[-60.07444,-33.04579],[-60.07173,-33.04554],[-60.06745,-33.04541],[-60.06507,-33.04501],[-60.06223,-33.04416],[-60.06057,-33.04341],[-60.05933,-33.04246],[-60.05852,-33.04135],[-60.05826,-33.03984],[-60.05826,-33.03823],[-60.05833,-33.03661],[-60.05829,-33.03507],[-60.05794,-33.03306],[-60.05708,-33.0311],[-60.05586,-33.02925],[-60.05266,-33.02639],[-60.04872,-33.0237],[-60.0478,-33.02358],[-60.04711,-33.02371],[-60.04671,-33.02414],[-60.04641,-33.02467],[-60.04588,-33.0255],[-60.04517,-33.02605],[-60.04363,-33.02685],[-60.04178,-33.02765],[-60.0404,-33.02815],[-60.03868,-33.02879],[-60.0376,-33.02937],[-60.03687,-33.03017],[-60.03644,-33.03111],[-60.03637,-33.03193],[-60.03667,-33.03283],[-60.03711,-33.0333],[-60.03779,-33.03418],[-60.03885,-33.03532],[-60.03984,-33.03608],[-60.04086,-33.03657],[-60.04197,-33.03688],[-60.04274,-33.03731],[-60.04386,-33.03792],[-60.04477,-33.03884],[-60.04559,-33.03974],[-60.04694,-33.04107],[-60.0485,-33.04252],[-60.05009,-33.04405],[-60.05167,-33.0457],[-60.05279,-33.04724],[-60.05377,-33.04858],[-60.05465,-33.05007],[-60.05539,-33.05163],[-60.05568,-33.05297],[-60.05556,-33.05449],[-60.05522,-33.05618],[-60.05497,-33.05738],[-60.05486,-33.05839],[-60.05485,-33.05963],[-60.05468,-33.06205],[-60.05444,-33.06378],[-60.05415,-33.06575],[-60.05398,-33.06714],[-60.05376,-33.06937],[-60.05386,-33.07037],[-60.05418,-33.07117],[-60.05461,-33.07196],[-60.0552,-33.07265],[-60.05592,-33.07334],[-60.05641,-33.07386],[-60.05783,-33.07494],[-60.05888,-33.07567],[-60.05973,-33.07613],[-60.06052,-33.07653],[-60.06129,-33.07692],[-60.06205,-33.07737],[-60.06265,-33.07806],[-60.06463,-33.0808],[-60.06546,-33.08197],[-60.06625,-33.08282],[-60.06694,-33.08348],[-60.06789,-33.08426],[-60.06915,-33.08498],[-60.07022,-33.08572],[-60.07114,-33.08617],[-60.07193,-33.08642],[-60.07265,-33.08657],[-60.07412,-33.08678],[-60.07554,-33.08694],[-60.07687,-33.08707],[-60.07802,-33.08718],[-60.07983,-33.08752],[-60.08164,-33.08792],[-60.08307,-33.08828],[-60.08494,-33.08875],[-60.08617,-33.08929],[-60.08746,-33.09004],[-60.08875,-33.09061],[-60.09042,-33.09171],[-60.09181,-33.09279],[-60.09273,-33.09364],[-60.09383,-33.09486],[-60.0946,-33.09585],[-60.09526,-33.09702],[-60.09568,-33.09809],[-60.09581,-33.09893],[-60.09564,-33.10016],[-60.0951,-33.10137],[-60.09432,-33.10227],[-60.09329,-33.10306],[-60.09175,-33.1038],[-60.08998,-33.10464],[-60.08709,-33.10604],[-60.08592,-33.10675],[-60.08431,-33.10801],[-60.08224,-33.11026],[-60.08021,-33.11262],[-60.07791,-33.11539],[-60.07488,-33.11836],[-60.07148,-33.12115],[-60.06828,-33.12327],[-60.06488,-33.12486],[-60.06191,-33.12582],[-60.05838,-33.12645],[-60.0544,-33.1261],[-60.04703,-33.1255],[-60.04156,-33.12427],[-60.03551,-33.12245],[-60.03165,-33.12097],[-60.02793,-33.11888],[-60.02319,-33.11582],[-60.018,-33.11256],[-60.01394,-33.11061],[-60.01196,-33.11032],[-60.0108,-33.1106],[-60.00919,-33.11142],[-60.00702,-33.11278],[-60.00509,-33.11404],[-60.00358,-33.11565],[-60.00218,-33.11717],[-59.99988,-33.11951],[-59.99852,-33.12035],[-59.99685,-33.1211],[-59.99527,-33.12157]]}},{"type":"Feature","properties":{"name":"Arroyo San Lorenzo","layer":"Rios y Arroyos"},"geometry":{"type":"LineString","coordinates":[[-59.99527,-33.12157],[-59.99026,-33.1224],[-59.98694,-33.12277],[-59.983,-33.12327],[-59.9793,-33.12394],[-59.97507,-33.1244],[-59.97257,-33.12431],[-59.97078,-33.12334],[-59.96875,-33.12241],[-59.96664,-33.12136],[-59.96577,-33.12012],[-59.96493,-33.11869],[-59.96343,-33.11782],[-59.96199,-33.11705],[-59.95999,-33.11626],[-59.9569,-33.11603],[-59.95504,-33.11634],[-59.95321,-33.11723],[-59.9515,-33.11765],[-59.94744,-33.11828],[-59.94263,-33.11913],[-59.94028,-33.11972],[-59.93884,-33.12065],[-59.93755,-33.12202],[-59.93676,-33.1238],[-59.93609,-33.12506],[-59.93468,-33.12722],[-59.93389,-33.12866],[-59.93346,-33.13116],[-59.93315,-33.13332],[-59.93211,-33.13608],[-59.93059,-33.1379],[-59.92817,-33.13945],[-59.92495,-33.14044],[-59.91995,-33.1407],[-59.91647,-33.14093],[-59.91391,-33.14049],[-59.91041,-33.13903],[-59.9067,-33.13717],[-59.90347,-33.13432],[-59.90264,-33.13275],[-59.90296,-33.13074],[-59.90346,-33.12882],[-59.90455,-33.12703],[-59.90621,-33.12439],[-59.90644,-33.12101],[-59.90574,-33.11908],[-59.90457,-33.1176],[-59.90322,-33.11693],[-59.90169,-33.11629],[-59.89811,-33.11554],[-59.89505,-33.11491],[-59.89201,-33.1148],[-59.88937,-33.11525],[-59.88702,-33.11557],[-59.88379,-33.11586],[-59.8812,-33.11619],[-59.87915,-33.11687],[-59.87633,-33.11843],[-59.87426,-33.11991],[-59.87227,-33.12189],[-59.87005,-33.12417],[-59.86746,-33.12674],[-59.86356,-33.12954],[-59.858,-33.13344],[-59.8548,-33.13539],[-59.84895,-33.13748],[-59.8437,-33.1385],[-59.84007,-33.13849],[-59.83321,-33.13721],[-59.82965,-33.13691],[-59.82323,-33.13726],[-59.81785,-33.13754],[-59.81262,-33.13838],[-59.80946,-33.13923],[-59.80701,-33.14132],[-59.80551,-33.14299],[-59.80394,-33.14531],[-59.80263,-33.14748],[-59.80144,-33.1506],[-59.80098,-33.15413],[-59.8008,-33.15807],[-59.80098,-33.16284],[-59.80146,-33.16631],[-59.80211,-33.17001],[-59.80282,-33.1719]]}},{"type":"Feature","properties":{"name":"Arroyo Timbo Blanco","layer":"Rios y Arroyos"},"geometry":{"type":"LineString","coordinates":[[-60.52997,-32.51916],[-60.52986,-32.51933],[-60.52989,-32.51958],[-60.52997,-32.5198],[-60.53008,-32.51997],[-60.53012,-32.52016],[-60.53013,-32.52061],[-60.53001,-32.52095],[-60.52992,-32.52128],[-60.52986,-32.52159],[-60.52997,-32.52185],[-60.53018,-32.52203],[-60.53044,-32.52216],[-60.53101,-32.5223],[-60.53141,-32.52239],[-60.53163,-32.52252],[-60.53196,-32.52271],[-60.53226,-32.5229],[-60.53255,-32.52315],[-60.53274,-32.52332],[-60.53292,-32.52354],[-60.53307,-32.52373],[-60.53346,-32.52403],[-60.53381,-32.52417],[-60.53428,-32.52418],[-60.53451,-32.52412],[-60.5348,-32.5241],[-60.53506,-32.52414],[-60.53543,-32.52418],[-60.53588,-32.52428],[-60.53612,-32.52439],[-60.53633,-32.52456],[-60.53655,-32.52483],[-60.53664,-32.52504],[-60.53667,-32.52524],[-60.53691,-32.52564],[-60.53704,-32.52587],[-60.53726,-32.52598],[-60.53749,-32.52605],[-60.53784,-32.52608],[-60.53819,-32.52615],[-60.53878,-32.52623],[-60.53953,-32.52622],[-60.54034,-32.52614],[-60.54205,-32.52609],[-60.54214,-32.52627],[-60.54208,-32.52663],[-60.54194,-32.5267],[-60.54154,-32.52679],[-60.54069,-32.52714],[-60.53995,-32.52751],[-60.5395,-32.52804],[-60.53944,-32.52846],[-60.53942,-32.52904],[-60.53924,-32.52953],[-60.53895,-32.52991],[-60.53852,-32.53004],[-60.5374,-32.52968],[-60.53605,-32.52939],[-60.53514,-32.52891],[-60.53472,-32.52841],[-60.53457,-32.52787],[-60.53412,-32.52736],[-60.53354,-32.52697],[-60.53319,-32.52659],[-60.53266,-32.52659],[-60.53174,-32.52694],[-60.53148,-32.52728],[-60.53118,-32.52748],[-60.52939,-32.52821],[-60.52878,-32.5285],[-60.5285,-32.52893],[-60.5286,-32.52936],[-60.52894,-32.53003],[-60.52952,-32.53084],[-60.53001,-32.53133],[-60.53057,-32.53162],[-60.53157,-32.53185],[-60.53234,-32.53209],[-60.53252,-32.53266],[-60.53237,-32.53309],[-60.53224,-32.53332],[-60.53066,-32.53376],[-60.52997,-32.53413],[-60.52986,-32.53451],[-60.53014,-32.53479],[-60.53055,-32.53487],[-60.53227,-32.53506],[-60.53401,-32.53574],[-60.53461,-32.53635],[-60.53464,-32.53685],[-60.53427,-32.53748],[-60.53366,-32.53785],[-60.53299,-32.53805],[-60.5315,-32.53823],[-60.53061,-32.53869],[-60.53011,-32.5393],[-60.53007,-32.53995],[-60.5303,-32.5408],[-60.53056,-32.54141],[-60.53079,-32.54198],[-60.5309,-32.54263],[-60.53122,-32.54312],[-60.53168,-32.54334],[-60.53247,-32.5433],[-60.53306,-32.54323],[-60.53365,-32.54337],[-60.53406,-32.54381],[-60.53408,-32.54425],[-60.53374,-32.54507],[-60.53347,-32.54552],[-60.53347,-32.54553],[-60.53346,-32.54717],[-60.53343,-32.54939],[-60.53355,-32.55091],[-60.53341,-32.55159],[-60.53291,-32.55248],[-60.53093,-32.55359],[-60.53018,-32.55419],[-60.52965,-32.55488],[-60.52931,-32.55549],[-60.52918,-32.5563],[-60.52863,-32.55805],[-60.52696,-32.56099],[-60.52612,-32.56265],[-60.52607,-32.56345],[-60.52638,-32.5638],[-60.52743,-32.56406],[-60.52797,-32.56455],[-60.5291,-32.56873],[-60.52936,-32.56955],[-60.53024,-32.57114],[-60.53089,-32.57221],[-60.53136,-32.574],[-60.53068,-32.575],[-60.52986,-32.57534],[-60.52844,-32.57533],[-60.52423,-32.57453],[-60.52318,-32.57462],[-60.52132,-32.57489],[-60.5203,-32.57539],[-60.52009,-32.57582],[-60.52007,-32.57684],[-60.52081,-32.57797],[-60.52119,-32.57843],[-60.52215,-32.57898],[-60.523,-32.57945],[-60.52361,-32.5806],[-60.52366,-32.58135],[-60.52349,-32.58223],[-60.52285,-32.58341],[-60.52175,-32.58468],[-60.52023,-32.58599],[-60.51806,-32.58736],[-60.5159,-32.58795],[-60.51418,-32.58864],[-60.513,-32.58925],[-60.51225,-32.58985],[-60.51158,-32.5904],[-60.51119,-32.59095],[-60.51074,-32.59172],[-60.51064,-32.59196],[-60.51069,-32.59217],[-60.51069,-32.59232],[-60.51081,-32.59298],[-60.51122,-32.59331],[-60.51236,-32.59414],[-60.51274,-32.59461],[-60.51309,-32.59509],[-60.51347,-32.59586],[-60.51363,-32.59631],[-60.51396,-32.59719],[-60.51417,-32.59761],[-60.51455,-32.59812],[-60.51476,-32.5983]]}},{"type":"Feature","properties":{"name":"Rio Victoria","layer":"Rios y Arroyos"},"geometry":{"type":"LineString","coordinates":[[-59.79485,-33.24018],[-59.79904,-33.23419],[-59.80106,-33.2295],[-59.80523,-33.22548],[-59.8085,-33.22272],[-59.81359,-33.22081],[-59.81708,-33.21881],[-59.82073,-33.21438],[-59.82171,-33.20713],[-59.82127,-33.19994],[-59.81822,-33.19363],[-59.81466,-33.1877],[-59.80843,-33.17967],[-59.80375,-33.17393],[-59.80059,-33.17282],[-59.79761,-33.17235],[-59.79484,-33.17249],[-59.79331,-33.17267],[-59.79091,-33.17265],[-59.78874,-33.17205],[-59.78638,-33.17045],[-59.78413,-33.16838],[-59.78208,-33.16516],[-59.78071,-33.16224],[-59.77901,-33.15817],[-59.7773,-33.15467],[-59.77631,-33.15298],[-59.77499,-33.15148],[-59.77387,-33.15007],[-59.77274,-33.14888],[-59.77074,-33.14722],[-59.76958,-33.14563],[-59.76888,-33.14398],[-59.7681,-33.14128],[-59.76753,-33.13811],[-59.76773,-33.13519],[-59.76856,-33.13299],[-59.77011,-33.13033],[-59.77197,-33.12828],[-59.77486,-33.12582],[-59.77834,-33.12422],[-59.78075,-33.1234],[-59.78345,-33.12319],[-59.78562,-33.12352],[-59.78783,-33.12392],[-59.78972,-33.12488],[-59.79287,-33.12649],[-59.79737,-33.12805],[-59.80066,-33.12833],[-59.80372,-33.12758],[-59.80591,-33.12632],[-59.80784,-33.12468],[-59.80899,-33.12241],[-59.80938,-33.12024],[-59.80968,-33.11739],[-59.80946,-33.11539],[-59.80782,-33.11121],[-59.80705,-33.10827],[-59.80689,-33.10606],[-59.80705,-33.10263],[-59.80788,-33.09934],[-59.80884,-33.09594],[-59.81013,-33.09231],[-59.81242,-33.08755],[-59.813,-33.08592],[-59.8135,-33.08287],[-59.81463,-33.08094],[-59.81758,-33.07835],[-59.82128,-33.07587],[-59.82476,-33.07437],[-59.82868,-33.07367],[-59.83194,-33.07383],[-59.83445,-33.07447],[-59.83668,-33.07548],[-59.83861,-33.07702],[-59.83973,-33.07871],[-59.84035,-33.08107],[-59.84039,-33.08347],[-59.83956,-33.08528],[-59.83837,-33.08706],[-59.83755,-33.08868],[-59.83693,-33.09046],[-59.83674,-33.09226],[-59.83698,-33.09391],[-59.83773,-33.09565],[-59.83886,-33.0974],[-59.84035,-33.09938],[-59.84211,-33.1012],[-59.84386,-33.10223],[-59.84651,-33.10245],[-59.84868,-33.10175],[-59.85099,-33.10064],[-59.85325,-33.09915],[-59.85514,-33.09735],[-59.85667,-33.09567],[-59.85882,-33.09343],[-59.86022,-33.09055],[-59.86057,-33.08763],[-59.8612,-33.08496],[-59.86268,-33.08278],[-59.86449,-33.08075],[-59.86715,-33.07916],[-59.87052,-33.07755],[-59.87362,-33.07549],[-59.87624,-33.07299],[-59.87801,-33.0703],[-59.87929,-33.06644],[-59.88061,-33.06208],[-59.88226,-33.05754],[-59.8829,-33.05285],[-59.88367,-33.04851],[-59.88518,-33.04573],[-59.88918,-33.04218],[-59.89321,-33.03969],[-59.89906,-33.038],[-59.90359,-33.03683],[-59.90924,-33.03568],[-59.91249,-33.03415],[-59.91578,-33.03208],[-59.91841,-33.03034],[-59.92099,-33.02912],[-59.92352,-33.02902],[-59.92607,-33.02968],[-59.92819,-33.03085],[-59.92984,-33.03251],[-59.93081,-33.03424],[-59.93155,-33.03602],[-59.93194,-33.03799],[-59.93277,-33.03932],[-59.93431,-33.03992],[-59.93645,-33.04026],[-59.93837,-33.03958],[-59.9394,-33.03868],[-59.94045,-33.03708],[-59.94126,-33.03513],[-59.94195,-33.03111],[-59.94279,-33.02687],[-59.94374,-33.02347],[-59.94589,-33.02009],[-59.94855,-33.01663],[-59.95114,-33.01394],[-59.95335,-33.0112],[-59.95448,-33.00946],[-59.95602,-33.0078],[-59.95851,-33.00644],[-59.96068,-33.00586],[-59.96308,-33.00579],[-59.96561,-33.0064],[-59.96708,-33.00747],[-59.968,-33.00905],[-59.96787,-33.01086],[-59.96713,-33.01289],[-59.96629,-33.01527],[-59.96469,-33.01751],[-59.96369,-33.01896],[-59.96305,-33.02036],[-59.9624,-33.0219],[-59.96183,-33.02363],[-59.96146,-33.02514],[-59.9615,-33.02663],[-59.96181,-33.0277],[-59.96233,-33.02889],[-59.96331,-33.02964],[-59.96427,-33.03],[-59.96576,-33.02974],[-59.96695,-33.02895],[-59.96807,-33.02793],[-59.96877,-33.02649],[-59.96914,-33.02492],[-59.96933,-33.0234],[-59.96963,-33.02196],[-59.96971,-33.02035],[-59.96981,-33.01913],[-59.9701,-33.01749],[-59.97074,-33.01596],[-59.97205,-33.01414],[-59.9733,-33.01268],[-59.97451,-33.01143],[-59.97633,-33.0108],[-59.97845,-33.0106],[-59.98184,-33.01161],[-59.98445,-33.01351],[-59.98658,-33.01583],[-59.98867,-33.01783],[-59.99165,-33.01945],[-59.995,-33.02047],[-59.99899,-33.02109],[-60.00351,-33.02067],[-60.0096,-33.01964],[-60.01638,-33.01835],[-60.02247,-33.01673],[-60.02866,-33.01473],[-60.03315,-33.0126],[-60.03773,-33.00954],[-60.04154,-33.0059],[-60.04419,-33.00219],[-60.04561,-32.99843],[-60.04574,-32.9954],[-60.04531,-32.99258],[-60.04377,-32.99015],[-60.04164,-32.98877],[-60.03847,-32.9879],[-60.03505,-32.9879],[-60.03261,-32.98846],[-60.03004,-32.98951],[-60.02834,-32.99066],[-60.02578,-32.99254],[-60.02296,-32.99405],[-60.01967,-32.99554],[-60.01572,-32.99678],[-60.01154,-32.99741],[-60.00681,-32.99825],[-60.00252,-32.99866],[-59.99829,-32.99866],[-59.99404,-32.99816],[-59.98962,-32.99736],[-59.98616,-32.9963],[-59.98331,-32.99412],[-59.9811,-32.9912],[-59.97884,-32.98771],[-59.97798,-32.98573],[-59.97728,-32.98297],[-59.97737,-32.97979],[-59.97776,-32.97713],[-59.97831,-32.97505],[-59.97883,-32.97243],[-59.9782,-32.97005],[-59.97776,-32.96803],[-59.97922,-32.96619],[-59.98099,-32.96532],[-59.98394,-32.96463],[-59.98687,-32.9647],[-59.98947,-32.96553],[-59.99203,-32.96692],[-59.99394,-32.9688],[-59.9957,-32.97069],[-59.9978,-32.97257],[-59.99969,-32.97434],[-60.00147,-32.97561],[-60.00388,-32.97625],[-60.00633,-32.97657],[-60.0081,-32.97666],[-60.01178,-32.97662],[-60.0141,-32.97606],[-60.01716,-32.9743],[-60.0189,-32.97223],[-60.01989,-32.96943],[-60.02053,-32.96702],[-60.02132,-32.96318],[-60.02222,-32.95837],[-60.02274,-32.95506],[-60.02362,-32.95291],[-60.02393,-32.95078],[-60.02274,-32.94809],[-60.02075,-32.9462],[-60.01846,-32.94488],[-60.01671,-32.94341],[-60.01387,-32.94095],[-60.01217,-32.93852],[-60.00992,-32.93491],[-60.00783,-32.93205],[-60.00494,-32.92983],[-60.00109,-32.92751],[-59.99838,-32.92574],[-59.99537,-32.92372],[-59.99196,-32.92227],[-59.9882,-32.92117],[-59.98457,-32.92072],[-59.98158,-32.92015],[-59.97942,-32.91926],[-59.97745,-32.91799],[-59.97616,-32.91625],[-59.97492,-32.91431],[-59.97435,-32.91262],[-59.97409,-32.91095],[-59.97411,-32.90833],[-59.97473,-32.90491],[-59.97478,-32.90255],[-59.97579,-32.89981],[-59.98026,-32.89811],[-59.98394,-32.89809],[-59.98792,-32.89816],[-59.99302,-32.89743],[-59.99947,-32.89619],[-60.00449,-32.89437],[-60.00765,-32.8927],[-60.01213,-32.89038],[-60.01544,-32.88785],[-60.01815,-32.88503],[-60.01974,-32.88176],[-60.01913,-32.8786],[-60.01803,-32.87579],[-60.01509,-32.87357],[-60.01185,-32.87218],[-60.00676,-32.8709],[-60.00307,-32.86922],[-59.99963,-32.86741],[-59.99708,-32.86565],[-59.99592,-32.863],[-59.99707,-32.85965],[-59.99904,-32.85583],[-60.00037,-32.85297],[-60.0017,-32.85032],[-60.00333,-32.84856],[-60.00558,-32.8479],[-60.00856,-32.84809],[-60.01223,-32.84897],[-60.01583,-32.8497],[-60.0182,-32.85022],[-60.02285,-32.85116],[-60.02738,-32.85244],[-60.03089,-32.85299],[-60.03619,-32.85308],[-60.03743,-32.85264],[-60.03867,-32.85156],[-60.03943,-32.85005],[-60.03936,-32.84865],[-60.03898,-32.84705],[-60.03787,-32.84528],[-60.03637,-32.84344],[-60.03472,-32.84141],[-60.02502,-32.82968],[-60.02391,-32.82821],[-60.02297,-32.82632],[-60.02211,-32.82371],[-60.02183,-32.82101],[-60.02222,-32.81878],[-60.02363,-32.81706],[-60.02498,-32.81574],[-60.02689,-32.81519],[-60.02906,-32.81539],[-60.03643,-32.81745],[-60.04361,-32.8187],[-60.05124,-32.82057],[-60.05555,-32.8211],[-60.06157,-32.82042],[-60.07022,-32.81908],[-60.07664,-32.81672],[-60.0805,-32.81392],[-60.08086,-32.81053],[-60.07997,-32.80741],[-60.07698,-32.80488],[-60.07351,-32.8032],[-60.07098,-32.80243],[-60.0681,-32.8016],[-60.06553,-32.80127],[-60.06307,-32.80123],[-60.06098,-32.80128],[-60.05969,-32.8012],[-60.0585,-32.8008],[-60.05772,-32.80017],[-60.05746,-32.79926],[-60.05765,-32.79856],[-60.05833,-32.79764],[-60.05913,-32.79669],[-60.06014,-32.79534],[-60.06073,-32.79393],[-60.06094,-32.79234],[-60.06039,-32.79088],[-60.05934,-32.7896],[-60.05755,-32.78843],[-60.05554,-32.78735],[-60.05323,-32.7861],[-60.05184,-32.78534],[-60.05027,-32.78429],[-60.04935,-32.78276],[-60.04918,-32.78115],[-60.04922,-32.77983],[-60.04903,-32.77885],[-60.04864,-32.77786],[-60.04804,-32.77677],[-60.0469,-32.77569],[-60.04614,-32.77476],[-60.04575,-32.77356],[-60.0457,-32.77223],[-60.04608,-32.77079],[-60.04704,-32.76883],[-60.04786,-32.76721],[-60.04884,-32.76566],[-60.05021,-32.76435],[-60.05187,-32.76304],[-60.0535,-32.7622],[-60.05503,-32.76165],[-60.05675,-32.76107],[-60.05844,-32.76045],[-60.05995,-32.75969],[-60.06067,-32.75863],[-60.06036,-32.75753],[-60.05961,-32.75644],[-60.05853,-32.75616],[-60.05767,-32.75577],[-60.05735,-32.7552],[-60.05761,-32.75413],[-60.05865,-32.75338],[-60.0602,-32.75317],[-60.06182,-32.75317],[-60.06325,-32.75312],[-60.06492,-32.75303],[-60.06651,-32.75277],[-60.06802,-32.75224]]}},{"type":"Feature","properties":{"name":"Rio Victoria","layer":"Rios y Arroyos"},"geometry":{"type":"LineString","coordinates":[[-60.06802,-32.75224],[-60.06968,-32.75156],[-60.07135,-32.75077],[-60.07335,-32.75003],[-60.07514,-32.74963],[-60.07734,-32.74944],[-60.07929,-32.74952],[-60.08148,-32.75001],[-60.08301,-32.75049],[-60.08512,-32.75077],[-60.08683,-32.75092],[-60.08877,-32.75092],[-60.09048,-32.75095],[-60.09161,-32.75129],[-60.09265,-32.75182],[-60.09388,-32.75274],[-60.09468,-32.7533],[-60.09566,-32.75363],[-60.09692,-32.75361],[-60.09783,-32.75314],[-60.09861,-32.7525],[-60.09913,-32.75161],[-60.09976,-32.75057],[-60.10066,-32.74942],[-60.10154,-32.74872],[-60.10241,-32.74835],[-60.10357,-32.74822],[-60.10451,-32.74825],[-60.1054,-32.74842],[-60.10643,-32.74876],[-60.10735,-32.74905],[-60.1085,-32.74916],[-60.10958,-32.74887],[-60.11027,-32.74831],[-60.111,-32.74757],[-60.11178,-32.74678],[-60.11252,-32.74607],[-60.11321,-32.7452],[-60.11346,-32.74447],[-60.11341,-32.74375],[-60.11305,-32.74339],[-60.11258,-32.74313],[-60.11191,-32.74318],[-60.11144,-32.74341],[-60.11095,-32.74367],[-60.1103,-32.74397],[-60.10957,-32.74388],[-60.10902,-32.7434],[-60.10865,-32.74287],[-60.10832,-32.74246],[-60.10789,-32.74219],[-60.10707,-32.74189],[-60.10628,-32.74148],[-60.10574,-32.74083],[-60.10526,-32.73987],[-60.10477,-32.73905],[-60.10408,-32.73802],[-60.10317,-32.73725],[-60.1023,-32.73672],[-60.10123,-32.73605],[-60.10053,-32.73501],[-60.10036,-32.73426],[-60.10101,-32.73369],[-60.1019,-32.73332],[-60.10288,-32.7331],[-60.10408,-32.73289],[-60.10534,-32.73263],[-60.10637,-32.73226],[-60.10725,-32.73152],[-60.1079,-32.73061],[-60.10888,-32.72931],[-60.1094,-32.72798],[-60.10918,-32.72688],[-60.10843,-32.72577],[-60.10811,-32.72486],[-60.10849,-32.72376],[-60.10933,-32.72289],[-60.11074,-32.72223],[-60.11192,-32.72224],[-60.11259,-32.72245],[-60.11342,-32.72285],[-60.11414,-32.72339],[-60.11477,-32.72387],[-60.11542,-32.72401],[-60.11604,-32.72387],[-60.11676,-32.72326],[-60.11696,-32.72266],[-60.11703,-32.72194],[-60.11682,-32.72111],[-60.11639,-32.72002],[-60.11589,-32.719],[-60.11584,-32.71813],[-60.11614,-32.71757],[-60.11674,-32.71724],[-60.11746,-32.71727],[-60.11845,-32.71782],[-60.11936,-32.71836],[-60.12023,-32.7189],[-60.12114,-32.71927],[-60.12193,-32.71943],[-60.12289,-32.71958],[-60.12379,-32.7197],[-60.12455,-32.71952],[-60.12508,-32.71908],[-60.12513,-32.71861],[-60.12479,-32.71796],[-60.12437,-32.71743],[-60.12401,-32.7169]]}},{"type":"Feature","properties":{"name":"Arroyo Carbon Chico","layer":"Rios y Arroyos"},"geometry":{"type":"LineString","coordinates":[[-60.20087,-32.65262],[-60.20038,-32.65264],[-60.19983,-32.65284],[-60.19929,-32.6532],[-60.19892,-32.65336],[-60.19866,-32.65361],[-60.19835,-32.65401],[-60.198,-32.65454],[-60.19755,-32.65496],[-60.19711,-32.65516],[-60.19674,-32.65526],[-60.19614,-32.65535],[-60.19551,-32.65538],[-60.19493,-32.65535],[-60.19442,-32.65526],[-60.19393,-32.65507],[-60.19352,-32.65482],[-60.19307,-32.65442],[-60.19263,-32.65412],[-60.19205,-32.65391],[-60.19148,-32.65382],[-60.19096,-32.65391],[-60.19053,-32.65404],[-60.19007,-32.65417],[-60.18955,-32.65421],[-60.18886,-32.65429],[-60.18843,-32.65434],[-60.18802,-32.65433],[-60.18779,-32.65425],[-60.1876,-32.65407],[-60.1874,-32.65375],[-60.18726,-32.65351],[-60.18705,-32.65323],[-60.18665,-32.65295],[-60.18615,-32.65269],[-60.18556,-32.65249],[-60.18492,-32.65241],[-60.18409,-32.65226],[-60.18329,-32.65219],[-60.18247,-32.65219],[-60.18186,-32.65219],[-60.18127,-32.65226],[-60.18076,-32.65247],[-60.18022,-32.65269],[-60.17946,-32.65305],[-60.17873,-32.65342],[-60.17811,-32.65363],[-60.17737,-32.65378],[-60.17665,-32.65385],[-60.17612,-32.65384],[-60.17554,-32.65378],[-60.17496,-32.6536],[-60.17438,-32.65336],[-60.17379,-32.65302],[-60.1733,-32.65263],[-60.17289,-32.65224],[-60.17257,-32.6519],[-60.17217,-32.65149],[-60.1717,-32.65104],[-60.17125,-32.65061],[-60.17081,-32.6502],[-60.17042,-32.64985],[-60.17001,-32.64947],[-60.1697,-32.64925],[-60.16928,-32.64916],[-60.16888,-32.6491],[-60.16853,-32.64902],[-60.16794,-32.64882],[-60.16747,-32.64865],[-60.16688,-32.64849],[-60.16613,-32.64829],[-60.16567,-32.64818],[-60.16486,-32.64814]]}},{"type":"Feature","properties":{"name":"Arroyo Salado Chico","layer":"Rios y Arroyos"},"geometry":{"type":"LineString","coordinates":[[-60.12432,-32.74326],[-60.12391,-32.74287],[-60.12354,-32.74263],[-60.12317,-32.74228],[-60.12311,-32.74184],[-60.12342,-32.74139],[-60.12374,-32.74087],[-60.12394,-32.74029],[-60.12393,-32.73969],[-60.12402,-32.73926],[-60.12432,-32.73886],[-60.12475,-32.73843],[-60.12511,-32.73797],[-60.12533,-32.73726],[-60.12547,-32.73667],[-60.12555,-32.73624],[-60.12586,-32.73583],[-60.12628,-32.73529],[-60.12661,-32.73464],[-60.12691,-32.73392],[-60.12711,-32.7334],[-60.12741,-32.73291],[-60.12779,-32.73256],[-60.12825,-32.73205],[-60.12848,-32.73153],[-60.12854,-32.73103],[-60.1286,-32.73053],[-60.1287,-32.73015],[-60.12891,-32.72987],[-60.12926,-32.72956],[-60.1297,-32.72929],[-60.13008,-32.72915],[-60.13052,-32.72889],[-60.1307,-32.72862],[-60.13083,-32.72834],[-60.13088,-32.7278],[-60.13085,-32.72724],[-60.13088,-32.72674],[-60.13094,-32.72639],[-60.13113,-32.72608],[-60.13146,-32.72578],[-60.13196,-32.72555],[-60.13241,-32.72542],[-60.13308,-32.72531],[-60.13381,-32.72526],[-60.13434,-32.72527],[-60.13496,-32.72528],[-60.13552,-32.72524],[-60.13614,-32.72506],[-60.13655,-32.72474],[-60.1368,-32.72443],[-60.13695,-32.72401],[-60.13701,-32.72348],[-60.13695,-32.72303],[-60.13678,-32.72274],[-60.13642,-32.72249],[-60.13601,-32.72237],[-60.1356,-32.72239],[-60.13516,-32.72242],[-60.13468,-32.72244],[-60.13423,-32.72247],[-60.13383,-32.72248],[-60.13344,-32.72254],[-60.13305,-32.72263],[-60.13271,-32.72276],[-60.1324,-32.7229],[-60.13197,-32.72302],[-60.13158,-32.72304],[-60.13117,-32.72297],[-60.13072,-32.7228],[-60.13027,-32.72255],[-60.12981,-32.72229],[-60.12946,-32.72202],[-60.12934,-32.7218],[-60.12934,-32.72155],[-60.12944,-32.72128],[-60.12958,-32.72109],[-60.12989,-32.7209],[-60.13029,-32.72075],[-60.13076,-32.72066],[-60.13121,-32.72063],[-60.1317,-32.72055],[-60.13218,-32.72045],[-60.13258,-32.72034],[-60.13304,-32.72018],[-60.13366,-32.71993],[-60.13409,-32.71968],[-60.13423,-32.71939],[-60.13399,-32.7191],[-60.13363,-32.71885],[-60.13304,-32.71875],[-60.13239,-32.71863],[-60.13182,-32.71847],[-60.13145,-32.7182],[-60.13136,-32.7179],[-60.13145,-32.7176]]}},{"type":"Feature","properties":{"name":"Arroyo Carbon Grande","layer":"Rios y Arroyos"},"geometry":{"type":"LineString","coordinates":[[-60.24469,-32.62481],[-60.24449,-32.62499],[-60.24443,-32.62531],[-60.24447,-32.62594],[-60.24464,-32.62651],[-60.24488,-32.62716],[-60.24521,-32.6278],[-60.24565,-32.62831],[-60.24608,-32.62879],[-60.24647,-32.62916],[-60.24687,-32.62933],[-60.24742,-32.62954],[-60.24804,-32.62978],[-60.24851,-32.63007],[-60.24891,-32.6305],[-60.24905,-32.63117],[-60.24898,-32.63177],[-60.24877,-32.6324],[-60.24849,-32.63289],[-60.24805,-32.63338],[-60.24754,-32.63365],[-60.24693,-32.6339],[-60.24623,-32.63388],[-60.2456,-32.6338],[-60.24489,-32.63362],[-60.24421,-32.63349],[-60.24345,-32.63348],[-60.24231,-32.63341],[-60.2415,-32.63333],[-60.24085,-32.6332],[-60.24014,-32.633],[-60.23911,-32.63267],[-60.23851,-32.63264],[-60.23816,-32.63275],[-60.23767,-32.63307],[-60.23735,-32.63348],[-60.23725,-32.63387],[-60.23723,-32.63427],[-60.23718,-32.63482],[-60.2372,-32.63519],[-60.2373,-32.6357],[-60.2375,-32.63651],[-60.23767,-32.63716],[-60.23776,-32.63783],[-60.23783,-32.63858],[-60.23794,-32.63918],[-60.23817,-32.63981],[-60.23849,-32.64048],[-60.23883,-32.64106],[-60.23915,-32.64166],[-60.23947,-32.64211],[-60.23991,-32.64251],[-60.24048,-32.64294],[-60.24122,-32.64339],[-60.2418,-32.6438],[-60.24246,-32.64423],[-60.24316,-32.64468],[-60.24381,-32.64513],[-60.24444,-32.64549],[-60.24497,-32.64587],[-60.24541,-32.64622],[-60.24573,-32.64665],[-60.2458,-32.6471],[-60.24571,-32.6474],[-60.24549,-32.64766],[-60.24508,-32.64789],[-60.24461,-32.64805],[-60.24411,-32.64823],[-60.24362,-32.64841],[-60.24311,-32.64859],[-60.24246,-32.64879],[-60.24183,-32.64887],[-60.24138,-32.64888],[-60.24094,-32.64877],[-60.24064,-32.64842],[-60.24049,-32.64806],[-60.24034,-32.64749],[-60.24015,-32.64688],[-60.23989,-32.64644],[-60.23948,-32.64603],[-60.23889,-32.64576],[-60.23829,-32.64567],[-60.23761,-32.64579],[-60.23706,-32.64605],[-60.23649,-32.64641],[-60.23611,-32.64673],[-60.23585,-32.64713],[-60.23577,-32.64757],[-60.23559,-32.64802],[-60.23552,-32.6484],[-60.23547,-32.64887],[-60.23553,-32.64946],[-60.23562,-32.64987],[-60.23587,-32.65035],[-60.23616,-32.6508],[-60.23636,-32.65116],[-60.23648,-32.65152],[-60.23645,-32.65192],[-60.23627,-32.65225],[-60.23605,-32.65252],[-60.23561,-32.65278],[-60.23497,-32.65301],[-60.23437,-32.65318],[-60.2338,-32.65337],[-60.23322,-32.65358],[-60.2327,-32.65385],[-60.23222,-32.65411],[-60.23185,-32.65439],[-60.23153,-32.65477],[-60.23107,-32.65567],[-60.2309,-32.65643],[-60.23084,-32.65707],[-60.23089,-32.65805],[-60.23092,-32.65882],[-60.23101,-32.6596],[-60.23111,-32.66026],[-60.23131,-32.66104],[-60.23147,-32.66167],[-60.23168,-32.66238],[-60.23196,-32.66307],[-60.2323,-32.66365],[-60.23264,-32.66397],[-60.23304,-32.66425],[-60.23347,-32.6645],[-60.23395,-32.66481],[-60.23445,-32.66513],[-60.23481,-32.66543],[-60.23504,-32.66579],[-60.2352,-32.66627],[-60.23516,-32.66667],[-60.23495,-32.66702],[-60.23453,-32.66736],[-60.23396,-32.66763],[-60.23311,-32.66812],[-60.23237,-32.66854],[-60.23157,-32.66904],[-60.23095,-32.66935],[-60.23029,-32.6694],[-60.22992,-32.66922],[-60.22973,-32.66892],[-60.22929,-32.66819],[-60.22882,-32.66758],[-60.22835,-32.66704],[-60.22784,-32.66656],[-60.22709,-32.66597],[-60.22619,-32.66539],[-60.22535,-32.66486],[-60.22451,-32.66443],[-60.22334,-32.66414],[-60.22238,-32.66407],[-60.22163,-32.66418],[-60.22082,-32.66449],[-60.22004,-32.66501],[-60.21955,-32.66552],[-60.21941,-32.66609],[-60.21932,-32.66663],[-60.21908,-32.66702],[-60.2188,-32.66728],[-60.21824,-32.66763],[-60.21759,-32.66776],[-60.21688,-32.66777],[-60.21609,-32.6676],[-60.21504,-32.66732],[-60.21391,-32.66702],[-60.21327,-32.6668],[-60.21272,-32.66672],[-60.21224,-32.66674],[-60.21197,-32.66679],[-60.21164,-32.66694],[-60.21137,-32.66719],[-60.21114,-32.66748],[-60.21093,-32.66777],[-60.2105,-32.66831],[-60.21006,-32.6688],[-60.20962,-32.66924],[-60.20924,-32.66987],[-60.20907,-32.67029],[-60.20893,-32.67065],[-60.20894,-32.67101],[-60.20906,-32.67161],[-60.20927,-32.67227],[-60.20937,-32.67252],[-60.20954,-32.67283],[-60.20988,-32.67318],[-60.2103,-32.67345],[-60.21057,-32.67367],[-60.21093,-32.67404],[-60.21126,-32.67449],[-60.21153,-32.67495],[-60.21169,-32.67541],[-60.21186,-32.6761],[-60.21186,-32.67673],[-60.21179,-32.67747],[-60.21166,-32.67806],[-60.21136,-32.67894],[-60.21104,-32.67975],[-60.21072,-32.68051],[-60.2106,-32.6811],[-60.21057,-32.6815],[-60.21069,-32.68199],[-60.2109,-32.68244],[-60.21118,-32.68287],[-60.21161,-32.6834],[-60.21184,-32.68375],[-60.21206,-32.68417],[-60.21219,-32.6846],[-60.21223,-32.68511],[-60.21215,-32.68556],[-60.21198,-32.68607],[-60.2118,-32.68666],[-60.21165,-32.68725],[-60.21153,-32.68769],[-60.2115,-32.68806],[-60.21158,-32.68842],[-60.21167,-32.68867],[-60.21191,-32.68897],[-60.21228,-32.68936],[-60.21279,-32.68976],[-60.2132,-32.69006],[-60.21369,-32.69035],[-60.21418,-32.69064],[-60.21473,-32.69096],[-60.21518,-32.69121],[-60.21574,-32.69156],[-60.21636,-32.69195],[-60.21688,-32.69226],[-60.21761,-32.69274],[-60.21822,-32.69331],[-60.21847,-32.69378],[-60.21861,-32.69442],[-60.21864,-32.69525],[-60.21859,-32.69561]]}},{"type":"Feature","properties":{"name":"Arroyo La Camiseta","layer":"Rios y Arroyos"},"geometry":{"type":"LineString","coordinates":[[-60.3827,-32.70231],[-60.38262,-32.70233],[-60.38255,-32.70238],[-60.38238,-32.70241],[-60.38232,-32.70241],[-60.38227,-32.70241],[-60.38211,-32.70233],[-60.38202,-32.70235],[-60.38192,-32.70232],[-60.38181,-32.70235],[-60.38161,-32.70232],[-60.38143,-32.70233],[-60.38122,-32.70237],[-60.38101,-32.7024],[-60.38088,-32.7024],[-60.38074,-32.70244],[-60.38044,-32.70242],[-60.38027,-32.70253],[-60.38009,-32.70266],[-60.37992,-32.70278],[-60.37976,-32.70289],[-60.37959,-32.70296],[-60.37944,-32.70303],[-60.37932,-32.70316],[-60.37923,-32.7033],[-60.37919,-32.70343],[-60.37919,-32.70356],[-60.37924,-32.70366],[-60.37929,-32.70379],[-60.37931,-32.70389],[-60.37932,-32.70401],[-60.37926,-32.70412],[-60.37917,-32.70418],[-60.37907,-32.70424],[-60.37896,-32.70441],[-60.37886,-32.70459],[-60.37876,-32.70476],[-60.3787,-32.70496],[-60.37864,-32.70516],[-60.37868,-32.70532],[-60.37871,-32.70542],[-60.37872,-32.70568],[-60.37873,-32.706],[-60.37878,-32.70614],[-60.37887,-32.70629],[-60.37899,-32.70646],[-60.37917,-32.70664],[-60.37929,-32.70677],[-60.37935,-32.70692],[-60.37936,-32.70723],[-60.37927,-32.70745],[-60.37909,-32.7076],[-60.37878,-32.70772],[-60.37815,-32.70793],[-60.37753,-32.70814],[-60.37683,-32.70831],[-60.37563,-32.70849],[-60.37454,-32.70865],[-60.37373,-32.70878],[-60.37282,-32.7087],[-60.372,-32.70869],[-60.37124,-32.7088],[-60.37068,-32.70896],[-60.36986,-32.7092],[-60.36896,-32.7095],[-60.36831,-32.70963],[-60.3676,-32.70965],[-60.36683,-32.70962],[-60.36634,-32.70981],[-60.36606,-32.71019],[-60.36586,-32.71063],[-60.36548,-32.71103],[-60.36502,-32.71124],[-60.36435,-32.71146],[-60.36367,-32.71167],[-60.36302,-32.71167],[-60.36183,-32.71126],[-60.36137,-32.71118],[-60.36107,-32.71123],[-60.3606,-32.71147],[-60.36018,-32.71173],[-60.35967,-32.71195],[-60.35925,-32.71204],[-60.35821,-32.71214],[-60.35793,-32.71235],[-60.35766,-32.71269],[-60.35751,-32.71304],[-60.35748,-32.71335],[-60.35759,-32.71368],[-60.35769,-32.71391],[-60.35766,-32.71421],[-60.35707,-32.71472],[-60.3564,-32.71532],[-60.35558,-32.716],[-60.3547,-32.71676],[-60.35402,-32.71722],[-60.3534,-32.71761],[-60.35307,-32.71809],[-60.35299,-32.71845],[-60.35305,-32.71876],[-60.35325,-32.71928],[-60.35319,-32.71958],[-60.35292,-32.72005],[-60.3529,-32.72138],[-60.35322,-32.72217],[-60.35642,-32.72355],[-60.35798,-32.72443],[-60.35859,-32.72543],[-60.35888,-32.72613],[-60.3591,-32.72667],[-60.35911,-32.72706],[-60.3589,-32.72738],[-60.35862,-32.72761],[-60.3582,-32.72776],[-60.35755,-32.72787],[-60.3568,-32.72798],[-60.35608,-32.72811],[-60.35521,-32.72831],[-60.35468,-32.72841],[-60.35399,-32.72866],[-60.35343,-32.72895],[-60.353,-32.72944],[-60.35286,-32.72992],[-60.35305,-32.73058],[-60.35329,-32.73089],[-60.3537,-32.7313],[-60.35388,-32.73175],[-60.35389,-32.73219],[-60.3536,-32.73276],[-60.35302,-32.73316],[-60.35216,-32.73349],[-60.35134,-32.73385],[-60.35077,-32.73446],[-60.35025,-32.73521],[-60.34929,-32.73588],[-60.3481,-32.73639],[-60.34723,-32.73728],[-60.34711,-32.73819],[-60.34759,-32.73855],[-60.34815,-32.73877],[-60.34892,-32.73889],[-60.34968,-32.73887],[-60.3504,-32.73904],[-60.35088,-32.73939],[-60.35096,-32.73992],[-60.35067,-32.7405],[-60.35002,-32.74103],[-60.3492,-32.74161],[-60.34788,-32.74266],[-60.34651,-32.74345],[-60.34506,-32.74354],[-60.34397,-32.74373],[-60.34307,-32.74417],[-60.34265,-32.7452],[-60.34243,-32.74612],[-60.34165,-32.74719],[-60.34052,-32.74808],[-60.339,-32.7489],[-60.33788,-32.74937],[-60.33697,-32.74978],[-60.33622,-32.75067],[-60.33585,-32.75176],[-60.33561,-32.75316],[-60.33503,-32.75455],[-60.33424,-32.75552],[-60.33361,-32.75711],[-60.33313,-32.75834],[-60.3322,-32.75929],[-60.33071,-32.75968],[-60.32897,-32.76002],[-60.32711,-32.76067],[-60.32601,-32.76124],[-60.32524,-32.7628],[-60.32486,-32.76394],[-60.32433,-32.76523],[-60.32426,-32.7669],[-60.32419,-32.76833],[-60.32363,-32.76923],[-60.32363,-32.76925],[-60.32243,-32.76965],[-60.32101,-32.7699],[-60.31826,-32.77047],[-60.3158,-32.77139],[-60.31382,-32.77209],[-60.31228,-32.77317],[-60.3111,-32.77425],[-60.31074,-32.77527],[-60.31078,-32.77628],[-60.3108,-32.77758],[-60.31045,-32.77845],[-60.31022,-32.77908],[-60.30987,-32.77985],[-60.30925,-32.78162],[-60.30844,-32.78282],[-60.30765,-32.78317],[-60.30678,-32.78312],[-60.30602,-32.78286],[-60.30506,-32.78269],[-60.30389,-32.78281],[-60.3026,-32.78306],[-60.30119,-32.78319],[-60.29976,-32.78337],[-60.2989,-32.78321],[-60.29829,-32.78316],[-60.29722,-32.78323],[-60.29641,-32.78316],[-60.29575,-32.78286],[-60.29544,-32.78227],[-60.2952,-32.78123],[-60.29477,-32.78048],[-60.29377,-32.78023],[-60.29297,-32.78032],[-60.29211,-32.78048],[-60.29122,-32.78081],[-60.29016,-32.78126],[-60.28878,-32.78192],[-60.28774,-32.78281],[-60.28714,-32.78354],[-60.28692,-32.78443],[-60.28713,-32.78516],[-60.28729,-32.7859],[-60.28732,-32.78672],[-60.28687,-32.78761],[-60.28615,-32.78833],[-60.28533,-32.78874],[-60.28454,-32.78883],[-60.28173,-32.78877],[-60.28039,-32.78897],[-60.27919,-32.7893],[-60.27848,-32.78979],[-60.27773,-32.79065],[-60.27705,-32.79216],[-60.27655,-32.79285],[-60.27584,-32.79371],[-60.27566,-32.79462],[-60.27595,-32.79574],[-60.27661,-32.79664],[-60.27719,-32.79731],[-60.27769,-32.79857],[-60.27811,-32.79957],[-60.27845,-32.80052],[-60.27853,-32.80135],[-60.27797,-32.80179],[-60.27709,-32.80185],[-60.27571,-32.8018],[-60.2746,-32.80186],[-60.2733,-32.80209],[-60.27209,-32.80241],[-60.27114,-32.80293],[-60.27041,-32.80333],[-60.26941,-32.80354],[-60.26845,-32.8036],[-60.26737,-32.80375],[-60.2651,-32.80469],[-60.26215,-32.80596],[-60.26116,-32.80644],[-60.26015,-32.80722],[-60.25933,-32.80765],[-60.25771,-32.80803],[-60.256,-32.80831],[-60.25478,-32.80868],[-60.25395,-32.80918],[-60.25346,-32.80976],[-60.25339,-32.81022],[-60.25359,-32.81059],[-60.25402,-32.81084],[-60.25459,-32.81114],[-60.25504,-32.81146],[-60.25565,-32.81169],[-60.25626,-32.81177],[-60.25685,-32.81177],[-60.25736,-32.81173],[-60.25773,-32.81185],[-60.25809,-32.81221],[-60.25835,-32.81267],[-60.25836,-32.81311],[-60.25818,-32.81352],[-60.2578,-32.81395],[-60.25729,-32.81407],[-60.25666,-32.81416],[-60.25604,-32.81416],[-60.25544,-32.81431],[-60.25474,-32.81451],[-60.25399,-32.81487],[-60.25355,-32.81519],[-60.25337,-32.81574],[-60.25355,-32.81612],[-60.25407,-32.81635],[-60.25493,-32.81648],[-60.25552,-32.81647],[-60.25621,-32.81651],[-60.25704,-32.81681],[-60.25764,-32.81743],[-60.25802,-32.8181],[-60.25823,-32.81877],[-60.25848,-32.81934],[-60.2588,-32.8199],[-60.25944,-32.82057],[-60.26017,-32.821],[-60.2607,-32.8214],[-60.26105,-32.82189],[-60.26114,-32.82236],[-60.26088,-32.82306],[-60.26053,-32.82365],[-60.26049,-32.82409],[-60.26053,-32.82462],[-60.26088,-32.82511],[-60.26148,-32.82568],[-60.26198,-32.82624],[-60.26256,-32.82682],[-60.26311,-32.82724],[-60.2636,-32.82742],[-60.26419,-32.82758],[-60.26478,-32.82774],[-60.26539,-32.82805],[-60.26604,-32.82855],[-60.2668,-32.82926],[-60.26755,-32.82975],[-60.26815,-32.83011],[-60.26889,-32.83041],[-60.26943,-32.83057],[-60.27004,-32.83059],[-60.27052,-32.83076],[-60.27099,-32.83128],[-60.2711,-32.83179],[-60.27065,-32.83233],[-60.26996,-32.83278],[-60.26932,-32.83344],[-60.26877,-32.83436],[-60.2684,-32.83527],[-60.26787,-32.8361],[-60.26717,-32.83702],[-60.26676,-32.83758],[-60.26628,-32.83821],[-60.26573,-32.83879],[-60.26508,-32.83922],[-60.26423,-32.83948],[-60.26345,-32.83953],[-60.2623,-32.83941],[-60.26148,-32.83935],[-60.26047,-32.83944],[-60.2591,-32.83946]]}},{"type":"Feature","properties":{"name":"Arroyo Banderas","layer":"Rios y Arroyos"},"geometry":{"type":"LineString","coordinates":[[-60.51988,-32.76286],[-60.5193,-32.7629],[-60.51884,-32.76289],[-60.51837,-32.76278],[-60.51788,-32.76284],[-60.51744,-32.76276],[-60.51701,-32.76262],[-60.51664,-32.76249],[-60.51639,-32.76228],[-60.51609,-32.76206],[-60.51562,-32.76191],[-60.51523,-32.7619],[-60.51491,-32.76201],[-60.51438,-32.76239],[-60.51381,-32.76273],[-60.51334,-32.76293],[-60.5128,-32.76304],[-60.51223,-32.76304],[-60.51188,-32.763],[-60.51147,-32.76283],[-60.51104,-32.7626],[-60.51056,-32.7623],[-60.51002,-32.76185],[-60.50964,-32.76138],[-60.50947,-32.76096],[-60.50946,-32.76064],[-60.50943,-32.76034],[-60.50933,-32.75993],[-60.50909,-32.75947],[-60.50875,-32.75886],[-60.50834,-32.75838],[-60.50778,-32.75783],[-60.50722,-32.75736],[-60.50664,-32.75697],[-60.50598,-32.75656],[-60.50546,-32.75628],[-60.50485,-32.75604],[-60.50413,-32.75577],[-60.50362,-32.75563],[-60.50299,-32.75545],[-60.50194,-32.75521],[-60.50132,-32.75526],[-60.50108,-32.7553],[-60.50089,-32.75538],[-60.50072,-32.7555],[-60.50053,-32.75564],[-60.50039,-32.7558],[-60.50025,-32.75598],[-60.50015,-32.75614],[-60.50003,-32.75631],[-60.49982,-32.7565],[-60.49965,-32.75664],[-60.49949,-32.75675],[-60.49923,-32.75686],[-60.499,-32.75695],[-60.49875,-32.75701],[-60.49851,-32.75702],[-60.49829,-32.75699],[-60.49818,-32.75693],[-60.49779,-32.75689],[-60.49738,-32.7568],[-60.49697,-32.75673],[-60.49649,-32.75666],[-60.4959,-32.75655],[-60.49536,-32.75648],[-60.49489,-32.75642],[-60.49443,-32.75635],[-60.49401,-32.75627],[-60.49347,-32.75614],[-60.49289,-32.75602],[-60.49237,-32.75593],[-60.49189,-32.75591],[-60.49124,-32.75588],[-60.49074,-32.7559],[-60.49002,-32.75593],[-60.48942,-32.75594],[-60.48898,-32.75595],[-60.48848,-32.75601],[-60.48772,-32.75617],[-60.48688,-32.75631],[-60.48607,-32.75645],[-60.48528,-32.75662],[-60.48452,-32.75675],[-60.48352,-32.7569],[-60.48292,-32.75699],[-60.48204,-32.75709],[-60.48136,-32.75716],[-60.4805,-32.7573],[-60.47967,-32.75743],[-60.47905,-32.75758],[-60.47848,-32.75773],[-60.47764,-32.75804],[-60.47694,-32.75831],[-60.47625,-32.75851],[-60.47572,-32.75866],[-60.47512,-32.7589],[-60.47464,-32.75918],[-60.47436,-32.75936],[-60.47374,-32.75983],[-60.47332,-32.76015],[-60.47304,-32.76049],[-60.47273,-32.76089],[-60.4723,-32.76135],[-60.47187,-32.76182],[-60.47143,-32.76235],[-60.47107,-32.76276],[-60.47076,-32.76308],[-60.47047,-32.76329],[-60.47005,-32.76357],[-60.46941,-32.76403],[-60.46885,-32.76442],[-60.46846,-32.76476],[-60.46811,-32.76508],[-60.46781,-32.76543],[-60.46734,-32.76622],[-60.46712,-32.76669],[-60.46689,-32.76723],[-60.4665,-32.76846],[-60.4663,-32.76894],[-60.46599,-32.76945],[-60.46577,-32.76992],[-60.46547,-32.77061],[-60.46532,-32.77128],[-60.46516,-32.77177],[-60.465,-32.77224],[-60.4649,-32.77268],[-60.46475,-32.77356],[-60.46457,-32.77417],[-60.46445,-32.77464],[-60.46437,-32.77512],[-60.46446,-32.7758],[-60.46461,-32.77652],[-60.46472,-32.77717],[-60.46497,-32.77787],[-60.46522,-32.77858],[-60.46542,-32.77907],[-60.4656,-32.77956],[-60.46585,-32.78001],[-60.46607,-32.78036],[-60.46617,-32.78077],[-60.46668,-32.78314],[-60.46733,-32.78591],[-60.46799,-32.78754],[-60.46851,-32.78845],[-60.46956,-32.78975],[-60.47015,-32.79037],[-60.47054,-32.79102],[-60.47068,-32.79151],[-60.47131,-32.7925],[-60.47191,-32.79324],[-60.47235,-32.79397],[-60.47263,-32.79517],[-60.47253,-32.79561],[-60.47226,-32.79592],[-60.47182,-32.79603],[-60.47088,-32.79594],[-60.46985,-32.79583],[-60.46877,-32.79559],[-60.46778,-32.79516],[-60.46715,-32.79487],[-60.46642,-32.79463],[-60.4659,-32.7944],[-60.46546,-32.79411],[-60.46529,-32.79372],[-60.46523,-32.79308],[-60.4651,-32.79257],[-60.46466,-32.79192],[-60.46411,-32.79118],[-60.46358,-32.79056],[-60.46312,-32.78998],[-60.46263,-32.78966],[-60.46196,-32.78942],[-60.46124,-32.78929],[-60.46049,-32.78906],[-60.45975,-32.78885],[-60.45899,-32.78865],[-60.45825,-32.78862],[-60.45748,-32.78852],[-60.45675,-32.78827],[-60.45543,-32.78776],[-60.45416,-32.78732],[-60.45288,-32.78696],[-60.45164,-32.78667],[-60.44973,-32.78613],[-60.44808,-32.78566],[-60.44635,-32.78507],[-60.44442,-32.78438],[-60.44317,-32.78392],[-60.44222,-32.78367],[-60.44145,-32.78358],[-60.43978,-32.78351],[-60.43818,-32.7835],[-60.43679,-32.78348],[-60.43581,-32.78343],[-60.43449,-32.78323],[-60.43335,-32.78291],[-60.43242,-32.78247],[-60.43151,-32.78199],[-60.43068,-32.78146],[-60.42977,-32.78092],[-60.42902,-32.7807],[-60.42826,-32.78049],[-60.4271,-32.78029],[-60.42579,-32.7801],[-60.42474,-32.78003],[-60.42352,-32.78006],[-60.42237,-32.7801],[-60.42045,-32.78016],[-60.41855,-32.78017],[-60.4171,-32.7801],[-60.41596,-32.77987],[-60.4147,-32.77951],[-60.41355,-32.77916],[-60.41238,-32.77887],[-60.41127,-32.77858],[-60.41036,-32.77828],[-60.40932,-32.77777],[-60.40874,-32.77736],[-60.40848,-32.77703],[-60.40839,-32.77671],[-60.4085,-32.77628],[-60.40877,-32.77577],[-60.40937,-32.77495],[-60.40993,-32.7741],[-60.41076,-32.77331],[-60.41142,-32.77264],[-60.41175,-32.77185],[-60.41184,-32.77106],[-60.41154,-32.76999],[-60.41142,-32.76923],[-60.41146,-32.76842],[-60.41154,-32.76765],[-60.41145,-32.76709],[-60.41112,-32.76667],[-60.41073,-32.76637],[-60.41009,-32.76628],[-60.40964,-32.76631],[-60.40929,-32.76627],[-60.40797,-32.76601]]}},{"type":"Feature","properties":{"name":"Arroyo Paranacito","layer":"Rios y Arroyos"},"geometry":{"type":"LineString","coordinates":[[-60.65249,-32.83806],[-60.65183,-32.83852],[-60.65119,-32.8389],[-60.65055,-32.83925],[-60.64975,-32.83964],[-60.64903,-32.84004],[-60.64831,-32.84082],[-60.64776,-32.84179],[-60.64724,-32.84309],[-60.64689,-32.84421],[-60.64658,-32.84506],[-60.64619,-32.8453],[-60.64586,-32.84524],[-60.64551,-32.8452],[-60.64498,-32.84534],[-60.64433,-32.8455],[-60.64361,-32.84551],[-60.64257,-32.84545],[-60.64134,-32.84534],[-60.64038,-32.84531],[-60.63977,-32.84546],[-60.63925,-32.84573],[-60.63893,-32.84607],[-60.63876,-32.84643],[-60.63875,-32.84678],[-60.63882,-32.84697],[-60.6386,-32.84796],[-60.6383,-32.84854],[-60.63783,-32.84903],[-60.63709,-32.84968],[-60.63627,-32.85051],[-60.63535,-32.85134],[-60.63509,-32.85171],[-60.63492,-32.85213],[-60.63479,-32.85259],[-60.63449,-32.85343],[-60.63431,-32.85424],[-60.63383,-32.85534],[-60.63312,-32.85668],[-60.63249,-32.85814],[-60.63247,-32.85864],[-60.63281,-32.85923],[-60.63324,-32.85951],[-60.63358,-32.85961],[-60.63519,-32.86015],[-60.63549,-32.86044],[-60.63562,-32.86089],[-60.63571,-32.86119],[-60.63597,-32.86195],[-60.63714,-32.86336],[-60.63821,-32.86481],[-60.63994,-32.86728],[-60.64035,-32.86796],[-60.6404,-32.86834],[-60.64032,-32.86876],[-60.64005,-32.86911],[-60.63962,-32.8694],[-60.63917,-32.86945],[-60.63785,-32.86955],[-60.63732,-32.86968],[-60.63677,-32.86986],[-60.6363,-32.87017],[-60.63595,-32.87051],[-60.63575,-32.87086],[-60.6357,-32.87107],[-60.63549,-32.87129],[-60.63507,-32.8716],[-60.6345,-32.87211],[-60.63424,-32.87241],[-60.63415,-32.87267],[-60.63404,-32.87323],[-60.63405,-32.87381],[-60.63409,-32.87432],[-60.63396,-32.8746],[-60.63366,-32.87484],[-60.63332,-32.87503],[-60.63288,-32.87519],[-60.63241,-32.87526],[-60.63193,-32.87531],[-60.63151,-32.87539],[-60.63118,-32.87552],[-60.63071,-32.87576],[-60.63034,-32.87607],[-60.62997,-32.87645],[-60.6294,-32.87687],[-60.62884,-32.87719],[-60.62817,-32.87754],[-60.6275,-32.8778],[-60.62678,-32.87803],[-60.62605,-32.87815],[-60.62513,-32.87814],[-60.62447,-32.87808],[-60.62402,-32.87798],[-60.62353,-32.8777],[-60.62302,-32.87734],[-60.62255,-32.87688],[-60.6221,-32.87648],[-60.62171,-32.87618],[-60.62108,-32.87584],[-60.62026,-32.87545],[-60.61917,-32.87495],[-60.6175,-32.87421],[-60.61683,-32.87387],[-60.61612,-32.87343],[-60.61557,-32.87311],[-60.61463,-32.87257],[-60.61375,-32.87197],[-60.61343,-32.87163],[-60.61283,-32.87101],[-60.61224,-32.87047],[-60.61168,-32.87004],[-60.61078,-32.86942],[-60.60995,-32.86889],[-60.60933,-32.86846],[-60.60843,-32.86775],[-60.60754,-32.86707],[-60.60682,-32.86656],[-60.60597,-32.866],[-60.60496,-32.86535],[-60.60453,-32.86516],[-60.60351,-32.86475],[-60.6031,-32.86471],[-60.6028,-32.86457],[-60.60238,-32.86413],[-60.60184,-32.86306],[-60.60147,-32.86227],[-60.60095,-32.86155],[-60.6004,-32.86106],[-60.59983,-32.86071],[-60.5992,-32.86044],[-60.59848,-32.86021],[-60.59769,-32.86005],[-60.59673,-32.86004],[-60.59583,-32.86009],[-60.59507,-32.86026],[-60.59457,-32.86058],[-60.59429,-32.86097],[-60.59402,-32.86136],[-60.59355,-32.86181],[-60.59314,-32.86202],[-60.59271,-32.86206],[-60.59208,-32.86207],[-60.59162,-32.86212],[-60.59118,-32.86226],[-60.59075,-32.86243],[-60.59016,-32.86281],[-60.58955,-32.86341],[-60.58916,-32.86388],[-60.58882,-32.86439],[-60.58856,-32.86487],[-60.58813,-32.86525],[-60.58746,-32.86566],[-60.58653,-32.86613],[-60.5857,-32.86652],[-60.58516,-32.86684],[-60.58409,-32.86763],[-60.58361,-32.868],[-60.58314,-32.86835],[-60.5827,-32.86893],[-60.58248,-32.86948],[-60.58247,-32.87006],[-60.58267,-32.87055],[-60.58287,-32.871],[-60.58284,-32.87139],[-60.58267,-32.87185],[-60.58241,-32.87227],[-60.5821,-32.87277],[-60.58172,-32.87331],[-60.58147,-32.87377],[-60.58131,-32.87418],[-60.58105,-32.8748],[-60.58092,-32.87503],[-60.58111,-32.87611],[-60.5811,-32.87633],[-60.58107,-32.87664],[-60.58115,-32.87688],[-60.58176,-32.87757],[-60.58199,-32.87771],[-60.58329,-32.87798],[-60.58382,-32.87816],[-60.58534,-32.87882],[-60.58641,-32.87916],[-60.58709,-32.87947],[-60.58763,-32.88008],[-60.58797,-32.88096],[-60.58816,-32.88149],[-60.58795,-32.88202],[-60.58771,-32.882],[-60.58725,-32.88163],[-60.58665,-32.88149],[-60.58615,-32.88168],[-60.5852,-32.88213],[-60.58389,-32.88272],[-60.58326,-32.88295],[-60.5826,-32.8834],[-60.58225,-32.88389],[-60.58215,-32.88448],[-60.58221,-32.88491],[-60.58239,-32.88535],[-60.58266,-32.88573],[-60.58308,-32.88603],[-60.58359,-32.88634],[-60.58409,-32.88652],[-60.58439,-32.88664],[-60.58454,-32.88679],[-60.58454,-32.88691],[-60.58446,-32.88704],[-60.58422,-32.8872],[-60.58403,-32.88738],[-60.58378,-32.88766],[-60.58333,-32.88816],[-60.58288,-32.88866],[-60.58234,-32.88931],[-60.58191,-32.88992],[-60.58165,-32.89022],[-60.58124,-32.89057],[-60.58061,-32.89097],[-60.57988,-32.89131],[-60.57912,-32.89167],[-60.5785,-32.89186],[-60.57701,-32.89222],[-60.57556,-32.89252],[-60.57476,-32.89272],[-60.5743,-32.89292],[-60.57385,-32.89318],[-60.57361,-32.89344],[-60.57347,-32.89371],[-60.57343,-32.89404],[-60.57351,-32.89457],[-60.57362,-32.89467],[-60.57398,-32.89475],[-60.57424,-32.89478],[-60.57462,-32.8949],[-60.57511,-32.89507],[-60.5754,-32.89515],[-60.57574,-32.8951],[-60.57635,-32.89496],[-60.57659,-32.89498],[-60.57707,-32.89516],[-60.5776,-32.8954],[-60.57814,-32.89555],[-60.5789,-32.89567],[-60.57939,-32.89562],[-60.57994,-32.8954],[-60.58022,-32.8952],[-60.58043,-32.89486],[-60.58043,-32.89446],[-60.58018,-32.894],[-60.58005,-32.89363],[-60.58002,-32.89322],[-60.58018,-32.89296],[-60.58053,-32.89276],[-60.58108,-32.8926],[-60.58141,-32.89264],[-60.58162,-32.89273],[-60.58189,-32.89292],[-60.58231,-32.8932],[-60.58255,-32.89343],[-60.58276,-32.89375],[-60.5828,-32.89404],[-60.58272,-32.89427],[-60.58262,-32.89451],[-60.58257,-32.89481],[-60.5825,-32.89525],[-60.5823,-32.89575],[-60.58197,-32.89628],[-60.58145,-32.89677],[-60.58095,-32.89712],[-60.58077,-32.89735],[-60.5806,-32.89765],[-60.58058,-32.89794],[-60.58069,-32.89822],[-60.58092,-32.89843],[-60.58126,-32.89855],[-60.58166,-32.89852],[-60.5821,-32.89837],[-60.58306,-32.89783],[-60.58414,-32.8971],[-60.5845,-32.89678],[-60.58471,-32.89647],[-60.58477,-32.8959],[-60.5846,-32.89548],[-60.5846,-32.89517],[-60.58479,-32.89485],[-60.58507,-32.89462],[-60.58582,-32.8943],[-60.58616,-32.89442],[-60.58663,-32.89473],[-60.58681,-32.895],[-60.58698,-32.89543],[-60.58711,-32.89593],[-60.58714,-32.89636],[-60.58705,-32.89691],[-60.58681,-32.89724],[-60.58652,-32.89738],[-60.58582,-32.8975],[-60.58513,-32.89762],[-60.58443,-32.89786],[-60.58414,-32.89803],[-60.58369,-32.89841],[-60.58343,-32.89872],[-60.58288,-32.89951],[-60.58267,-32.90016],[-60.58266,-32.90059],[-60.58279,-32.90118],[-60.58297,-32.90158],[-60.58316,-32.90176],[-60.58342,-32.90195],[-60.58373,-32.90219],[-60.58398,-32.9025],[-60.5842,-32.90289],[-60.58438,-32.90354],[-60.58449,-32.90415],[-60.58456,-32.90473],[-60.58454,-32.90493],[-60.58436,-32.90537],[-60.58401,-32.9061],[-60.58387,-32.90646],[-60.58349,-32.90693],[-60.58322,-32.90707],[-60.583,-32.90718],[-60.58278,-32.9074],[-60.58256,-32.90771],[-60.58244,-32.9079],[-60.58241,-32.90817],[-60.58234,-32.90837],[-60.58225,-32.90861],[-60.58221,-32.90899],[-60.58223,-32.90939],[-60.58222,-32.90973],[-60.5823,-32.91021],[-60.5825,-32.91081],[-60.58258,-32.9113],[-60.58246,-32.9116],[-60.58215,-32.91199],[-60.58153,-32.91251],[-60.58108,-32.91272],[-60.58069,-32.9129],[-60.58029,-32.91315],[-60.57984,-32.91349],[-60.5796,-32.91379],[-60.57929,-32.91429],[-60.57914,-32.91463],[-60.57908,-32.91498],[-60.57891,-32.91551],[-60.5787,-32.91592],[-60.57835,-32.91653],[-60.57787,-32.91724],[-60.5771,-32.918],[-60.57673,-32.91835],[-60.57607,-32.91883],[-60.57538,-32.9192],[-60.57502,-32.91937],[-60.57457,-32.91958],[-60.57369,-32.92004],[-60.57318,-32.92029],[-60.57293,-32.9204],[-60.57265,-32.92059],[-60.57169,-32.92113],[-60.57088,-32.92153],[-60.57016,-32.92185],[-60.56945,-32.9221],[-60.56899,-32.92224],[-60.56818,-32.92245],[-60.56741,-32.92265],[-60.56617,-32.92289],[-60.56548,-32.92304],[-60.56439,-32.92328],[-60.56222,-32.92354],[-60.56037,-32.92365],[-60.55896,-32.92363],[-60.55755,-32.92358],[-60.55664,-32.92353],[-60.55575,-32.92354],[-60.5549,-32.92365],[-60.55385,-32.92391],[-60.55308,-32.92412],[-60.55242,-32.92442],[-60.55131,-32.92493],[-60.55011,-32.92549],[-60.54921,-32.92573],[-60.54862,-32.92585],[-60.54796,-32.9259],[-60.54713,-32.92594],[-60.54525,-32.92589],[-60.5444,-32.92605],[-60.54329,-32.92644],[-60.54209,-32.92703],[-60.54055,-32.9278],[-60.53986,-32.92807],[-60.53954,-32.92809],[-60.53926,-32.92833],[-60.53743,-32.92883],[-60.53446,-32.92955],[-60.53363,-32.92968],[-60.53229,-32.93],[-60.53174,-32.93011],[-60.53103,-32.93037],[-60.53006,-32.93066],[-60.52862,-32.93115]]}},{"type":"Feature","properties":{"name":"Arroyo Paranacito","layer":"Rios y Arroyos"},"geometry":{"type":"LineString","coordinates":[[-60.52862,-32.93115],[-60.52758,-32.93164],[-60.52648,-32.9323],[-60.52569,-32.93296],[-60.52526,-32.9335],[-60.5249,-32.93409],[-60.52488,-32.93445],[-60.52533,-32.93544],[-60.52627,-32.93673],[-60.52713,-32.93772],[-60.5275,-32.93821],[-60.52778,-32.93895],[-60.5278,-32.93929],[-60.52761,-32.93989],[-60.52716,-32.94076],[-60.52655,-32.94189],[-60.52621,-32.94241],[-60.52602,-32.94298],[-60.52582,-32.94412],[-60.52563,-32.94582],[-60.52552,-32.94696],[-60.52552,-32.94771],[-60.52578,-32.94835],[-60.52631,-32.94887],[-60.52714,-32.94932],[-60.52781,-32.94958],[-60.52889,-32.94999],[-60.52953,-32.95033],[-60.53004,-32.95041],[-60.53062,-32.95027],[-60.53174,-32.9498],[-60.53273,-32.94953],[-60.53379,-32.94961],[-60.5348,-32.94991],[-60.53567,-32.95044],[-60.53605,-32.951],[-60.53624,-32.95156],[-60.53629,-32.95269],[-60.5363,-32.95328],[-60.53613,-32.95383],[-60.5358,-32.95438],[-60.53529,-32.95487],[-60.53473,-32.95528],[-60.53371,-32.95599],[-60.53298,-32.95639],[-60.53194,-32.95687],[-60.53113,-32.95703],[-60.53039,-32.95708],[-60.52925,-32.95713],[-60.52828,-32.95708],[-60.52662,-32.95704],[-60.52542,-32.95694],[-60.52433,-32.95698],[-60.52295,-32.95707],[-60.52213,-32.95722],[-60.52084,-32.95754],[-60.51999,-32.95782],[-60.51895,-32.95833],[-60.51835,-32.95873],[-60.51796,-32.95909],[-60.51759,-32.9595],[-60.51688,-32.96006],[-60.51616,-32.9606],[-60.51555,-32.9615],[-60.51463,-32.96261],[-60.51368,-32.96369],[-60.5133,-32.96404],[-60.51286,-32.96484],[-60.51249,-32.96537],[-60.51223,-32.96585],[-60.512,-32.96732],[-60.51188,-32.9682],[-60.51161,-32.96875],[-60.51111,-32.96925],[-60.51062,-32.96966],[-60.50995,-32.9701],[-60.50917,-32.97041],[-60.5082,-32.97073],[-60.50725,-32.97082],[-60.50637,-32.97082],[-60.50524,-32.97102],[-60.5042,-32.97145],[-60.50309,-32.97203],[-60.50238,-32.97256],[-60.50151,-32.97336],[-60.50104,-32.97377],[-60.50049,-32.97471],[-60.50025,-32.9754],[-60.50016,-32.97624],[-60.50027,-32.9772],[-60.50069,-32.97803],[-60.50126,-32.97862],[-60.50207,-32.9791],[-60.50295,-32.9794],[-60.50382,-32.97956],[-60.50692,-32.97932],[-60.50771,-32.97914],[-60.50918,-32.97866],[-60.51003,-32.97854],[-60.51104,-32.9786],[-60.51183,-32.97882],[-60.5131,-32.97937],[-60.51483,-32.98036],[-60.51611,-32.98145],[-60.51635,-32.98243],[-60.51645,-32.98356],[-60.51598,-32.98678],[-60.5158,-32.99005],[-60.51472,-32.99493],[-60.51225,-33.00014],[-60.51101,-33.00227],[-60.50836,-33.0052],[-60.50512,-33.00786],[-60.50286,-33.00974],[-60.49943,-33.0121],[-60.49824,-33.01301],[-60.49682,-33.0146],[-60.49605,-33.01556],[-60.49558,-33.0162],[-60.49499,-33.01845],[-60.49446,-33.01953],[-60.49316,-33.02119],[-60.49064,-33.02421],[-60.48707,-33.02909],[-60.4849,-33.03174],[-60.48339,-33.03472],[-60.48262,-33.03727],[-60.48253,-33.03996],[-60.4832,-33.04314],[-60.48462,-33.04565],[-60.48558,-33.0468],[-60.48616,-33.04816],[-60.48698,-33.05057],[-60.48722,-33.05404],[-60.48706,-33.05619],[-60.48661,-33.05831],[-60.48596,-33.06029],[-60.48331,-33.06352],[-60.48011,-33.06662],[-60.4759,-33.07106],[-60.47056,-33.07574],[-60.46512,-33.07965],[-60.46053,-33.08175],[-60.45632,-33.08312],[-60.45221,-33.0835],[-60.44843,-33.08319],[-60.44235,-33.08171],[-60.43711,-33.07941],[-60.43328,-33.07617],[-60.43173,-33.0736],[-60.43139,-33.07004],[-60.43106,-33.06676],[-60.43169,-33.06447],[-60.43168,-33.06244],[-60.43083,-33.0609],[-60.42988,-33.06014],[-60.4286,-33.05869],[-60.42733,-33.05734],[-60.42567,-33.05669],[-60.42413,-33.05642],[-60.42269,-33.0565],[-60.42111,-33.05715],[-60.4182,-33.05798],[-60.41522,-33.05915],[-60.41263,-33.0607],[-60.41113,-33.06227],[-60.40976,-33.06424],[-60.40847,-33.06651],[-60.40799,-33.06832],[-60.40829,-33.06995],[-60.40812,-33.07205],[-60.407,-33.07607],[-60.40401,-33.081],[-60.4015,-33.08317],[-60.39995,-33.08359],[-60.39813,-33.08414],[-60.39564,-33.08465],[-60.39228,-33.08481],[-60.38553,-33.08486],[-60.38008,-33.08482],[-60.37743,-33.08461],[-60.3746,-33.08409],[-60.37095,-33.08377],[-60.36901,-33.08399],[-60.36652,-33.08459],[-60.36459,-33.0855],[-60.36284,-33.08657],[-60.36116,-33.08801],[-60.35948,-33.08963],[-60.35782,-33.0918],[-60.35659,-33.09396],[-60.35581,-33.09643],[-60.3557,-33.09753],[-60.35589,-33.09994],[-60.35661,-33.10278],[-60.35787,-33.10614]]}},{"type":"Feature","properties":{"name":"Arroyo El Caica","layer":"Rios y Arroyos"},"geometry":{"type":"LineString","coordinates":[[-60.56196,-32.95931],[-60.5618,-32.95929],[-60.56165,-32.95918],[-60.56141,-32.95905],[-60.56111,-32.95904],[-60.56093,-32.959],[-60.56076,-32.95895],[-60.56055,-32.95893],[-60.56033,-32.95895],[-60.56012,-32.95903],[-60.55991,-32.95915],[-60.55977,-32.95918],[-60.55969,-32.95916],[-60.55958,-32.95902],[-60.55947,-32.95886],[-60.55924,-32.95862],[-60.55902,-32.95846],[-60.55879,-32.95831],[-60.55858,-32.95824],[-60.55833,-32.95811],[-60.55812,-32.95804],[-60.55788,-32.95802],[-60.55767,-32.95802],[-60.55732,-32.9579],[-60.55711,-32.95786],[-60.55679,-32.95785],[-60.55634,-32.95794],[-60.55602,-32.95791],[-60.55564,-32.95782],[-60.55528,-32.95777],[-60.5549,-32.95777],[-60.55463,-32.95773],[-60.55448,-32.95764],[-60.5544,-32.95743],[-60.55438,-32.95725],[-60.55428,-32.95715],[-60.55407,-32.95703],[-60.5538,-32.95688],[-60.55355,-32.95678],[-60.55334,-32.95671],[-60.55323,-32.95649],[-60.5531,-32.95625],[-60.55303,-32.95606],[-60.55297,-32.9559],[-60.55302,-32.95575],[-60.55313,-32.95554],[-60.55322,-32.95532],[-60.55333,-32.95514],[-60.55346,-32.95504],[-60.55363,-32.95495],[-60.55381,-32.95472],[-60.55386,-32.95462],[-60.55415,-32.95434],[-60.55437,-32.95411],[-60.55449,-32.95399],[-60.55465,-32.95391],[-60.55478,-32.95387],[-60.55484,-32.9538],[-60.55483,-32.95368],[-60.55479,-32.95357],[-60.55468,-32.95351],[-60.55453,-32.9535],[-60.55437,-32.95349],[-60.5542,-32.95345],[-60.55409,-32.95336],[-60.55401,-32.95321],[-60.55398,-32.95307],[-60.55402,-32.95296],[-60.55407,-32.95285],[-60.55406,-32.95275],[-60.55401,-32.95271],[-60.55388,-32.95268],[-60.55377,-32.95262],[-60.55368,-32.95249],[-60.55358,-32.95239],[-60.55353,-32.95234],[-60.55349,-32.95226],[-60.55339,-32.95216],[-60.55332,-32.95216],[-60.55308,-32.95223],[-60.55291,-32.95227],[-60.55265,-32.95221],[-60.55231,-32.95208],[-60.55209,-32.95203],[-60.55191,-32.95189],[-60.55175,-32.9517],[-60.55159,-32.95156],[-60.55143,-32.95144],[-60.55135,-32.95128],[-60.55127,-32.95109],[-60.55118,-32.95099],[-60.55114,-32.95086],[-60.55117,-32.95078],[-60.55125,-32.95072],[-60.55131,-32.95061],[-60.5513,-32.95045],[-60.55115,-32.9503],[-60.55093,-32.95016],[-60.55074,-32.95008],[-60.55058,-32.95009],[-60.55049,-32.95019],[-60.55037,-32.95035],[-60.55021,-32.95052],[-60.55004,-32.95065],[-60.54977,-32.95072],[-60.5495,-32.9508],[-60.5493,-32.95093],[-60.54908,-32.95107],[-60.54892,-32.95109],[-60.5488,-32.95099],[-60.54865,-32.9508],[-60.54832,-32.95061],[-60.54796,-32.95043],[-60.54769,-32.95034],[-60.54737,-32.95026],[-60.54709,-32.95026],[-60.54696,-32.95034],[-60.54687,-32.95052],[-60.54679,-32.95073],[-60.54664,-32.95092],[-60.54646,-32.95102],[-60.54599,-32.95101],[-60.54564,-32.95103],[-60.54538,-32.9512],[-60.5453,-32.95147],[-60.54533,-32.95177],[-60.5453,-32.95212],[-60.54521,-32.95244],[-60.54502,-32.95266],[-60.54478,-32.95277],[-60.54449,-32.95281],[-60.54427,-32.95275],[-60.54411,-32.95257],[-60.54369,-32.95238],[-60.54319,-32.95219],[-60.5428,-32.95216],[-60.54256,-32.95224],[-60.54232,-32.95242],[-60.54211,-32.95249],[-60.54172,-32.95248],[-60.54144,-32.95252],[-60.54102,-32.95271],[-60.5408,-32.95289],[-60.54064,-32.95313],[-60.54046,-32.95328],[-60.54012,-32.95343],[-60.53968,-32.95351],[-60.53912,-32.95354],[-60.53851,-32.95354],[-60.53824,-32.9535],[-60.53796,-32.95339],[-60.53753,-32.95329],[-60.53721,-32.95328],[-60.53698,-32.95329],[-60.53685,-32.95335],[-60.53674,-32.95338],[-60.53655,-32.95338],[-60.53639,-32.95343]]}},{"type":"Feature","properties":{"name":"Arroyo Colgado Grande","layer":"Rios y Arroyos"},"geometry":{"type":"LineString","coordinates":[[-60.47028,-32.83567],[-60.47058,-32.83503],[-60.47069,-32.83454],[-60.47067,-32.83403],[-60.47053,-32.83377],[-60.47017,-32.83358],[-60.46976,-32.83346],[-60.46931,-32.83342],[-60.46885,-32.83345],[-60.46847,-32.83355],[-60.46806,-32.83359],[-60.46755,-32.83351],[-60.46708,-32.83348],[-60.46671,-32.83353],[-60.46629,-32.83361],[-60.46582,-32.83363],[-60.46528,-32.83365],[-60.46471,-32.83361],[-60.46412,-32.83356],[-60.46345,-32.83344],[-60.46285,-32.83325],[-60.46233,-32.83302],[-60.46174,-32.83265],[-60.46128,-32.83223],[-60.46103,-32.83182],[-60.46095,-32.83154],[-60.46088,-32.83126],[-60.46065,-32.83084],[-60.46036,-32.83043],[-60.45983,-32.82961],[-60.4594,-32.82873],[-60.45918,-32.82802],[-60.45908,-32.82753],[-60.45893,-32.82703],[-60.45859,-32.82651],[-60.45791,-32.82582],[-60.45722,-32.8252],[-60.45647,-32.82463],[-60.45583,-32.82431],[-60.45496,-32.824],[-60.45422,-32.82374],[-60.45349,-32.82344],[-60.4526,-32.82306],[-60.45192,-32.82285],[-60.4514,-32.82279],[-60.45095,-32.82272],[-60.45008,-32.82249],[-60.44904,-32.82223],[-60.44803,-32.82196],[-60.44708,-32.82177],[-60.44668,-32.82173],[-60.44616,-32.82175],[-60.44564,-32.8217],[-60.44508,-32.82155],[-60.44464,-32.82138],[-60.44421,-32.82122],[-60.44382,-32.82109],[-60.44342,-32.82103],[-60.44304,-32.82101],[-60.44268,-32.82105],[-60.44246,-32.82119],[-60.44228,-32.82138],[-60.44208,-32.82157],[-60.4418,-32.8216],[-60.44151,-32.82155],[-60.44125,-32.82144],[-60.44091,-32.82139],[-60.4406,-32.8214],[-60.44031,-32.82152],[-60.44,-32.82172],[-60.43967,-32.82182],[-60.43925,-32.82186],[-60.43875,-32.82178],[-60.43829,-32.82173],[-60.4378,-32.82169],[-60.43698,-32.82151],[-60.43645,-32.82139],[-60.43589,-32.82115],[-60.43524,-32.82089],[-60.43447,-32.82066],[-60.43294,-32.82004],[-60.43136,-32.8194],[-60.43023,-32.81899],[-60.42876,-32.81832],[-60.42764,-32.81775],[-60.42649,-32.81706],[-60.42581,-32.8168],[-60.42516,-32.8165],[-60.42435,-32.81604],[-60.42373,-32.81558],[-60.42278,-32.81501],[-60.42201,-32.81457],[-60.42096,-32.81389],[-60.42011,-32.81329],[-60.41925,-32.81265],[-60.41762,-32.81114],[-60.41704,-32.81047],[-60.41623,-32.80988],[-60.41548,-32.80928],[-60.41486,-32.80855],[-60.41391,-32.80734],[-60.413,-32.80594],[-60.41212,-32.80428],[-60.41084,-32.8022],[-60.40981,-32.80078],[-60.40892,-32.79963],[-60.40814,-32.79898],[-60.40775,-32.79887],[-60.40733,-32.79899],[-60.40653,-32.7994],[-60.40603,-32.79987],[-60.4055,-32.80034],[-60.4049,-32.80083],[-60.40432,-32.80129],[-60.40384,-32.80187],[-60.40343,-32.80263],[-60.4031,-32.8033],[-60.4029,-32.8039],[-60.40272,-32.80491],[-60.40269,-32.80588],[-60.40275,-32.80685],[-60.40295,-32.80767],[-60.40317,-32.80845],[-60.40363,-32.80962],[-60.40423,-32.81058],[-60.40472,-32.81146],[-60.40521,-32.81235],[-60.40554,-32.81298],[-60.40623,-32.8143],[-60.4067,-32.81541],[-60.40705,-32.81652],[-60.40724,-32.8175],[-60.40729,-32.81829],[-60.4071,-32.81985],[-60.40693,-32.82103],[-60.40674,-32.82209],[-60.40661,-32.82299],[-60.40627,-32.82548],[-60.40601,-32.82725],[-60.4058,-32.82838],[-60.40545,-32.82997],[-60.40513,-32.8313],[-60.4048,-32.83246],[-60.4045,-32.83348],[-60.40419,-32.83444],[-60.40373,-32.83575],[-60.40328,-32.83678],[-60.40277,-32.83778],[-60.40245,-32.83849],[-60.40171,-32.83979],[-60.40082,-32.8408],[-60.39977,-32.84195],[-60.39912,-32.84289],[-60.39862,-32.84355],[-60.39731,-32.84476],[-60.39625,-32.84556],[-60.39506,-32.8464],[-60.39387,-32.84702],[-60.393,-32.84732],[-60.39229,-32.84749],[-60.39148,-32.84761],[-60.39056,-32.84769],[-60.38974,-32.84778],[-60.38889,-32.84792],[-60.38835,-32.84808],[-60.38787,-32.84831],[-60.38751,-32.84853],[-60.38715,-32.8488],[-60.38677,-32.84915],[-60.38611,-32.84987],[-60.38544,-32.85061],[-60.38493,-32.85123],[-60.38442,-32.85164],[-60.38366,-32.85211],[-60.38297,-32.8526],[-60.38226,-32.85304],[-60.3804,-32.85399],[-60.37933,-32.8545],[-60.37761,-32.85531],[-60.37657,-32.85593],[-60.37591,-32.85637],[-60.37538,-32.85657],[-60.37436,-32.85705],[-60.37327,-32.85751],[-60.37221,-32.85801],[-60.37136,-32.85837],[-60.37042,-32.85867],[-60.36969,-32.85882],[-60.36917,-32.85884],[-60.36826,-32.85903],[-60.36717,-32.85939],[-60.3663,-32.8598],[-60.36563,-32.86015],[-60.36482,-32.86051],[-60.36405,-32.86074],[-60.36345,-32.86091],[-60.36227,-32.86117],[-60.36095,-32.86138],[-60.36032,-32.86153],[-60.35916,-32.86186],[-60.35778,-32.86237],[-60.3569,-32.86294],[-60.35608,-32.86341],[-60.35513,-32.86398],[-60.35439,-32.86436],[-60.35372,-32.86487],[-60.35318,-32.86538],[-60.35272,-32.86582],[-60.35202,-32.8665],[-60.35149,-32.86719],[-60.35091,-32.86786],[-60.3503,-32.86828],[-60.34961,-32.86852],[-60.34894,-32.86869],[-60.34828,-32.86869],[-60.34712,-32.8685],[-60.34585,-32.86802],[-60.34462,-32.8675],[-60.34373,-32.86704],[-60.34321,-32.8666],[-60.34238,-32.86628],[-60.34115,-32.86578],[-60.33999,-32.86538],[-60.33929,-32.86506],[-60.33825,-32.86449],[-60.33752,-32.86419],[-60.33702,-32.86427],[-60.33653,-32.86474],[-60.33606,-32.86545]]}},{"type":"Feature","properties":{"name":"Arroyo El Dorado","layer":"Rios y Arroyos"},"geometry":{"type":"LineString","coordinates":[[-60.40222,-33.08389],[-60.40478,-33.08497],[-60.407,-33.08568],[-60.40952,-33.0866],[-60.4118,-33.08766],[-60.41342,-33.08823],[-60.41494,-33.0889],[-60.41705,-33.09031],[-60.418,-33.09086],[-60.41995,-33.0922],[-60.42153,-33.09306],[-60.42279,-33.09349],[-60.42538,-33.09479],[-60.42706,-33.0957],[-60.43056,-33.09756],[-60.43196,-33.09816],[-60.43558,-33.09928],[-60.43655,-33.09955],[-60.43776,-33.09969],[-60.44275,-33.10137],[-60.44409,-33.10201],[-60.44687,-33.10278],[-60.44997,-33.10349],[-60.45128,-33.10345],[-60.45182,-33.10378],[-60.45139,-33.10433],[-60.44854,-33.10548],[-60.4463,-33.10706],[-60.44605,-33.10767],[-60.44617,-33.10791]]}},{"type":"Feature","properties":{"name":"Arroyo Estevez","layer":"Rios y Arroyos"},"geometry":{"type":"LineString","coordinates":[[-60.35795,-33.10697],[-60.3592,-33.10844],[-60.35945,-33.10967],[-60.35963,-33.11149],[-60.35955,-33.11326],[-60.3598,-33.11508],[-60.36012,-33.11626],[-60.36069,-33.11783],[-60.36185,-33.11919],[-60.36255,-33.1202],[-60.36293,-33.12188],[-60.36256,-33.1235],[-60.36184,-33.12496],[-60.36046,-33.12682],[-60.3588,-33.12824],[-60.35708,-33.12932],[-60.35532,-33.13032],[-60.35451,-33.13099],[-60.35403,-33.1321],[-60.35364,-33.13312],[-60.35296,-33.13389],[-60.35132,-33.13446],[-60.34896,-33.13491],[-60.34677,-33.13521],[-60.34476,-33.13555],[-60.34296,-33.13604],[-60.34121,-33.1367],[-60.33921,-33.13768],[-60.33746,-33.13868],[-60.33582,-33.13981],[-60.33468,-33.14083],[-60.33384,-33.14206],[-60.33299,-33.14409],[-60.33223,-33.146],[-60.33144,-33.14806],[-60.33029,-33.15029],[-60.32907,-33.15262],[-60.32814,-33.15455],[-60.32756,-33.15617],[-60.32709,-33.15782],[-60.32694,-33.15908],[-60.32729,-33.16107],[-60.32764,-33.16272],[-60.32753,-33.16453],[-60.32721,-33.16571],[-60.32677,-33.16645],[-60.32619,-33.16719],[-60.32608,-33.16773],[-60.32653,-33.16872]]}},{"type":"Feature","properties":{"name":"Arroyo Los Laureles","layer":"Rios y Arroyos"},"geometry":{"type":"LineString","coordinates":[[-60.35757,-33.10685],[-60.35469,-33.10645],[-60.35325,-33.10652],[-60.35203,-33.10701],[-60.35093,-33.10773],[-60.34992,-33.1081],[-60.34888,-33.10807],[-60.34793,-33.10761],[-60.34689,-33.10744],[-60.3455,-33.10767],[-60.34112,-33.10912],[-60.33984,-33.10972],[-60.33744,-33.11103],[-60.33596,-33.11117],[-60.33449,-33.11093],[-60.33331,-33.11019],[-60.33111,-33.1075],[-60.33081,-33.1065],[-60.33203,-33.10428],[-60.33203,-33.10311],[-60.3302,-33.09881],[-60.32911,-33.09755],[-60.32775,-33.09636],[-60.32581,-33.09576],[-60.32366,-33.09531],[-60.31985,-33.09346],[-60.31596,-33.09174],[-60.3143,-33.09101],[-60.3131,-33.09009],[-60.31223,-33.08847],[-60.31228,-33.08721],[-60.31325,-33.08585],[-60.31622,-33.08387],[-60.3168,-33.08306],[-60.31672,-33.08222],[-60.31588,-33.08181],[-60.31289,-33.08183],[-60.31184,-33.08233],[-60.31006,-33.08321],[-60.30797,-33.08306],[-60.30243,-33.08482],[-60.29889,-33.08552],[-60.29574,-33.08589],[-60.29157,-33.08639],[-60.29012,-33.08417],[-60.28939,-33.08315],[-60.28791,-33.08217],[-60.28548,-33.081],[-60.28172,-33.07973],[-60.28045,-33.07903],[-60.28004,-33.07828],[-60.28003,-33.07653],[-60.27966,-33.07568],[-60.27862,-33.07512],[-60.27734,-33.0753],[-60.27483,-33.07699],[-60.27344,-33.07728],[-60.27179,-33.07709],[-60.27029,-33.07637],[-60.26836,-33.07471],[-60.26694,-33.07384],[-60.26548,-33.07357],[-60.26381,-33.07362],[-60.26223,-33.07425],[-60.26094,-33.07532],[-60.26064,-33.07654],[-60.26077,-33.07846],[-60.26088,-33.07976],[-60.26027,-33.08043],[-60.25916,-33.08039],[-60.25781,-33.07995],[-60.25569,-33.07874],[-60.25406,-33.07815],[-60.24836,-33.07698],[-60.24695,-33.07702],[-60.24469,-33.07749],[-60.24213,-33.07864],[-60.24038,-33.07894],[-60.2378,-33.07858],[-60.23701,-33.07872],[-60.23582,-33.07958],[-60.23528,-33.0807],[-60.23518,-33.08204],[-60.23559,-33.08339],[-60.23615,-33.08474],[-60.23618,-33.08602],[-60.23532,-33.08689],[-60.23332,-33.0871],[-60.2305,-33.08689],[-60.2281,-33.08692],[-60.22564,-33.08754],[-60.22435,-33.08834],[-60.22416,-33.08922],[-60.22558,-33.09205],[-60.22675,-33.09506],[-60.22707,-33.09631],[-60.22661,-33.09734],[-60.22552,-33.098],[-60.22389,-33.09848],[-60.21708,-33.09969],[-60.21549,-33.1001],[-60.21248,-33.10092],[-60.21143,-33.10095],[-60.21044,-33.10063],[-60.2098,-33.10001],[-60.20944,-33.09922],[-60.20881,-33.0964],[-60.20781,-33.09553],[-60.2064,-33.09532],[-60.20488,-33.09543],[-60.20336,-33.09596],[-60.2022,-33.09679],[-60.20121,-33.09841],[-60.20069,-33.09994],[-60.1999,-33.10318],[-60.1996,-33.10553],[-60.19953,-33.1069],[-60.19934,-33.10988],[-60.19912,-33.11246],[-60.19848,-33.11342],[-60.19533,-33.11567],[-60.19404,-33.1166],[-60.19197,-33.11842],[-60.18757,-33.12188],[-60.1855,-33.12295],[-60.18362,-33.12333],[-60.1822,-33.1239],[-60.18136,-33.12468],[-60.18002,-33.12656],[-60.17935,-33.12726],[-60.1777,-33.12818],[-60.17581,-33.12886],[-60.17115,-33.1298],[-60.16983,-33.13024],[-60.16736,-33.13147],[-60.16474,-33.13275],[-60.16287,-33.13346],[-60.15909,-33.13464],[-60.15619,-33.13587],[-60.15507,-33.13669],[-60.15455,-33.1376],[-60.1542,-33.13909],[-60.15267,-33.14308],[-60.15163,-33.14522],[-60.15073,-33.14702],[-60.15026,-33.14846],[-60.15017,-33.14958],[-60.15056,-33.15041],[-60.15234,-33.15154],[-60.15453,-33.15254],[-60.15614,-33.15343],[-60.15738,-33.15462],[-60.15781,-33.15553],[-60.1576,-33.15645],[-60.15661,-33.15761],[-60.15431,-33.15847],[-60.15175,-33.15898],[-60.14928,-33.15907],[-60.14747,-33.15872],[-60.14467,-33.15807],[-60.14304,-33.15792],[-60.13995,-33.15801],[-60.13813,-33.15827],[-60.13473,-33.15977],[-60.1313,-33.16108],[-60.12916,-33.16211],[-60.12744,-33.16335],[-60.12623,-33.16492],[-60.12587,-33.16633],[-60.12599,-33.16788],[-60.12582,-33.16922],[-60.12526,-33.17039],[-60.12423,-33.17252],[-60.12298,-33.1745],[-60.11965,-33.17764],[-60.11755,-33.17942],[-60.11563,-33.18174],[-60.11429,-33.18384],[-60.11349,-33.18552],[-60.11301,-33.18734],[-60.11296,-33.18848],[-60.11189,-33.19105],[-60.11047,-33.19276],[-60.10841,-33.19403],[-60.10599,-33.19452],[-60.10343,-33.19473],[-60.10173,-33.19494],[-60.09901,-33.1956],[-60.0963,-33.19629],[-60.09372,-33.1966],[-60.09062,-33.19681],[-60.08799,-33.19686],[-60.08485,-33.19714],[-60.08265,-33.19769],[-60.08015,-33.19881],[-60.07518,-33.20132],[-60.071,-33.20382],[-60.0682,-33.20551],[-60.06593,-33.20658],[-60.06402,-33.20723],[-60.06181,-33.20779],[-60.05967,-33.20847],[-60.05769,-33.20977],[-60.05542,-33.21151],[-60.05302,-33.21249],[-60.05118,-33.21278],[-60.04954,-33.2123],[-60.04813,-33.21138],[-60.04631,-33.21088],[-60.04422,-33.21059],[-60.0425,-33.2107],[-60.04076,-33.21117],[-60.03897,-33.21188],[-60.03742,-33.2125],[-60.03585,-33.21268],[-60.03424,-33.2125],[-60.03273,-33.21198],[-60.03066,-33.21084],[-60.02813,-33.20938],[-60.02605,-33.20881],[-60.02439,-33.20874],[-60.02278,-33.2091],[-60.02129,-33.20985],[-60.02029,-33.21091],[-60.01917,-33.21284],[-60.01853,-33.21497],[-60.01781,-33.21628],[-60.01655,-33.21758],[-60.01494,-33.21835],[-60.01267,-33.21937],[-60.01138,-33.22025],[-60.01042,-33.22156],[-60.00987,-33.2234],[-60.00952,-33.22473],[-60.00879,-33.22559],[-60.00731,-33.2264],[-60.00553,-33.22675],[-60.00418,-33.2266],[-60.00269,-33.22589],[-60.00101,-33.22507],[-59.99906,-33.22447],[-59.99668,-33.22393],[-59.99425,-33.22409],[-59.99265,-33.22483],[-59.99126,-33.22576],[-59.98858,-33.22764],[-59.98705,-33.22867],[-59.98545,-33.22969],[-59.98461,-33.23081],[-59.98424,-33.2319],[-59.98466,-33.23313],[-59.98574,-33.23467],[-59.98769,-33.23712],[-59.98832,-33.23861],[-59.98907,-33.24099],[-59.98921,-33.24295],[-59.9889,-33.24499],[-59.98802,-33.2468],[-59.98684,-33.24845],[-59.98381,-33.2511],[-59.9803,-33.25358],[-59.97848,-33.25405],[-59.97713,-33.25362]]}},{"type":"Feature","properties":{"name":"Arroyo San Lorencito","layer":"Rios y Arroyos"},"geometry":{"type":"LineString","coordinates":[[-60.21463,-33.13896],[-60.21457,-33.13969],[-60.21425,-33.14034],[-60.21323,-33.14144],[-60.21198,-33.14305],[-60.21017,-33.1455],[-60.20876,-33.14736],[-60.20755,-33.14927],[-60.2068,-33.15078],[-60.20591,-33.15306],[-60.20515,-33.15509],[-60.20477,-33.15629],[-60.20454,-33.1579],[-60.2045,-33.15873],[-60.20408,-33.16047],[-60.20374,-33.16271],[-60.20366,-33.16394],[-60.20338,-33.16501],[-60.20319,-33.16628],[-60.20294,-33.16789],[-60.20251,-33.16954],[-60.2021,-33.17039],[-60.20126,-33.1717],[-60.20019,-33.17281],[-60.19931,-33.17382],[-60.19905,-33.17429],[-60.199,-33.17475],[-60.19913,-33.17523],[-60.1996,-33.17625],[-60.20032,-33.17735],[-60.20166,-33.17892],[-60.2031,-33.18015],[-60.20414,-33.18093],[-60.2055,-33.1817],[-60.20698,-33.18248],[-60.20899,-33.18339],[-60.21084,-33.1841],[-60.21341,-33.18489],[-60.21516,-33.18535],[-60.21622,-33.1856],[-60.21759,-33.1861],[-60.21909,-33.18677],[-60.22434,-33.18916],[-60.2262,-33.18993]]}},{"type":"Feature","properties":{"name":"Arroyo Palomas","layer":"Rios y Arroyos"},"geometry":{"type":"LineString","coordinates":[[-60.16426,-32.92703],[-60.16535,-32.9264],[-60.16848,-32.92397],[-60.17058,-32.92235],[-60.17173,-32.9218],[-60.17322,-32.92157],[-60.17471,-32.92159],[-60.17634,-32.92176],[-60.17953,-32.92233],[-60.18218,-32.92313],[-60.18411,-32.92383],[-60.18548,-32.92434],[-60.18637,-32.92454],[-60.18716,-32.92443],[-60.18889,-32.92381],[-60.19232,-32.92167],[-60.19427,-32.92015],[-60.19502,-32.9196],[-60.19624,-32.91889],[-60.1974,-32.91848],[-60.19896,-32.91833],[-60.2002,-32.91834],[-60.20206,-32.91865],[-60.20678,-32.92003],[-60.20834,-32.92029],[-60.20973,-32.92086],[-60.21439,-32.92309],[-60.21631,-32.92428],[-60.2184,-32.92596],[-60.22086,-32.92822],[-60.22281,-32.93046],[-60.2233,-32.93141],[-60.22332,-32.93357],[-60.22294,-32.93645],[-60.22229,-32.93898],[-60.22149,-32.94079],[-60.2203,-32.94274],[-60.21945,-32.94427],[-60.2192,-32.94525],[-60.21928,-32.94614],[-60.21975,-32.94711],[-60.22072,-32.94875],[-60.22072,-32.94948],[-60.22032,-32.95034],[-60.2195,-32.95119],[-60.21829,-32.95184],[-60.21706,-32.95236],[-60.21587,-32.95323],[-60.21477,-32.95423],[-60.2139,-32.95526],[-60.21314,-32.95618],[-60.21251,-32.9567],[-60.2117,-32.95695],[-60.21066,-32.95711],[-60.20984,-32.95723],[-60.20876,-32.95757],[-60.20758,-32.95847],[-60.20645,-32.95938],[-60.2052,-32.96078],[-60.20472,-32.96151],[-60.20447,-32.96222],[-60.20446,-32.96281],[-60.20468,-32.96376],[-60.2053,-32.9652],[-60.20573,-32.9658],[-60.20686,-32.9667],[-60.20953,-32.96813],[-60.21068,-32.96867],[-60.21255,-32.96983],[-60.21413,-32.97091],[-60.21508,-32.97129],[-60.21607,-32.97151],[-60.21706,-32.97144],[-60.21809,-32.97116],[-60.21919,-32.97066],[-60.22045,-32.96963],[-60.22266,-32.96783],[-60.2238,-32.96703],[-60.22474,-32.96654],[-60.22571,-32.96633],[-60.227,-32.96624],[-60.22805,-32.96627],[-60.22897,-32.96632],[-60.22995,-32.9665],[-60.23089,-32.96689],[-60.23173,-32.96717],[-60.23225,-32.96718],[-60.23297,-32.96702],[-60.23371,-32.96673],[-60.2343,-32.96631],[-60.23498,-32.96555],[-60.23537,-32.96456],[-60.23537,-32.96367],[-60.235,-32.96256],[-60.23386,-32.9615],[-60.23309,-32.96088],[-60.23221,-32.95982],[-60.23174,-32.95922],[-60.23102,-32.95779],[-60.23047,-32.95673],[-60.23005,-32.95524],[-60.22955,-32.95329],[-60.2296,-32.95254],[-60.22979,-32.95207],[-60.23064,-32.95033],[-60.23098,-32.94996],[-60.2314,-32.94964],[-60.23195,-32.94926],[-60.23339,-32.94844],[-60.23417,-32.94813],[-60.23536,-32.94792],[-60.23645,-32.94789],[-60.2379,-32.94796],[-60.24028,-32.94825],[-60.24319,-32.94874],[-60.24484,-32.94898],[-60.2465,-32.94908],[-60.248,-32.94896],[-60.24969,-32.94851],[-60.25114,-32.94829],[-60.25285,-32.94806],[-60.25498,-32.94783],[-60.25601,-32.94785],[-60.25721,-32.94801],[-60.25944,-32.94832],[-60.26015,-32.94847],[-60.26123,-32.94888],[-60.26187,-32.94899],[-60.26247,-32.94896],[-60.26331,-32.94886],[-60.26396,-32.94873],[-60.26473,-32.94835],[-60.26516,-32.9479],[-60.26541,-32.94734],[-60.26554,-32.94669],[-60.26552,-32.94588],[-60.26519,-32.94524],[-60.26434,-32.94448],[-60.2634,-32.94387],[-60.26253,-32.94333],[-60.26165,-32.94261],[-60.26105,-32.94196],[-60.26039,-32.94094],[-60.25991,-32.94013],[-60.25959,-32.93892],[-60.25926,-32.9375],[-60.25906,-32.93631],[-60.259,-32.93485],[-60.25913,-32.93324],[-60.25933,-32.93222],[-60.25961,-32.93045],[-60.25965,-32.92943],[-60.25988,-32.92822],[-60.26031,-32.92717],[-60.26123,-32.9255],[-60.26178,-32.92467],[-60.26285,-32.9234],[-60.26371,-32.92251],[-60.26435,-32.92201],[-60.26592,-32.92081],[-60.26686,-32.92017],[-60.26731,-32.92001],[-60.26774,-32.91996],[-60.26899,-32.91988],[-60.27009,-32.91985],[-60.2709,-32.91991],[-60.27144,-32.92],[-60.27237,-32.92038],[-60.27317,-32.92079],[-60.27437,-32.92164],[-60.27502,-32.92223],[-60.27667,-32.92387],[-60.27777,-32.92499],[-60.27851,-32.92594],[-60.27918,-32.92677],[-60.27966,-32.92744],[-60.27995,-32.92799],[-60.28019,-32.92867],[-60.28043,-32.92951],[-60.28056,-32.93025],[-60.28068,-32.93084],[-60.28094,-32.93156],[-60.28132,-32.93227],[-60.28205,-32.93369],[-60.28247,-32.93419],[-60.283,-32.93447],[-60.28356,-32.93461],[-60.28417,-32.93459],[-60.28506,-32.93452],[-60.28722,-32.93394],[-60.28807,-32.93365],[-60.28921,-32.93344],[-60.29111,-32.93322],[-60.29233,-32.93309],[-60.29358,-32.93306],[-60.29422,-32.93315],[-60.2948,-32.93341],[-60.29575,-32.93421],[-60.29701,-32.93552],[-60.29844,-32.93718],[-60.29913,-32.93794],[-60.30004,-32.93863],[-60.30147,-32.93943],[-60.30367,-32.94069],[-60.30501,-32.94133],[-60.30595,-32.94196],[-60.3071,-32.94296],[-60.30817,-32.94402],[-60.30922,-32.94535],[-60.3102,-32.94681],[-60.3108,-32.94802],[-60.31111,-32.94913],[-60.31156,-32.95114],[-60.31178,-32.95261],[-60.31171,-32.95372],[-60.311,-32.95576],[-60.31027,-32.95743],[-60.31002,-32.9583],[-60.30983,-32.95956],[-60.30975,-32.96088],[-60.30988,-32.96287],[-60.30989,-32.96504],[-60.30997,-32.96649],[-60.31015,-32.96736],[-60.31046,-32.96847],[-60.31086,-32.96952],[-60.31124,-32.97013],[-60.31168,-32.97065],[-60.31253,-32.97153],[-60.31325,-32.97215],[-60.31419,-32.97277],[-60.31529,-32.97341],[-60.316,-32.97357],[-60.31666,-32.97355],[-60.31757,-32.97346],[-60.3188,-32.97328],[-60.31915,-32.97316],[-60.31949,-32.97284],[-60.31972,-32.97226],[-60.31982,-32.97141],[-60.31982,-32.97058],[-60.31988,-32.969],[-60.32001,-32.96822],[-60.32029,-32.9674],[-60.32093,-32.96641],[-60.32175,-32.96542],[-60.32241,-32.96469],[-60.32287,-32.96395],[-60.32335,-32.96329],[-60.32359,-32.96268],[-60.3237,-32.962],[-60.32349,-32.96124],[-60.32294,-32.95998],[-60.32205,-32.95852],[-60.32167,-32.95795],[-60.32139,-32.95713],[-60.32127,-32.9563],[-60.3214,-32.95571],[-60.3217,-32.95515],[-60.32187,-32.95487],[-60.32261,-32.95443],[-60.32346,-32.95407],[-60.32434,-32.95377],[-60.3251,-32.95362],[-60.32589,-32.95355],[-60.32669,-32.95344],[-60.32726,-32.95325],[-60.32781,-32.95302],[-60.32832,-32.95305],[-60.32882,-32.95313],[-60.32946,-32.95341],[-60.33012,-32.95382],[-60.33045,-32.95411],[-60.33055,-32.95439],[-60.33057,-32.95483],[-60.33046,-32.95527],[-60.33026,-32.95573],[-60.33001,-32.95635],[-60.32966,-32.95692],[-60.32939,-32.95773],[-60.32921,-32.9584],[-60.329,-32.95898],[-60.32896,-32.95943],[-60.32905,-32.95988],[-60.32935,-32.96052],[-60.32959,-32.96091],[-60.32994,-32.96115],[-60.3303,-32.96125],[-60.33071,-32.9612],[-60.33118,-32.96106],[-60.33229,-32.9606],[-60.33306,-32.96022],[-60.33494,-32.95922],[-60.33607,-32.95856],[-60.33762,-32.95754],[-60.33863,-32.95683],[-60.34002,-32.95587],[-60.34086,-32.95505],[-60.34144,-32.95446],[-60.34192,-32.95398],[-60.34251,-32.95347],[-60.34272,-32.95323],[-60.34284,-32.95295],[-60.34285,-32.95268],[-60.34279,-32.95237],[-60.34261,-32.95202],[-60.34233,-32.95165],[-60.34198,-32.9513],[-60.34176,-32.951],[-60.34165,-32.95072],[-60.34156,-32.95028],[-60.34142,-32.94935],[-60.3413,-32.94863],[-60.34126,-32.94802],[-60.34131,-32.94724],[-60.34132,-32.94673],[-60.34132,-32.94649],[-60.34153,-32.94595],[-60.34174,-32.9453],[-60.34193,-32.94473],[-60.34212,-32.94431],[-60.34236,-32.94399],[-60.34253,-32.9437],[-60.34262,-32.94349],[-60.34288,-32.94323],[-60.34319,-32.94304],[-60.34353,-32.94288],[-60.34396,-32.94281],[-60.34429,-32.94282],[-60.34474,-32.9428],[-60.34523,-32.94289],[-60.34553,-32.94304],[-60.34573,-32.94334],[-60.34585,-32.94381],[-60.34584,-32.9445],[-60.34575,-32.94521],[-60.34561,-32.94605],[-60.34552,-32.9469],[-60.34552,-32.94738],[-60.34561,-32.94789],[-60.34579,-32.94848],[-60.34602,-32.94891],[-60.34627,-32.94934],[-60.3466,-32.94959],[-60.34698,-32.94983],[-60.34741,-32.95001],[-60.34831,-32.95024],[-60.34912,-32.95033],[-60.34971,-32.95034],[-60.35084,-32.95018],[-60.35171,-32.95002],[-60.35336,-32.94965],[-60.3541,-32.94941],[-60.35522,-32.94893],[-60.3567,-32.9482],[-60.35725,-32.9479],[-60.35792,-32.94768],[-60.35889,-32.94753],[-60.35965,-32.94754],[-60.36079,-32.94764],[-60.36249,-32.94778],[-60.36341,-32.94793],[-60.36482,-32.94814],[-60.36551,-32.94837],[-60.36671,-32.94882],[-60.36836,-32.94949],[-60.36953,-32.94987],[-60.37061,-32.9501],[-60.37137,-32.95025],[-60.37308,-32.95049],[-60.37405,-32.95065],[-60.3759,-32.95089],[-60.37726,-32.95106],[-60.37858,-32.95109],[-60.37978,-32.95092],[-60.38092,-32.95074],[-60.38238,-32.95023],[-60.38363,-32.9495],[-60.38432,-32.94881],[-60.38483,-32.94789],[-60.38487,-32.94727],[-60.38441,-32.94676],[-60.38382,-32.94627],[-60.38307,-32.94598],[-60.38216,-32.94603],[-60.38115,-32.94617],[-60.37997,-32.94619],[-60.37817,-32.94632],[-60.37664,-32.94637],[-60.376,-32.94635],[-60.37551,-32.94613],[-60.37461,-32.94545],[-60.37332,-32.94452],[-60.37172,-32.94294],[-60.37092,-32.94188],[-60.37055,-32.94072],[-60.37047,-32.93957],[-60.37078,-32.93825],[-60.37131,-32.9378],[-60.37249,-32.93766]]}},{"type":"Feature","properties":{"name":"Arroyo Palomas","layer":"Rios y Arroyos"},"geometry":{"type":"LineString","coordinates":[[-60.37249,-32.93766],[-60.37365,-32.93802],[-60.37453,-32.9385],[-60.37597,-32.93929],[-60.37732,-32.93986],[-60.37841,-32.94017],[-60.37938,-32.94032],[-60.38072,-32.9405],[-60.38212,-32.94054],[-60.38318,-32.94051],[-60.38373,-32.94041],[-60.38434,-32.94049],[-60.38505,-32.94086],[-60.38602,-32.9413],[-60.38675,-32.94135],[-60.38798,-32.94103],[-60.38903,-32.94031],[-60.38956,-32.93959],[-60.3902,-32.93834],[-60.39053,-32.93697],[-60.39057,-32.93556],[-60.39069,-32.93451],[-60.3911,-32.93294],[-60.39161,-32.93151],[-60.39209,-32.93033],[-60.39314,-32.92886],[-60.3948,-32.92783],[-60.39578,-32.92705],[-60.39632,-32.92578],[-60.39656,-32.92404],[-60.39673,-32.9225],[-60.3972,-32.92156],[-60.39761,-32.92043],[-60.39756,-32.91952],[-60.39695,-32.91807],[-60.39569,-32.91641],[-60.39464,-32.91522],[-60.39397,-32.91501],[-60.39322,-32.91496],[-60.3921,-32.91496],[-60.39094,-32.91484],[-60.39008,-32.91459],[-60.38937,-32.91428],[-60.38877,-32.91379],[-60.38795,-32.91282],[-60.38694,-32.91155],[-60.38612,-32.91047],[-60.38536,-32.90946],[-60.38492,-32.90861],[-60.38462,-32.90778],[-60.38423,-32.90695],[-60.38402,-32.90655],[-60.38351,-32.90612],[-60.38303,-32.90561],[-60.38265,-32.90494],[-60.3826,-32.90437],[-60.38276,-32.90384],[-60.38331,-32.90272],[-60.38374,-32.90207],[-60.3845,-32.90155],[-60.38528,-32.90106],[-60.38629,-32.9002],[-60.38719,-32.89953],[-60.38798,-32.89902],[-60.3888,-32.89837],[-60.38954,-32.89781],[-60.39002,-32.89751],[-60.39036,-32.8972],[-60.39057,-32.89658],[-60.39078,-32.89583],[-60.39059,-32.8953],[-60.3905,-32.8949],[-60.39064,-32.89449],[-60.39099,-32.89424],[-60.39142,-32.89434],[-60.39179,-32.89465],[-60.39209,-32.89477],[-60.39238,-32.89466],[-60.39306,-32.89438],[-60.39382,-32.89419],[-60.39423,-32.89416],[-60.39464,-32.894],[-60.395,-32.89382],[-60.39581,-32.89375],[-60.3973,-32.89375],[-60.39826,-32.89389],[-60.39876,-32.89403],[-60.39948,-32.89399],[-60.40021,-32.89364],[-60.40068,-32.89344],[-60.40117,-32.89348],[-60.40174,-32.89372],[-60.40243,-32.89407],[-60.40294,-32.89453],[-60.40334,-32.89486],[-60.40349,-32.8952],[-60.40358,-32.89569],[-60.40358,-32.89623],[-60.40359,-32.89672],[-60.40349,-32.89718],[-60.40343,-32.89761],[-60.40342,-32.89822],[-60.4035,-32.89885],[-60.40369,-32.89951],[-60.40399,-32.90046],[-60.40417,-32.90108],[-60.40424,-32.90164],[-60.40432,-32.90199],[-60.40487,-32.90268],[-60.40548,-32.90332],[-60.40609,-32.90387],[-60.40653,-32.90423],[-60.40689,-32.90439],[-60.40732,-32.90448],[-60.40792,-32.90443],[-60.40856,-32.90431],[-60.40904,-32.90418],[-60.40947,-32.90402],[-60.40987,-32.90382],[-60.41026,-32.90359],[-60.41093,-32.9031],[-60.4114,-32.9027],[-60.41173,-32.90237],[-60.412,-32.90204],[-60.41224,-32.90184],[-60.41246,-32.90165],[-60.41273,-32.90145],[-60.41294,-32.90125],[-60.41308,-32.90099],[-60.41316,-32.90073],[-60.41315,-32.90046],[-60.41302,-32.90006],[-60.41279,-32.89961],[-60.41248,-32.89921],[-60.4122,-32.89883],[-60.41199,-32.89852],[-60.41179,-32.8982],[-60.41165,-32.89787],[-60.41156,-32.89756],[-60.41149,-32.89714],[-60.41152,-32.89678],[-60.41158,-32.89636],[-60.41167,-32.89592],[-60.4118,-32.89539],[-60.41183,-32.895],[-60.41182,-32.89462],[-60.41172,-32.89422],[-60.41166,-32.89386],[-60.41163,-32.8937],[-60.41166,-32.89325],[-60.41173,-32.89287],[-60.41186,-32.89246],[-60.41199,-32.89204],[-60.41201,-32.89172],[-60.41196,-32.89137],[-60.41197,-32.89115],[-60.41203,-32.89072],[-60.41208,-32.89035],[-60.41215,-32.89011],[-60.41226,-32.88983],[-60.41241,-32.88949],[-60.41255,-32.88912],[-60.41257,-32.88893],[-60.41284,-32.8884],[-60.41317,-32.88768],[-60.41347,-32.88701],[-60.41367,-32.88654],[-60.41386,-32.88612],[-60.41405,-32.88554],[-60.4142,-32.88507],[-60.41432,-32.88477],[-60.41445,-32.88448],[-60.41467,-32.88415],[-60.41494,-32.88377],[-60.41522,-32.88355],[-60.41553,-32.88334],[-60.41591,-32.88318],[-60.41632,-32.88308],[-60.41669,-32.88301],[-60.41704,-32.88294],[-60.41749,-32.88295],[-60.41795,-32.88298],[-60.41833,-32.88297],[-60.41867,-32.88296],[-60.41911,-32.88296],[-60.41949,-32.88297],[-60.41991,-32.88302],[-60.42027,-32.88306],[-60.42072,-32.88315],[-60.42122,-32.88325],[-60.42166,-32.88336],[-60.42223,-32.88349],[-60.42269,-32.88364],[-60.42312,-32.88381],[-60.42383,-32.88408],[-60.42449,-32.88443],[-60.42493,-32.88465],[-60.42532,-32.88483],[-60.42567,-32.88501],[-60.42599,-32.8852],[-60.42618,-32.88535],[-60.4263,-32.88551],[-60.42642,-32.88558],[-60.42664,-32.88561],[-60.42695,-32.88556],[-60.42778,-32.88538],[-60.42802,-32.88525],[-60.42827,-32.88498],[-60.42856,-32.8845],[-60.42872,-32.88412],[-60.42882,-32.88376],[-60.4289,-32.88331],[-60.42896,-32.88286],[-60.42905,-32.88261],[-60.42919,-32.88226],[-60.42935,-32.88172],[-60.42947,-32.88127],[-60.42961,-32.88089],[-60.42996,-32.87992],[-60.43017,-32.87948],[-60.43048,-32.87886],[-60.43096,-32.87797],[-60.43124,-32.8775],[-60.43138,-32.87715],[-60.43151,-32.87688],[-60.43174,-32.8766],[-60.43217,-32.87589],[-60.43256,-32.87523],[-60.43313,-32.8744],[-60.43347,-32.87391],[-60.43384,-32.87334],[-60.43408,-32.87289],[-60.43438,-32.87237],[-60.43454,-32.87204],[-60.43473,-32.87149],[-60.43494,-32.87082],[-60.43517,-32.87002],[-60.43534,-32.86954],[-60.43551,-32.86884],[-60.43563,-32.86832],[-60.43577,-32.86798],[-60.43584,-32.86772],[-60.43583,-32.86736],[-60.43575,-32.86689],[-60.43571,-32.86642],[-60.43569,-32.86593],[-60.43578,-32.86554],[-60.43593,-32.86518],[-60.43611,-32.86488],[-60.43637,-32.8645],[-60.43654,-32.86419],[-60.43667,-32.86381],[-60.43683,-32.86343],[-60.43703,-32.86311],[-60.43738,-32.86275],[-60.43775,-32.86237],[-60.43802,-32.86199],[-60.43834,-32.86153],[-60.43866,-32.86104],[-60.43913,-32.86045],[-60.43956,-32.85995],[-60.43994,-32.85948],[-60.44058,-32.8588],[-60.4409,-32.85838],[-60.44126,-32.85785],[-60.4418,-32.857],[-60.44199,-32.85647],[-60.44215,-32.85594],[-60.44232,-32.85526],[-60.4425,-32.85485],[-60.44267,-32.85443],[-60.44286,-32.85408],[-60.44305,-32.85381],[-60.44328,-32.85332],[-60.44356,-32.85273],[-60.44367,-32.85234],[-60.44374,-32.85195],[-60.44382,-32.85171],[-60.44388,-32.85139],[-60.44388,-32.85119],[-60.44376,-32.85093],[-60.44355,-32.85072],[-60.44331,-32.85059],[-60.44308,-32.85048],[-60.4429,-32.85037],[-60.44287,-32.85025],[-60.44291,-32.85009]]}},{"type":"Feature","properties":{"name":"Arroyo Los Porteños","layer":"Rios y Arroyos"},"geometry":{"type":"LineString","coordinates":[[-60.52709,-32.93178],[-60.52682,-32.93151],[-60.52669,-32.93143],[-60.52646,-32.93143],[-60.52556,-32.9314],[-60.52455,-32.93138],[-60.52396,-32.93134],[-60.52344,-32.93143],[-60.52278,-32.93157],[-60.52163,-32.93187],[-60.52057,-32.93204],[-60.51913,-32.9323],[-60.51771,-32.9325],[-60.51633,-32.93273],[-60.51463,-32.93297],[-60.5129,-32.93315],[-60.51113,-32.93328],[-60.50899,-32.93334],[-60.50705,-32.93332],[-60.50439,-32.93326],[-60.50324,-32.93321],[-60.50242,-32.93327],[-60.50184,-32.93337],[-60.50112,-32.93363],[-60.50047,-32.93398],[-60.49981,-32.93441],[-60.49916,-32.93476],[-60.49804,-32.93511],[-60.49611,-32.93564],[-60.49414,-32.93615],[-60.49259,-32.93663],[-60.49108,-32.93716],[-60.48906,-32.93805],[-60.48739,-32.93913],[-60.48604,-32.94007],[-60.48561,-32.94016],[-60.48529,-32.93999],[-60.48405,-32.93914],[-60.48371,-32.93915],[-60.48349,-32.93931],[-60.48297,-32.94007],[-60.48101,-32.94247],[-60.48058,-32.94305],[-60.4802,-32.94368],[-60.47971,-32.94476],[-60.47952,-32.94562],[-60.47949,-32.94654],[-60.47937,-32.94674],[-60.4791,-32.94677],[-60.47848,-32.94664],[-60.47813,-32.94671],[-60.4778,-32.94693],[-60.47729,-32.94728],[-60.47686,-32.94765],[-60.47662,-32.94787],[-60.47631,-32.94806],[-60.47507,-32.94839],[-60.47419,-32.94859],[-60.47371,-32.9486],[-60.47329,-32.94845],[-60.47285,-32.94803],[-60.47199,-32.94737],[-60.4712,-32.94665],[-60.47025,-32.94583],[-60.46975,-32.94526],[-60.46945,-32.9447],[-60.46933,-32.94446],[-60.46892,-32.94403],[-60.46873,-32.94371],[-60.46843,-32.94306],[-60.4683,-32.94272],[-60.46823,-32.94195],[-60.46812,-32.9412],[-60.46818,-32.94026],[-60.4683,-32.93955],[-60.46863,-32.93889],[-60.46885,-32.93858],[-60.46919,-32.93824],[-60.46956,-32.93769],[-60.4697,-32.9375],[-60.47036,-32.93676],[-60.47056,-32.93647],[-60.47069,-32.93621],[-60.47073,-32.936],[-60.47066,-32.93578],[-60.47045,-32.93564],[-60.47001,-32.93548],[-60.46976,-32.93543],[-60.46949,-32.93533],[-60.46891,-32.93525],[-60.4686,-32.93527],[-60.46767,-32.93543],[-60.46758,-32.93552],[-60.46752,-32.93562],[-60.46749,-32.93605],[-60.46745,-32.93618],[-60.46733,-32.93629],[-60.46708,-32.93653],[-60.46705,-32.93661],[-60.46719,-32.93704],[-60.46713,-32.93713],[-60.467,-32.93719],[-60.46663,-32.93734],[-60.46627,-32.93759],[-60.46619,-32.93774],[-60.4662,-32.93797],[-60.46617,-32.93814],[-60.46618,-32.93829],[-60.46625,-32.93852],[-60.4663,-32.93878],[-60.46624,-32.93896],[-60.46615,-32.93908],[-60.46565,-32.93934],[-60.4651,-32.93956],[-60.46473,-32.93975],[-60.46462,-32.93977],[-60.46421,-32.93979],[-60.46398,-32.93984],[-60.46372,-32.94],[-60.46355,-32.94004],[-60.46329,-32.94006],[-60.46317,-32.94012],[-60.463,-32.94034],[-60.46285,-32.94041],[-60.46234,-32.94051],[-60.46213,-32.9405],[-60.46195,-32.94046],[-60.46178,-32.9403],[-60.46157,-32.94012],[-60.46133,-32.94012],[-60.4611,-32.94013],[-60.46096,-32.94022],[-60.46077,-32.94026],[-60.46032,-32.94029],[-60.46022,-32.94037],[-60.46025,-32.94046],[-60.46035,-32.9406],[-60.4603,-32.94068],[-60.46018,-32.94067],[-60.45961,-32.9406],[-60.45937,-32.94061],[-60.45854,-32.94053],[-60.45798,-32.94037],[-60.45763,-32.94014],[-60.45749,-32.93997],[-60.45634,-32.93983],[-60.45484,-32.93955],[-60.45377,-32.939],[-60.44729,-32.93593],[-60.44243,-32.93299],[-60.43748,-32.93144],[-60.43258,-32.9296],[-60.42839,-32.92748],[-60.42486,-32.92533],[-60.42242,-32.92316],[-60.4201,-32.9208],[-60.41793,-32.92006],[-60.41628,-32.92039],[-60.4145,-32.92156],[-60.41327,-32.92295],[-60.41261,-32.92448],[-60.41252,-32.92614],[-60.41256,-32.92781],[-60.41221,-32.92878],[-60.41142,-32.93007],[-60.40898,-32.93323],[-60.40713,-32.9358],[-60.40537,-32.93921],[-60.40369,-32.94263],[-60.40239,-32.94519],[-60.40035,-32.94844],[-60.39913,-32.95079],[-60.39801,-32.95298],[-60.3975,-32.95448],[-60.39718,-32.95656],[-60.3968,-32.95896],[-60.39655,-32.96213],[-60.39708,-32.964],[-60.39848,-32.96816],[-60.39968,-32.97043],[-60.40027,-32.97295],[-60.40075,-32.97597],[-60.40267,-32.98044],[-60.40526,-32.98429],[-60.40781,-32.98817],[-60.41072,-32.99222],[-60.41194,-32.99368],[-60.41326,-32.99501],[-60.41453,-32.99608],[-60.41667,-32.99748],[-60.41826,-32.99874],[-60.41955,-33.00032],[-60.42032,-33.00161],[-60.42107,-33.003]]}},{"type":"Feature","properties":{"name":"Arroyo Los Confines","layer":"Rios y Arroyos"},"geometry":{"type":"LineString","coordinates":[[-60.44709,-32.85051],[-60.44805,-32.85094],[-60.44967,-32.85159],[-60.45174,-32.85233],[-60.45481,-32.85344],[-60.4566,-32.85383],[-60.45723,-32.85379],[-60.45803,-32.85363],[-60.45995,-32.85275],[-60.46135,-32.8523],[-60.46241,-32.85211],[-60.46335,-32.85191],[-60.4648,-32.85185],[-60.4663,-32.85206],[-60.46724,-32.85241],[-60.46787,-32.85274],[-60.46817,-32.85303],[-60.46863,-32.85362],[-60.46929,-32.85421],[-60.46975,-32.85467],[-60.47022,-32.85526],[-60.47054,-32.85581],[-60.4709,-32.8565],[-60.47134,-32.85687],[-60.47199,-32.85737],[-60.47239,-32.85775],[-60.47266,-32.85831],[-60.47275,-32.8585],[-60.47301,-32.85876],[-60.47331,-32.859],[-60.47345,-32.85933],[-60.47357,-32.85967],[-60.47372,-32.8599],[-60.47398,-32.86016],[-60.47424,-32.86036],[-60.47446,-32.86063],[-60.4747,-32.86107],[-60.4749,-32.86135],[-60.47526,-32.86163],[-60.4756,-32.86197],[-60.47606,-32.86253],[-60.47677,-32.86334],[-60.47726,-32.86407],[-60.47849,-32.86541],[-60.47937,-32.86628],[-60.48035,-32.8672],[-60.48172,-32.86843],[-60.48271,-32.86918],[-60.4834,-32.86971],[-60.48385,-32.86994],[-60.4843,-32.87022],[-60.4849,-32.87069],[-60.48584,-32.87126],[-60.48761,-32.87229],[-60.48906,-32.87308],[-60.48997,-32.87352],[-60.49128,-32.87403],[-60.49271,-32.87458],[-60.49318,-32.87476],[-60.49459,-32.87511],[-60.4962,-32.8755],[-60.49719,-32.87575],[-60.49776,-32.87597],[-60.49942,-32.87643],[-60.49998,-32.8765],[-60.5004,-32.87656],[-60.50174,-32.87696],[-60.50234,-32.87719],[-60.50337,-32.87766],[-60.50422,-32.87821],[-60.5047,-32.87843],[-60.50527,-32.87871],[-60.50591,-32.8791],[-60.50681,-32.87971],[-60.50848,-32.88036],[-60.50901,-32.88046],[-60.5095,-32.88045],[-60.51017,-32.88033],[-60.5113,-32.87998],[-60.51211,-32.87955],[-60.5132,-32.87885],[-60.51437,-32.87782],[-60.51523,-32.87691],[-60.51584,-32.87649],[-60.51735,-32.87561],[-60.51802,-32.8751],[-60.51888,-32.87479],[-60.51924,-32.87449],[-60.5195,-32.87389],[-60.51963,-32.87247],[-60.51917,-32.87176],[-60.51929,-32.87145],[-60.51967,-32.87137],[-60.51988,-32.87156],[-60.52019,-32.87215],[-60.52055,-32.87257],[-60.52137,-32.87352],[-60.52187,-32.87431],[-60.52269,-32.87557],[-60.52349,-32.87641],[-60.52438,-32.87702],[-60.52571,-32.87794],[-60.52825,-32.87985],[-60.52892,-32.88036],[-60.5299,-32.88135],[-60.53091,-32.88306],[-60.53103,-32.88423],[-60.53079,-32.88552],[-60.53077,-32.88626],[-60.53123,-32.88857],[-60.5316,-32.88943],[-60.53233,-32.88995],[-60.53373,-32.89074],[-60.53483,-32.89165],[-60.53582,-32.89283],[-60.53708,-32.89429],[-60.5383,-32.89545],[-60.54054,-32.89742],[-60.54246,-32.89898],[-60.54356,-32.89968],[-60.54543,-32.90052],[-60.54583,-32.90083],[-60.54641,-32.90114],[-60.54786,-32.9016],[-60.54867,-32.90195],[-60.55018,-32.90257],[-60.55118,-32.90308],[-60.55184,-32.9033],[-60.55323,-32.90386],[-60.55393,-32.90416],[-60.55436,-32.90456],[-60.55453,-32.9047],[-60.55532,-32.90507],[-60.55604,-32.90543],[-60.55676,-32.90593],[-60.55751,-32.90662],[-60.55808,-32.90719],[-60.55848,-32.90749],[-60.5588,-32.90808],[-60.5589,-32.90875],[-60.55891,-32.90974],[-60.55874,-32.91057],[-60.55798,-32.91172],[-60.55755,-32.91221],[-60.55679,-32.91266],[-60.55628,-32.91303],[-60.55593,-32.91302],[-60.55548,-32.913],[-60.55462,-32.91363],[-60.55423,-32.91431],[-60.5541,-32.91482],[-60.55406,-32.91562],[-60.55409,-32.91633],[-60.55386,-32.91712],[-60.55356,-32.91763],[-60.5531,-32.91921],[-60.55283,-32.92014],[-60.5528,-32.92053],[-60.55266,-32.92095],[-60.55203,-32.92177],[-60.55157,-32.92234],[-60.551,-32.92289],[-60.55025,-32.92354],[-60.54986,-32.92368],[-60.54929,-32.9238],[-60.54885,-32.92412],[-60.54836,-32.92462],[-60.54786,-32.92497],[-60.5474,-32.92518],[-60.54687,-32.9253],[-60.54651,-32.92544],[-60.54611,-32.9257]]}},{"type":"Feature","properties":{"name":"Arroyo Tiestos Chicos","layer":"Rios y Arroyos"},"geometry":{"type":"LineString","coordinates":[[-60.30987,-33.00124],[-60.30917,-33.00142],[-60.30853,-33.0015],[-60.30792,-33.00139],[-60.30733,-33.00125],[-60.30674,-33.00118],[-60.30632,-33.00129],[-60.30609,-33.00147],[-60.30588,-33.00176],[-60.30568,-33.00207],[-60.30554,-33.00242],[-60.30535,-33.00278],[-60.30512,-33.00319],[-60.30482,-33.00353],[-60.30452,-33.00377],[-60.30412,-33.00402],[-60.30368,-33.00423],[-60.30343,-33.00445],[-60.30334,-33.00468],[-60.30342,-33.00489],[-60.30365,-33.00504],[-60.30401,-33.00518],[-60.30425,-33.00536],[-60.30441,-33.00561],[-60.30447,-33.00596],[-60.30442,-33.00626],[-60.30421,-33.00657],[-60.30393,-33.00687],[-60.30348,-33.00725],[-60.30314,-33.00766],[-60.30282,-33.00805],[-60.30253,-33.00841],[-60.30227,-33.00891],[-60.30204,-33.00956],[-60.30144,-33.01118],[-60.30112,-33.01221],[-60.30089,-33.01274],[-60.30075,-33.01336],[-60.30069,-33.0141],[-60.30053,-33.01497],[-60.30042,-33.01561],[-60.30043,-33.01608],[-60.30052,-33.01644],[-60.30067,-33.0167],[-60.30096,-33.01693],[-60.30132,-33.01703],[-60.30173,-33.01704],[-60.30237,-33.01702],[-60.30291,-33.01692],[-60.3036,-33.01675],[-60.30423,-33.01663],[-60.30497,-33.01654],[-60.30569,-33.01646],[-60.30653,-33.01642],[-60.30743,-33.01648],[-60.30821,-33.01657],[-60.30878,-33.01665],[-60.30924,-33.01683],[-60.30953,-33.01707],[-60.30971,-33.01734],[-60.30978,-33.01769],[-60.30989,-33.018],[-60.31004,-33.01831],[-60.31021,-33.01878],[-60.31031,-33.01936],[-60.3104,-33.01979],[-60.31052,-33.02027],[-60.31061,-33.02075],[-60.31057,-33.02102],[-60.31038,-33.02125],[-60.31006,-33.02146],[-60.30963,-33.02161],[-60.30915,-33.02172],[-60.30865,-33.02186],[-60.30797,-33.02199],[-60.30718,-33.02212],[-60.30647,-33.02217],[-60.30576,-33.02219],[-60.30496,-33.02212],[-60.30418,-33.02193],[-60.30362,-33.02175],[-60.30311,-33.02154],[-60.30271,-33.02125],[-60.30232,-33.02095],[-60.30213,-33.02072],[-60.30171,-33.02039],[-60.3012,-33.02007],[-60.30078,-33.01982],[-60.30031,-33.01975],[-60.29976,-33.01971],[-60.29921,-33.01963],[-60.29867,-33.01955],[-60.29807,-33.01951],[-60.29727,-33.01955],[-60.29639,-33.01966],[-60.29567,-33.0198],[-60.295,-33.01998],[-60.29458,-33.0202],[-60.29429,-33.0205],[-60.2943,-33.02073],[-60.29442,-33.02088],[-60.29445,-33.02133],[-60.29437,-33.02213],[-60.29434,-33.02314],[-60.29427,-33.0239],[-60.29398,-33.02432],[-60.2936,-33.02449],[-60.29312,-33.02444],[-60.29269,-33.02427],[-60.29223,-33.02408],[-60.29165,-33.02395],[-60.2909,-33.02383],[-60.29006,-33.02382],[-60.28915,-33.02394],[-60.28827,-33.02399],[-60.28746,-33.0241],[-60.28681,-33.02428],[-60.28628,-33.02458],[-60.28611,-33.025],[-60.28621,-33.02543],[-60.28648,-33.02589],[-60.28682,-33.02639],[-60.2871,-33.02676],[-60.28734,-33.02706],[-60.28766,-33.02731],[-60.28814,-33.02762],[-60.28862,-33.02786],[-60.28911,-33.02812],[-60.28969,-33.02853],[-60.29019,-33.02894],[-60.29048,-33.02929],[-60.29068,-33.02965],[-60.29071,-33.02998],[-60.29058,-33.03029],[-60.2903,-33.03048],[-60.28999,-33.03056],[-60.28951,-33.0306],[-60.28903,-33.0306],[-60.28854,-33.0305],[-60.28791,-33.03033],[-60.28737,-33.03012],[-60.28689,-33.02983],[-60.28656,-33.02942],[-60.28616,-33.02897],[-60.28568,-33.02856],[-60.28516,-33.02812],[-60.28474,-33.02789],[-60.28415,-33.02774],[-60.28362,-33.0277],[-60.28331,-33.02781],[-60.28318,-33.02802],[-60.28289,-33.02826],[-60.28207,-33.0288],[-60.28144,-33.02923],[-60.28097,-33.02969],[-60.28053,-33.03022],[-60.28017,-33.0309],[-60.27984,-33.03162],[-60.27965,-33.03234],[-60.27947,-33.03308],[-60.27921,-33.03404],[-60.2789,-33.03495],[-60.27837,-33.03586],[-60.27786,-33.03674],[-60.27756,-33.03742],[-60.27736,-33.03828],[-60.27737,-33.03912],[-60.27746,-33.03964],[-60.27747,-33.04021],[-60.27737,-33.0406],[-60.27712,-33.04098],[-60.27663,-33.0415],[-60.27643,-33.0419],[-60.27639,-33.04231],[-60.27654,-33.04261],[-60.27679,-33.04282],[-60.27715,-33.04295],[-60.27768,-33.04304],[-60.27829,-33.04307],[-60.27903,-33.04305],[-60.27977,-33.0431],[-60.28046,-33.04324],[-60.28126,-33.04348],[-60.28186,-33.04381],[-60.28219,-33.04427],[-60.28227,-33.04476],[-60.28212,-33.04521],[-60.2818,-33.04566],[-60.28135,-33.04602],[-60.28071,-33.0465],[-60.27973,-33.04702],[-60.27851,-33.04748],[-60.27734,-33.04789],[-60.27592,-33.04826],[-60.27476,-33.04843],[-60.27387,-33.04836],[-60.2729,-33.04803],[-60.27242,-33.04766],[-60.27211,-33.04712],[-60.27179,-33.0463],[-60.27136,-33.04534],[-60.27095,-33.04443],[-60.27081,-33.04369],[-60.27057,-33.04279],[-60.2702,-33.04217],[-60.26951,-33.04192],[-60.26884,-33.04187],[-60.26829,-33.04206],[-60.26756,-33.0426],[-60.26692,-33.04312],[-60.26651,-33.04368],[-60.26602,-33.04478],[-60.26557,-33.04586],[-60.26537,-33.0467],[-60.26501,-33.04746],[-60.26454,-33.04802],[-60.26384,-33.04842],[-60.26281,-33.0486],[-60.26195,-33.04859],[-60.2607,-33.04834],[-60.25932,-33.04816],[-60.25758,-33.04817],[-60.25471,-33.04836],[-60.25273,-33.04854],[-60.25106,-33.04909],[-60.25031,-33.04959],[-60.25001,-33.0502],[-60.24932,-33.05082],[-60.24831,-33.05138],[-60.24737,-33.05165],[-60.24653,-33.05153],[-60.24567,-33.0511],[-60.24459,-33.05036],[-60.24372,-33.04962],[-60.24315,-33.04884],[-60.24272,-33.04779],[-60.24245,-33.04672],[-60.24244,-33.04597],[-60.24269,-33.04557],[-60.24314,-33.04541],[-60.24371,-33.04523],[-60.24431,-33.04476],[-60.24467,-33.04412],[-60.24478,-33.04334],[-60.24463,-33.04263],[-60.24416,-33.04206],[-60.24345,-33.0414],[-60.24264,-33.04063],[-60.24184,-33.04016],[-60.24115,-33.03999],[-60.24032,-33.04013],[-60.23908,-33.04041],[-60.23775,-33.04062],[-60.23588,-33.04102],[-60.23454,-33.04132],[-60.23331,-33.04169],[-60.23204,-33.04223],[-60.23137,-33.0427],[-60.23103,-33.04324],[-60.23101,-33.04384],[-60.23134,-33.04439],[-60.23166,-33.04495],[-60.23187,-33.04559],[-60.23193,-33.04616],[-60.23184,-33.04682],[-60.23168,-33.04754],[-60.23139,-33.04881],[-60.23142,-33.04923],[-60.23155,-33.0497],[-60.23176,-33.05009],[-60.23211,-33.05051],[-60.23247,-33.05077],[-60.2329,-33.051],[-60.23355,-33.05136],[-60.23453,-33.05198],[-60.23534,-33.05259],[-60.23615,-33.05333],[-60.23662,-33.05404],[-60.23677,-33.05464],[-60.2366,-33.05504],[-60.23616,-33.05561],[-60.23538,-33.05623],[-60.23404,-33.05721],[-60.2325,-33.05817],[-60.23172,-33.05868],[-60.23095,-33.05939],[-60.23024,-33.06026],[-60.22986,-33.06104],[-60.22966,-33.06201],[-60.22968,-33.06262],[-60.22992,-33.06331],[-60.23018,-33.06376],[-60.23036,-33.06455],[-60.2303,-33.06533],[-60.23006,-33.06593],[-60.22954,-33.06646],[-60.22892,-33.06673],[-60.2282,-33.06673],[-60.22757,-33.06659],[-60.22699,-33.06634],[-60.22639,-33.06598],[-60.22599,-33.06558],[-60.22577,-33.06509],[-60.22541,-33.06445],[-60.225,-33.06401],[-60.22418,-33.06328],[-60.22343,-33.06272],[-60.22266,-33.06243],[-60.22184,-33.06237],[-60.22129,-33.0626],[-60.22092,-33.06285],[-60.22057,-33.06288],[-60.22022,-33.06279],[-60.21984,-33.0625],[-60.21951,-33.06206],[-60.21914,-33.06141],[-60.2189,-33.06074],[-60.2188,-33.06002],[-60.21874,-33.05939],[-60.21846,-33.05893],[-60.21802,-33.05873],[-60.21751,-33.05882],[-60.21699,-33.05914],[-60.21654,-33.05965],[-60.21619,-33.06007],[-60.21584,-33.06016],[-60.21547,-33.06003],[-60.21505,-33.0596],[-60.21397,-33.05871],[-60.21287,-33.05766],[-60.21202,-33.05668],[-60.21127,-33.05557],[-60.21062,-33.05456],[-60.21015,-33.05423],[-60.20972,-33.05422],[-60.20929,-33.05443],[-60.2089,-33.05483],[-60.20846,-33.05546],[-60.20815,-33.05584],[-60.2078,-33.05601],[-60.20734,-33.05613],[-60.20681,-33.05623],[-60.2054,-33.05629],[-60.20476,-33.0564],[-60.2041,-33.05656],[-60.20348,-33.0568],[-60.20294,-33.05712],[-60.20259,-33.05759],[-60.2024,-33.05817],[-60.20233,-33.0589],[-60.20216,-33.05932],[-60.2018,-33.05966],[-60.20124,-33.06],[-60.20041,-33.06026],[-60.19929,-33.0606],[-60.19844,-33.06075],[-60.1976,-33.06076],[-60.19707,-33.0606],[-60.19684,-33.06042],[-60.19677,-33.06012],[-60.19685,-33.0597],[-60.19672,-33.05922],[-60.19653,-33.05891],[-60.19612,-33.05873],[-60.1956,-33.0587],[-60.19508,-33.05878],[-60.19478,-33.05911],[-60.19441,-33.05969],[-60.19401,-33.06029],[-60.19385,-33.06076],[-60.1939,-33.06134],[-60.19382,-33.06183],[-60.19353,-33.06246],[-60.19313,-33.06303],[-60.19253,-33.06362],[-60.19188,-33.06426],[-60.1912,-33.06502],[-60.19044,-33.06556],[-60.18997,-33.06606],[-60.18949,-33.06655],[-60.18894,-33.0669],[-60.18824,-33.06756],[-60.18746,-33.06835],[-60.18686,-33.06903],[-60.18641,-33.0697],[-60.18609,-33.07031],[-60.18571,-33.07086],[-60.18493,-33.07167],[-60.18445,-33.07212],[-60.18373,-33.07251],[-60.18285,-33.07294],[-60.18207,-33.07326],[-60.1813,-33.07363],[-60.18052,-33.07422],[-60.18003,-33.07479],[-60.17953,-33.07502],[-60.17899,-33.07525],[-60.17842,-33.07567],[-60.17782,-33.07622],[-60.17701,-33.07672]]}},{"type":"Feature","properties":{"name":"Arroyo Tiestos Chicos","layer":"Rios y Arroyos"},"geometry":{"type":"LineString","coordinates":[[-60.17701,-33.07672],[-60.1761,-33.07707],[-60.17511,-33.07753],[-60.17426,-33.078],[-60.17331,-33.07879],[-60.17246,-33.0794],[-60.1715,-33.08016],[-60.17045,-33.08093],[-60.16947,-33.08175],[-60.16819,-33.08284],[-60.1668,-33.08395],[-60.16544,-33.08503],[-60.16425,-33.08586],[-60.16316,-33.08662],[-60.16245,-33.08725],[-60.16163,-33.08837],[-60.1609,-33.08921],[-60.16018,-33.09011],[-60.1591,-33.09134],[-60.15798,-33.09277],[-60.15676,-33.09422],[-60.15578,-33.09533],[-60.15446,-33.09645],[-60.1532,-33.09733],[-60.15151,-33.09836],[-60.15051,-33.09896],[-60.14956,-33.09959],[-60.14878,-33.10023],[-60.14811,-33.10092],[-60.14751,-33.10181],[-60.14697,-33.10261],[-60.14644,-33.10339],[-60.14599,-33.10421],[-60.14555,-33.10514],[-60.145,-33.10622],[-60.14442,-33.10701],[-60.14375,-33.10786],[-60.14306,-33.10836],[-60.14216,-33.10889],[-60.14071,-33.1097],[-60.13956,-33.11022],[-60.13888,-33.11053],[-60.13814,-33.11109],[-60.13709,-33.11201],[-60.13627,-33.11258],[-60.13559,-33.11332],[-60.13503,-33.11422],[-60.1348,-33.11512],[-60.13443,-33.1164],[-60.13437,-33.11709],[-60.13431,-33.11811],[-60.13422,-33.1188],[-60.13416,-33.11989],[-60.1339,-33.12169],[-60.13355,-33.12333],[-60.13323,-33.12476],[-60.13284,-33.1258],[-60.13226,-33.12673],[-60.1313,-33.1276],[-60.12949,-33.12898],[-60.12822,-33.12995],[-60.12632,-33.13123],[-60.1244,-33.13229],[-60.12279,-33.13303],[-60.12096,-33.13364],[-60.11886,-33.13432],[-60.11629,-33.13502],[-60.11508,-33.13539],[-60.1126,-33.13621],[-60.11004,-33.13691],[-60.10819,-33.1373],[-60.10671,-33.13733],[-60.10386,-33.13731],[-60.10194,-33.1374],[-60.10014,-33.13766],[-60.09789,-33.13796],[-60.09638,-33.13839],[-60.09547,-33.1388],[-60.09465,-33.13937],[-60.09341,-33.14033],[-60.09241,-33.14114],[-60.09114,-33.14194],[-60.08947,-33.14291],[-60.08737,-33.14397],[-60.08454,-33.14504],[-60.08207,-33.14574],[-60.08063,-33.146],[-60.07896,-33.14631],[-60.07754,-33.1464],[-60.07612,-33.14631],[-60.07402,-33.14623],[-60.0723,-33.14624],[-60.07104,-33.14637],[-60.0698,-33.14663],[-60.06852,-33.147],[-60.06792,-33.14734],[-60.06719,-33.14787],[-60.06638,-33.1485],[-60.06552,-33.14906],[-60.06488,-33.14936],[-60.06441,-33.14948],[-60.06404,-33.14943],[-60.06383,-33.14908],[-60.06369,-33.14853],[-60.06366,-33.14803],[-60.0634,-33.14752],[-60.06295,-33.14694],[-60.06234,-33.14641],[-60.06182,-33.14592],[-60.06141,-33.14529],[-60.06127,-33.14455],[-60.06141,-33.14356],[-60.06172,-33.14249],[-60.06203,-33.14146],[-60.06227,-33.14042],[-60.0625,-33.13938],[-60.06274,-33.13869],[-60.06326,-33.13816],[-60.06384,-33.13785],[-60.0642,-33.13754],[-60.06432,-33.13706],[-60.06421,-33.13647],[-60.06374,-33.13591],[-60.06285,-33.13528],[-60.06204,-33.13472],[-60.06042,-33.13383],[-60.05892,-33.13319],[-60.05776,-33.13273],[-60.05724,-33.13238],[-60.05694,-33.13198],[-60.05694,-33.13165],[-60.05709,-33.13127],[-60.05714,-33.13065],[-60.05715,-33.12996],[-60.05705,-33.12898],[-60.05682,-33.12786],[-60.05634,-33.12712]]}},{"type":"Feature","properties":{"name":"Arroyo Colgado Chico","layer":"Rios y Arroyos"},"geometry":{"type":"LineString","coordinates":[[-60.33045,-32.88391],[-60.33044,-32.88349],[-60.33035,-32.88305],[-60.33016,-32.88261],[-60.33008,-32.88215],[-60.33004,-32.88162],[-60.32996,-32.8808],[-60.32993,-32.88023],[-60.33,-32.8797],[-60.33016,-32.87919],[-60.33062,-32.87802],[-60.33126,-32.87668],[-60.33196,-32.87542],[-60.33241,-32.87474],[-60.33348,-32.87363],[-60.33454,-32.87266],[-60.33536,-32.87185],[-60.33608,-32.8703],[-60.33639,-32.86867],[-60.33655,-32.8672],[-60.33633,-32.86616],[-60.33598,-32.86562],[-60.33565,-32.86546],[-60.33539,-32.86503],[-60.33528,-32.86452],[-60.33511,-32.86385],[-60.33497,-32.86317],[-60.33496,-32.86225],[-60.335,-32.8617],[-60.33522,-32.86148],[-60.33548,-32.86129],[-60.33564,-32.86113],[-60.33567,-32.86098],[-60.33559,-32.86085],[-60.33546,-32.8607],[-60.33525,-32.8605],[-60.33503,-32.86019],[-60.33494,-32.85995],[-60.33478,-32.85967],[-60.3346,-32.85936],[-60.3344,-32.85908],[-60.33418,-32.85883],[-60.33397,-32.85863],[-60.33378,-32.85849],[-60.33362,-32.85831],[-60.33362,-32.85809],[-60.33368,-32.85789],[-60.33366,-32.85773],[-60.33345,-32.85765]]}},{"type":"Feature","properties":{"name":"Arroyo San Lorenzo viejo","layer":"Rios y Arroyos"},"geometry":{"type":"LineString","coordinates":[[-60.33171,-33.14563],[-60.33165,-33.14557],[-60.33156,-33.1455],[-60.33148,-33.14546],[-60.33138,-33.14543],[-60.33128,-33.1454],[-60.33113,-33.14538],[-60.33097,-33.14536],[-60.33073,-33.14533],[-60.33038,-33.14529],[-60.33002,-33.1453],[-60.32966,-33.14536],[-60.32923,-33.14543],[-60.32879,-33.1455],[-60.32844,-33.1456],[-60.328,-33.14574],[-60.3278,-33.14579],[-60.32755,-33.14583],[-60.32737,-33.14587],[-60.32721,-33.14592],[-60.32706,-33.14601],[-60.32691,-33.14611],[-60.32677,-33.14619],[-60.32664,-33.14627],[-60.32648,-33.14634],[-60.32636,-33.14639],[-60.32622,-33.14644],[-60.32605,-33.14646],[-60.32584,-33.14646],[-60.32558,-33.14638],[-60.32535,-33.14634],[-60.32523,-33.14633],[-60.32498,-33.14621],[-60.32469,-33.14607],[-60.32439,-33.14588],[-60.32406,-33.14567],[-60.32386,-33.14555],[-60.3237,-33.1455],[-60.32323,-33.14512],[-60.32295,-33.14488],[-60.32263,-33.14475],[-60.32228,-33.14452],[-60.32204,-33.14433],[-60.32165,-33.14401],[-60.32138,-33.14377],[-60.32131,-33.14364],[-60.32101,-33.14336],[-60.32057,-33.14292],[-60.32017,-33.14257],[-60.31979,-33.14231],[-60.31929,-33.14203],[-60.31887,-33.14183],[-60.31844,-33.14167],[-60.31805,-33.14159],[-60.31767,-33.14158],[-60.31734,-33.14163],[-60.31711,-33.1417],[-60.31696,-33.14186],[-60.3167,-33.1421],[-60.3163,-33.14239],[-60.31611,-33.1426],[-60.31594,-33.14286],[-60.31576,-33.14323],[-60.31561,-33.14354],[-60.3155,-33.14382],[-60.31531,-33.14417],[-60.31509,-33.14447],[-60.31478,-33.14472],[-60.31429,-33.14491],[-60.31329,-33.14524],[-60.31263,-33.14531],[-60.31193,-33.14541],[-60.31133,-33.14543],[-60.30887,-33.14556],[-60.30839,-33.14566],[-60.30789,-33.14574],[-60.30725,-33.1457],[-60.30563,-33.14572],[-60.30455,-33.14576],[-60.30396,-33.14583],[-60.30291,-33.14592],[-60.3019,-33.14605],[-60.30075,-33.14619],[-60.29993,-33.14629],[-60.2993,-33.14646],[-60.29866,-33.14654],[-60.29794,-33.14661],[-60.2974,-33.14659],[-60.29687,-33.14659],[-60.29431,-33.14656],[-60.29244,-33.14654],[-60.29105,-33.14644],[-60.28958,-33.14645],[-60.28792,-33.14642],[-60.28545,-33.14643],[-60.28422,-33.1464],[-60.28376,-33.14634],[-60.28305,-33.14636],[-60.28209,-33.14649],[-60.28107,-33.14666],[-60.28033,-33.14688],[-60.27966,-33.14725],[-60.27925,-33.14764],[-60.27899,-33.14791],[-60.27823,-33.14845],[-60.27785,-33.14891],[-60.27744,-33.14925],[-60.27691,-33.14946],[-60.27632,-33.14956],[-60.27565,-33.14952],[-60.27475,-33.1494],[-60.27395,-33.14906],[-60.27323,-33.14857],[-60.27224,-33.14805],[-60.27088,-33.14744],[-60.27027,-33.14721],[-60.26919,-33.14686],[-60.26796,-33.14629],[-60.26628,-33.14554],[-60.26511,-33.14505],[-60.26417,-33.14464],[-60.26331,-33.14424],[-60.2619,-33.14369],[-60.26027,-33.14299],[-60.25919,-33.14261],[-60.25825,-33.14239],[-60.25719,-33.14211],[-60.25592,-33.14198],[-60.25485,-33.14194],[-60.25391,-33.14195],[-60.25322,-33.1421],[-60.25265,-33.1424],[-60.2523,-33.14273],[-60.25215,-33.14313],[-60.25206,-33.14375],[-60.25211,-33.14422],[-60.25234,-33.14478],[-60.25252,-33.14521],[-60.25247,-33.14566],[-60.25218,-33.1463],[-60.25169,-33.14716],[-60.25117,-33.14832],[-60.25074,-33.14904],[-60.25033,-33.14966],[-60.24964,-33.15038],[-60.24878,-33.15098],[-60.24796,-33.15143],[-60.24631,-33.15208],[-60.24486,-33.15259],[-60.24302,-33.15313],[-60.24157,-33.15346],[-60.24032,-33.15367],[-60.23923,-33.15372],[-60.23788,-33.15367],[-60.23671,-33.15346],[-60.2355,-33.15323],[-60.23453,-33.15279],[-60.23324,-33.15199],[-60.23201,-33.15123],[-60.23079,-33.1506],[-60.22928,-33.14984],[-60.22831,-33.14917],[-60.22736,-33.14843],[-60.22617,-33.14729],[-60.22537,-33.14617],[-60.22475,-33.14499],[-60.2242,-33.14346],[-60.2236,-33.14197],[-60.22342,-33.14143],[-60.22326,-33.14039],[-60.22333,-33.13912],[-60.22374,-33.13747],[-60.22421,-33.13661],[-60.22493,-33.13607],[-60.22583,-33.13556],[-60.22645,-33.1351],[-60.22717,-33.13441],[-60.22799,-33.13353],[-60.22869,-33.13279],[-60.22991,-33.13164],[-60.23083,-33.13084],[-60.23159,-33.13024],[-60.2329,-33.12946],[-60.23398,-33.12883],[-60.23578,-33.12782],[-60.23705,-33.12706],[-60.239,-33.1262],[-60.24033,-33.12561],[-60.24261,-33.12469],[-60.24383,-33.12415],[-60.24496,-33.12358],[-60.24573,-33.12292],[-60.24604,-33.12215],[-60.24584,-33.12148],[-60.24534,-33.12071],[-60.24457,-33.12014],[-60.24356,-33.11978],[-60.24257,-33.11956],[-60.2412,-33.11937],[-60.23987,-33.1194],[-60.23855,-33.11959],[-60.23681,-33.12006],[-60.23468,-33.12073],[-60.23296,-33.12159],[-60.23149,-33.12233],[-60.23009,-33.12316],[-60.22886,-33.12398],[-60.22693,-33.12537],[-60.22605,-33.12616],[-60.22503,-33.12725],[-60.22466,-33.12789],[-60.22395,-33.12904],[-60.22324,-33.1299],[-60.22219,-33.13105],[-60.22145,-33.13187],[-60.22008,-33.13302],[-60.21901,-33.13393],[-60.21769,-33.13507],[-60.21666,-33.13606],[-60.216,-33.13688],[-60.21507,-33.13804],[-60.21448,-33.13863],[-60.2139,-33.139],[-60.21302,-33.13959],[-60.21249,-33.13978],[-60.21188,-33.13955],[-60.21108,-33.13896],[-60.20997,-33.1379],[-60.20872,-33.13669],[-60.20793,-33.13574],[-60.20754,-33.135],[-60.20737,-33.13404],[-60.20723,-33.13274],[-60.20695,-33.13183],[-60.20614,-33.13062],[-60.2051,-33.12977],[-60.20413,-33.12942],[-60.2034,-33.12912],[-60.20281,-33.12861],[-60.20264,-33.12793],[-60.20256,-33.12714],[-60.20252,-33.12663],[-60.20209,-33.12593],[-60.20137,-33.12524],[-60.20068,-33.12453],[-60.20046,-33.12406],[-60.20053,-33.12339],[-60.20088,-33.12261],[-60.20144,-33.12124],[-60.20118,-33.12005],[-60.20068,-33.11922],[-60.20022,-33.11882],[-60.19954,-33.11849],[-60.19857,-33.11825],[-60.19751,-33.11817],[-60.19633,-33.11816],[-60.19471,-33.11828],[-60.19349,-33.11847],[-60.19264,-33.1188],[-60.19205,-33.11923],[-60.19156,-33.11976],[-60.191,-33.12059],[-60.19066,-33.12127],[-60.1903,-33.12184],[-60.18959,-33.12262],[-60.18908,-33.12316],[-60.18825,-33.12382],[-60.18751,-33.12408],[-60.18673,-33.12396],[-60.18614,-33.12362],[-60.18568,-33.12326]]}},{"type":"Feature","properties":{"name":"Rio Parana - Pavon","layer":"Rios y Arroyos"},"geometry":{"type":"LineString","coordinates":[[-60.27656,-33.19563],[-60.26732,-33.19828],[-60.25948,-33.2016],[-60.25312,-33.20473],[-60.24517,-33.20918],[-60.23745,-33.21476],[-60.23278,-33.21891],[-60.23066,-33.2221],[-60.23089,-33.22475],[-60.2313,-33.2266],[-60.23281,-33.22886],[-60.23323,-33.2319],[-60.23303,-33.23524],[-60.23238,-33.24164],[-60.23044,-33.24902],[-60.22653,-33.25301],[-60.22259,-33.25467],[-60.21864,-33.25512],[-60.21603,-33.25445],[-60.21498,-33.25299],[-60.21511,-33.2511],[-60.21613,-33.24916],[-60.21667,-33.24576],[-60.21654,-33.24059],[-60.21462,-33.23511],[-60.20878,-33.22855],[-60.20402,-33.22498],[-60.20042,-33.22302],[-60.19718,-33.22265],[-60.19161,-33.22272],[-60.18861,-33.22363],[-60.18596,-33.22557],[-60.18355,-33.22835],[-60.18226,-33.23108],[-60.18138,-33.23513],[-60.1824,-33.23956],[-60.18357,-33.24272],[-60.18349,-33.24579],[-60.18046,-33.25007],[-60.17414,-33.25374],[-60.16829,-33.25568],[-60.16063,-33.25319],[-60.15536,-33.25253],[-60.14943,-33.25335],[-60.14621,-33.25233],[-60.144,-33.25061],[-60.14349,-33.24796],[-60.14497,-33.24253],[-60.14721,-33.23873],[-60.14961,-33.23517],[-60.15121,-33.23295],[-60.15068,-33.23112],[-60.14869,-33.22957],[-60.14572,-33.22848],[-60.14285,-33.22771],[-60.13864,-33.22707],[-60.13282,-33.22417],[-60.12585,-33.22111],[-60.12173,-33.21984],[-60.11764,-33.22001],[-60.11458,-33.22114],[-60.11283,-33.22293],[-60.11113,-33.22534],[-60.10616,-33.23401],[-60.10056,-33.24276],[-60.09707,-33.24753],[-60.09289,-33.25212],[-60.08719,-33.25684],[-60.08111,-33.26012],[-60.07596,-33.26126],[-60.07291,-33.26114],[-60.07019,-33.25991],[-60.0671,-33.2578],[-60.06359,-33.25578],[-60.05532,-33.25281],[-60.04702,-33.25031],[-60.04013,-33.24808],[-60.03642,-33.24657],[-60.03456,-33.24503],[-60.03345,-33.24326],[-60.03368,-33.24187],[-60.03483,-33.24076],[-60.03663,-33.23991],[-60.03847,-33.23921],[-60.04197,-33.23922],[-60.04573,-33.23958],[-60.04978,-33.23958],[-60.05334,-33.23845],[-60.05589,-33.23686],[-60.05659,-33.23513],[-60.0558,-33.23316],[-60.05369,-33.23163],[-60.05012,-33.23005],[-60.04552,-33.22893],[-60.04053,-33.2289],[-60.03634,-33.22949],[-60.03382,-33.23079],[-60.03277,-33.23212],[-60.03162,-33.23514],[-60.02905,-33.24017],[-60.02522,-33.24722],[-60.02418,-33.25131],[-60.02375,-33.25464],[-60.02371,-33.25831],[-60.02475,-33.26146],[-60.02597,-33.26493],[-60.02764,-33.27108],[-60.02832,-33.2756],[-60.02732,-33.28061],[-60.02407,-33.2837],[-60.01874,-33.2848],[-60.01214,-33.28468],[-60.00953,-33.28372],[-60.00485,-33.28055],[-59.9978,-33.27633],[-59.99201,-33.27292],[-59.98725,-33.26867],[-59.98189,-33.2619],[-59.97716,-33.25621],[-59.97191,-33.24989],[-59.96579,-33.24548],[-59.95741,-33.23965],[-59.95109,-33.2379],[-59.94726,-33.23799],[-59.94427,-33.23926],[-59.94248,-33.24097],[-59.94127,-33.24387],[-59.94156,-33.25201],[-59.94461,-33.26887],[-59.94407,-33.27278],[-59.94255,-33.27505],[-59.9384,-33.27823],[-59.93484,-33.28001],[-59.92978,-33.28125],[-59.92086,-33.28127],[-59.91338,-33.27964],[-59.90738,-33.27707],[-59.90363,-33.27408],[-59.9011,-33.27049],[-59.90065,-33.26819],[-59.90124,-33.2663],[-59.90373,-33.26349],[-59.90672,-33.26061],[-59.91018,-33.25193],[-59.91139,-33.24256],[-59.91126,-33.2339],[-59.91099,-33.22739],[-59.9092,-33.2239],[-59.9068,-33.22257],[-59.90377,-33.22259],[-59.90096,-33.22377],[-59.89816,-33.22606],[-59.8912,-33.23207],[-59.88823,-33.23583],[-59.88627,-33.24008],[-59.88589,-33.24485],[-59.88631,-33.2498],[-59.8867,-33.25522],[-59.88593,-33.26304],[-59.88253,-33.26926],[-59.87724,-33.2745],[-59.87236,-33.2771],[-59.86822,-33.27779],[-59.86314,-33.27738],[-59.85906,-33.27582],[-59.856,-33.27385],[-59.85183,-33.27279],[-59.84568,-33.27311],[-59.83932,-33.27297],[-59.83352,-33.27066],[-59.82869,-33.2672],[-59.82068,-33.26018],[-59.81451,-33.25339],[-59.80931,-33.24788],[-59.80402,-33.24464],[-59.79698,-33.24332],[-59.7901,-33.24267],[-59.78249,-33.24428],[-59.77287,-33.24619],[-59.76324,-33.24691],[-59.75431,-33.24696],[-59.74365,-33.24721],[-59.73629,-33.24645],[-59.73199,-33.24711],[-59.72963,-33.24919],[-59.72913,-33.25138],[-59.72978,-33.25422],[-59.7315,-33.25691],[-59.73542,-33.25999],[-59.73863,-33.26321],[-59.74063,-33.26715],[-59.74129,-33.2718],[-59.74074,-33.27756],[-59.73933,-33.28309],[-59.73741,-33.28804],[-59.73527,-33.29106],[-59.73084,-33.29377],[-59.72443,-33.29578],[-59.71421,-33.29913],[-59.70833,-33.29917],[-59.70265,-33.29783],[-59.6987,-33.29603],[-59.69572,-33.29346],[-59.69381,-33.28914],[-59.69159,-33.28352],[-59.69066,-33.27446],[-59.68982,-33.2684],[-59.68753,-33.26448],[-59.68449,-33.26207],[-59.68048,-33.26087],[-59.67726,-33.2615],[-59.67431,-33.26325],[-59.67096,-33.2659],[-59.66558,-33.27297],[-59.65713,-33.29124],[-59.65186,-33.30816],[-59.64763,-33.31365],[-59.64141,-33.31888],[-59.63276,-33.32153]]}},{"type":"Feature","properties":{"name":"Rio Parana  Ibicuy","layer":"Rios y Arroyos"},"geometry":{"type":"LineString","coordinates":[[-59.63267,-33.32154],[-59.62192,-33.32238],[-59.61589,-33.32299],[-59.61135,-33.3245],[-59.60849,-33.3264],[-59.60781,-33.32799],[-59.60858,-33.32989],[-59.61083,-33.33163],[-59.61448,-33.33313],[-59.62276,-33.33608],[-59.62752,-33.33789],[-59.63105,-33.34061],[-59.63243,-33.3432],[-59.63266,-33.34531],[-59.63195,-33.34689],[-59.62996,-33.34913],[-59.62703,-33.35122],[-59.61853,-33.36046],[-59.61311,-33.3662],[-59.60773,-33.36978],[-59.60151,-33.37318],[-59.5946,-33.37506],[-59.58765,-33.37563],[-59.58018,-33.37593],[-59.57061,-33.37594],[-59.5647,-33.37673],[-59.55958,-33.37713],[-59.55098,-33.37586],[-59.54578,-33.37533],[-59.54252,-33.37645],[-59.54032,-33.37823],[-59.53906,-33.38064],[-59.53903,-33.38304],[-59.53955,-33.38601],[-59.5405,-33.39037],[-59.54156,-33.39435],[-59.54227,-33.39843],[-59.54228,-33.40312],[-59.54121,-33.4076],[-59.53949,-33.41416],[-59.53747,-33.41986],[-59.53538,-33.42447],[-59.53045,-33.431],[-59.52582,-33.43451],[-59.51988,-33.43694],[-59.51472,-33.43743],[-59.51043,-33.43695],[-59.50712,-33.43688],[-59.49509,-33.4399],[-59.48598,-33.44206],[-59.47969,-33.44416],[-59.46762,-33.44885],[-59.45741,-33.45332],[-59.45206,-33.45495],[-59.44507,-33.45616],[-59.43846,-33.45787],[-59.433,-33.46012],[-59.428,-33.46346],[-59.42372,-33.46749],[-59.42058,-33.47148],[-59.41934,-33.47463],[-59.4163,-33.48182],[-59.40896,-33.49377],[-59.40385,-33.50092],[-59.39643,-33.50868],[-59.39113,-33.51275],[-59.38059,-33.51851],[-59.37716,-33.5208],[-59.37394,-33.52425],[-59.37119,-33.52847],[-59.36716,-33.53729],[-59.36527,-33.54156],[-59.36258,-33.54419],[-59.35711,-33.54573],[-59.35186,-33.54461],[-59.34736,-33.5429],[-59.34251,-33.54171],[-59.33484,-33.54035],[-59.32804,-33.54021],[-59.3229,-33.54184],[-59.31893,-33.54423],[-59.31742,-33.54712],[-59.31684,-33.55012],[-59.31725,-33.5558],[-59.31736,-33.56101],[-59.31581,-33.56724],[-59.31212,-33.5795],[-59.30941,-33.58867],[-59.30447,-33.59654],[-59.29875,-33.60164],[-59.2943,-33.60664],[-59.28691,-33.61369],[-59.27877,-33.61943],[-59.27116,-33.62421],[-59.26626,-33.62829],[-59.26237,-33.63329],[-59.25967,-33.63772],[-59.25613,-33.64474],[-59.25419,-33.65059],[-59.25259,-33.65527],[-59.2484,-33.66555],[-59.24533,-33.67477],[-59.24164,-33.68758],[-59.23679,-33.70787],[-59.23113,-33.71485],[-59.22374,-33.71865],[-59.21782,-33.72262],[-59.21351,-33.728],[-59.20718,-33.73193],[-59.19731,-33.73713],[-59.18883,-33.74037],[-59.18245,-33.74377],[-59.17802,-33.74694],[-59.17818,-33.74973],[-59.17976,-33.75202],[-59.1813,-33.75463],[-59.18263,-33.76129],[-59.18189,-33.77095],[-59.18064,-33.78266],[-59.17896,-33.79063],[-59.17694,-33.79723],[-59.17441,-33.80295],[-59.17322,-33.8055]]}},{"type":"Feature","properties":{"name":"Rio Parana Guazú","layer":"Rios y Arroyos"},"geometry":{"type":"LineString","coordinates":[[-59.20642,-33.81182],[-59.19456,-33.80897],[-59.18476,-33.80657],[-59.17325,-33.80654],[-59.17037,-33.80921],[-59.16653,-33.8136],[-59.1614,-33.82233],[-59.14643,-33.83967],[-59.1337,-33.84859],[-59.12233,-33.85025],[-59.11089,-33.8484],[-59.09855,-33.84516],[-59.08236,-33.83904],[-59.06884,-33.83399],[-59.05237,-33.8334],[-59.04365,-33.83496],[-59.0386,-33.83768],[-59.03395,-33.84246],[-59.02808,-33.84644],[-59.02211,-33.84825],[-59.01567,-33.84748],[-59.00995,-33.84539],[-59.00337,-33.84255],[-58.99801,-33.84104],[-58.99333,-33.84144],[-58.99018,-33.8432],[-58.98808,-33.84628],[-58.98722,-33.85038],[-58.98622,-33.85683],[-58.98457,-33.86244],[-58.98215,-33.86693],[-58.97626,-33.87204],[-58.96783,-33.87385],[-58.95379,-33.87447],[-58.94129,-33.87361],[-58.92638,-33.87685],[-58.91562,-33.88158],[-58.90694,-33.88557],[-58.89917,-33.88984],[-58.89445,-33.89562],[-58.89102,-33.90084],[-58.88461,-33.91306],[-58.87656,-33.92706],[-58.86581,-33.93618],[-58.85447,-33.94435],[-58.83924,-33.95147],[-58.8273,-33.95466],[-58.81743,-33.95453],[-58.80962,-33.95166],[-58.80024,-33.94857],[-58.78767,-33.94519],[-58.77497,-33.94263],[-58.76268,-33.94294],[-58.75219,-33.94548],[-58.74521,-33.94881],[-58.73845,-33.95358],[-58.7352,-33.95779],[-58.73313,-33.96139],[-58.73187,-33.96636],[-58.72975,-33.97121],[-58.7226,-33.97866],[-58.70934,-33.99206],[-58.69927,-34.00259],[-58.68877,-34.0145],[-58.67837,-34.02435],[-58.66972,-34.02988],[-58.65693,-34.035],[-58.64211,-34.03878],[-58.62652,-34.03871],[-58.61231,-34.0374],[-58.59794,-34.03559],[-58.59016,-34.03329],[-58.58479,-34.03],[-58.57895,-34.02719],[-58.57419,-34.02621],[-58.56829,-34.02611],[-58.55791,-34.02682],[-58.55045,-34.0261],[-58.54454,-34.02344],[-58.53633,-34.02058],[-58.52707,-34.01856],[-58.51433,-34.01535],[-58.49539,-34.00851],[-58.48422,-34.00398],[-58.47173,-34.00097],[-58.4616,-34.0005],[-58.45076,-34.00077],[-58.44184,-34.00227],[-58.43387,-34.00394],[-58.42549,-34.00499],[-58.41673,-34.0052],[-58.4067,-34.00546]]}},{"type":"Feature","properties":{"name":"Arroyo Los Toros","layer":"Rios y Arroyos"},"geometry":{"type":"LineString","coordinates":[[-60.24535,-32.96664],[-60.24527,-32.967],[-60.24522,-32.96724],[-60.24506,-32.96753],[-60.24486,-32.96777],[-60.24467,-32.96798],[-60.24454,-32.96824],[-60.24455,-32.96849],[-60.24467,-32.96877],[-60.24468,-32.96899],[-60.24471,-32.96939],[-60.24475,-32.96977],[-60.2448,-32.97007],[-60.24486,-32.97027],[-60.24495,-32.97046],[-60.24505,-32.97071],[-60.24517,-32.97106],[-60.2452,-32.97131],[-60.24519,-32.97153],[-60.24523,-32.97172],[-60.24534,-32.97192],[-60.24542,-32.97215],[-60.24546,-32.97239],[-60.2455,-32.97264],[-60.24553,-32.97306],[-60.24553,-32.97328],[-60.24553,-32.97356],[-60.24548,-32.97378],[-60.24541,-32.97395],[-60.24534,-32.97412],[-60.24525,-32.97431],[-60.24523,-32.97452],[-60.24522,-32.97468],[-60.24518,-32.97497],[-60.24512,-32.97527],[-60.24505,-32.97554],[-60.24497,-32.97583],[-60.24486,-32.97622],[-60.2447,-32.97664],[-60.24453,-32.97698],[-60.24428,-32.97738],[-60.24399,-32.97777],[-60.24366,-32.97818],[-60.24327,-32.97862],[-60.24276,-32.97912],[-60.24231,-32.97947],[-60.24143,-32.9799],[-60.24079,-32.98023],[-60.24003,-32.98062],[-60.23885,-32.9813],[-60.23798,-32.98188],[-60.23688,-32.98295],[-60.23563,-32.98379],[-60.2341,-32.98506],[-60.23202,-32.98695],[-60.23016,-32.98859],[-60.22883,-32.98943],[-60.2266,-32.99049],[-60.22505,-32.99094],[-60.22329,-32.99115],[-60.2219,-32.99093],[-60.22131,-32.99075],[-60.22014,-32.99064],[-60.21877,-32.99048],[-60.21632,-32.99005],[-60.21354,-32.98969],[-60.20984,-32.98944],[-60.20739,-32.98933],[-60.20645,-32.98931],[-60.20616,-32.9894],[-60.206,-32.98956],[-60.20584,-32.98996],[-60.20594,-32.99021],[-60.20612,-32.99041],[-60.20636,-32.99065],[-60.20714,-32.99173],[-60.20759,-32.99259],[-60.20765,-32.99305],[-60.20757,-32.99345],[-60.20729,-32.99386],[-60.20692,-32.99418],[-60.20646,-32.9944],[-60.206,-32.99446],[-60.20556,-32.9944],[-60.20511,-32.99418],[-60.20448,-32.99354],[-60.20418,-32.99331],[-60.20376,-32.9931],[-60.20327,-32.99298],[-60.20274,-32.99301],[-60.20196,-32.99322],[-60.20078,-32.99376],[-60.19985,-32.99418],[-60.19854,-32.99471],[-60.19704,-32.99524],[-60.19532,-32.99581],[-60.19445,-32.99621],[-60.1925,-32.99728],[-60.19196,-32.99768],[-60.19104,-32.99841],[-60.19005,-32.99915],[-60.18934,-32.99963],[-60.18828,-33.00023],[-60.18708,-33.00083],[-60.18569,-33.00141],[-60.18458,-33.00182]]}},{"type":"Feature","properties":{"name":"Arroyo Tarquina","layer":"Rios y Arroyos"},"geometry":{"type":"LineString","coordinates":[[-60.18501,-33.00087],[-60.18592,-33.00004],[-60.18681,-32.99912],[-60.18818,-32.99788],[-60.18912,-32.99703],[-60.18925,-32.99658],[-60.18919,-32.99575],[-60.18921,-32.99511],[-60.18939,-32.99415],[-60.18946,-32.9934],[-60.19082,-32.99226],[-60.19184,-32.99151],[-60.19237,-32.99107],[-60.19274,-32.99063],[-60.19338,-32.98964],[-60.19381,-32.98917],[-60.19434,-32.98884],[-60.19545,-32.98823],[-60.19642,-32.98767],[-60.19705,-32.98722],[-60.19765,-32.98674],[-60.19805,-32.98634],[-60.19873,-32.9854],[-60.19922,-32.98477],[-60.19981,-32.9842],[-60.20048,-32.98371],[-60.20078,-32.98348],[-60.20104,-32.98329],[-60.20162,-32.98307],[-60.2026,-32.98275],[-60.2034,-32.98244],[-60.20372,-32.98223],[-60.20441,-32.98163],[-60.20517,-32.98089],[-60.20569,-32.98031],[-60.20625,-32.97981],[-60.20664,-32.97944],[-60.20708,-32.97901],[-60.20751,-32.97868],[-60.20793,-32.97847],[-60.2084,-32.97832],[-60.20897,-32.97823],[-60.20987,-32.97812],[-60.21058,-32.978],[-60.21102,-32.97777],[-60.2112,-32.97756],[-60.21161,-32.97739],[-60.21194,-32.97731],[-60.21259,-32.97716],[-60.21298,-32.97699],[-60.21332,-32.97688],[-60.21408,-32.97662],[-60.21447,-32.97648],[-60.2151,-32.97635],[-60.21567,-32.97615],[-60.21672,-32.97582],[-60.21704,-32.97566],[-60.21725,-32.97539],[-60.21744,-32.97498],[-60.21736,-32.97474]]}},{"type":"Feature","properties":{"name":"Primer Zanjón","layer":"Rios y Arroyos"},"geometry":{"type":"LineString","coordinates":[[-60.65306,-32.83416],[-60.65273,-32.8342],[-60.65242,-32.8345],[-60.65226,-32.83471],[-60.65208,-32.83498],[-60.65176,-32.83538],[-60.65144,-32.83571],[-60.65105,-32.83618],[-60.6508,-32.83644],[-60.65066,-32.83657],[-60.65058,-32.8366],[-60.65039,-32.83655],[-60.6502,-32.83646],[-60.65006,-32.83626],[-60.65005,-32.83613],[-60.65007,-32.83591],[-60.6501,-32.83573],[-60.65013,-32.83552],[-60.65022,-32.8353],[-60.65031,-32.83508],[-60.65035,-32.83493],[-60.65038,-32.83474]]}},{"type":"Feature","properties":{"name":"Segundo Zanjón","layer":"Rios y Arroyos"},"geometry":{"type":"LineString","coordinates":[[-60.65788,-32.82365],[-60.65769,-32.82361],[-60.65735,-32.82345],[-60.65697,-32.82327],[-60.65657,-32.82309],[-60.65605,-32.82291],[-60.6557,-32.82279],[-60.6555,-32.82278],[-60.65522,-32.82277],[-60.65487,-32.82269],[-60.65463,-32.82259],[-60.65453,-32.82243],[-60.65461,-32.82223],[-60.65466,-32.82199],[-60.65465,-32.82175],[-60.6546,-32.8213],[-60.65435,-32.82082],[-60.65412,-32.82031],[-60.65379,-32.82008],[-60.65359,-32.81998],[-60.65353,-32.82001],[-60.65351,-32.82009],[-60.65332,-32.82026],[-60.65322,-32.82036]]}},{"type":"Feature","properties":{"name":"Arroyo Meones Chicos","layer":"Rios y Arroyos"},"geometry":{"type":"LineString","coordinates":[[-60.67933,-32.7881],[-60.67902,-32.7879],[-60.67895,-32.7876],[-60.67906,-32.78717],[-60.67926,-32.78692],[-60.67933,-32.78655],[-60.6793,-32.78602],[-60.67915,-32.78518],[-60.67874,-32.78424],[-60.67818,-32.78299],[-60.67684,-32.78109],[-60.67506,-32.77864],[-60.6738,-32.77667],[-60.672,-32.77385],[-60.6718,-32.77374],[-60.67154,-32.77373],[-60.6711,-32.77386],[-60.67031,-32.77413],[-60.66985,-32.77419],[-60.6694,-32.77416],[-60.66896,-32.77414],[-60.66857,-32.7742],[-60.66829,-32.77449],[-60.66809,-32.77479],[-60.66798,-32.77521],[-60.66793,-32.77569],[-60.66778,-32.77627],[-60.66759,-32.77687],[-60.6673,-32.77742],[-60.66674,-32.7782],[-60.66615,-32.77872],[-60.66528,-32.77928],[-60.66443,-32.77981],[-60.66354,-32.78029],[-60.66242,-32.78084],[-60.6617,-32.78124],[-60.66127,-32.78157],[-60.66084,-32.78194],[-60.66045,-32.78217],[-60.66009,-32.7824],[-60.65985,-32.78271],[-60.65963,-32.78309],[-60.65928,-32.78362],[-60.65912,-32.78392],[-60.65894,-32.78436],[-60.65868,-32.78482],[-60.65836,-32.78515],[-60.65817,-32.78545],[-60.65806,-32.78582],[-60.6581,-32.78617],[-60.65823,-32.78664],[-60.65833,-32.78704],[-60.65839,-32.78768],[-60.65853,-32.78887],[-60.65846,-32.78916],[-60.65859,-32.78952],[-60.65881,-32.79031],[-60.65903,-32.7912],[-60.65911,-32.79189],[-60.65904,-32.79219],[-60.65888,-32.79235],[-60.65864,-32.79243],[-60.65818,-32.7925],[-60.6578,-32.7927],[-60.65725,-32.79305],[-60.65702,-32.79333],[-60.6563,-32.794],[-60.65583,-32.79435],[-60.65553,-32.79446],[-60.65522,-32.79443],[-60.65455,-32.79424],[-60.65389,-32.79388],[-60.65373,-32.79345],[-60.65359,-32.79305],[-60.65327,-32.79288],[-60.65299,-32.79288],[-60.65268,-32.79314],[-60.65176,-32.79403],[-60.65064,-32.79505],[-60.6499,-32.79563],[-60.64885,-32.79638],[-60.64766,-32.79703],[-60.64678,-32.79744],[-60.64611,-32.79774],[-60.64532,-32.79807],[-60.64494,-32.79833],[-60.64461,-32.79859],[-60.64442,-32.79889],[-60.64419,-32.79933],[-60.64393,-32.79945],[-60.64354,-32.7994],[-60.6433,-32.79913],[-60.64266,-32.79845],[-60.64223,-32.79817],[-60.64191,-32.79793],[-60.64162,-32.79761],[-60.64129,-32.79724],[-60.64059,-32.79662],[-60.64048,-32.79636],[-60.64048,-32.79596],[-60.64057,-32.79556],[-60.64065,-32.79491],[-60.64009,-32.79408],[-60.63965,-32.79362],[-60.63912,-32.79297],[-60.63865,-32.79262],[-60.63837,-32.79223],[-60.63806,-32.79227],[-60.63776,-32.79198],[-60.63766,-32.79153],[-60.63759,-32.79131],[-60.63724,-32.7912],[-60.63689,-32.79084],[-60.63641,-32.79039],[-60.63598,-32.79034],[-60.63546,-32.79037],[-60.63496,-32.79011],[-60.63427,-32.78964],[-60.63319,-32.78918],[-60.6324,-32.7882],[-60.63178,-32.78748],[-60.6313,-32.78736],[-60.63059,-32.78766],[-60.62944,-32.78832],[-60.62863,-32.78845],[-60.62848,-32.78876],[-60.62846,-32.78925],[-60.62808,-32.79157],[-60.62804,-32.79286],[-60.62776,-32.79466],[-60.62753,-32.79538],[-60.62733,-32.7958],[-60.62732,-32.79637],[-60.62754,-32.79682],[-60.62798,-32.79742],[-60.62837,-32.7979],[-60.62902,-32.79855],[-60.62939,-32.79891],[-60.62962,-32.79936]]}},{"type":"Feature","properties":{"name":"Arroyo La Cruz (cortado ilegalmente)","layer":"Rios y Arroyos"},"geometry":{"type":"LineString","coordinates":[[-60.5824,-32.87022],[-60.58219,-32.87024],[-60.58193,-32.87018],[-60.58151,-32.87003],[-60.58094,-32.86983],[-60.58078,-32.86973],[-60.58068,-32.86951],[-60.58064,-32.86928],[-60.58044,-32.86912],[-60.5802,-32.86903],[-60.58002,-32.86906],[-60.57979,-32.86911],[-60.57925,-32.86912],[-60.57869,-32.86909],[-60.57827,-32.86912],[-60.5777,-32.86919],[-60.57725,-32.86932],[-60.57671,-32.86952],[-60.5763,-32.86974],[-60.57591,-32.86983],[-60.57507,-32.86995],[-60.57462,-32.87001],[-60.57413,-32.87012],[-60.57374,-32.87017],[-60.57335,-32.87014],[-60.57301,-32.8701],[-60.57268,-32.87006],[-60.57241,-32.86999],[-60.57208,-32.86986],[-60.57168,-32.86966],[-60.57136,-32.86956],[-60.571,-32.86942],[-60.57061,-32.86924],[-60.57021,-32.86902],[-60.56976,-32.86867],[-60.56927,-32.86823],[-60.56912,-32.86809],[-60.56881,-32.86783],[-60.56811,-32.8674],[-60.56686,-32.86664],[-60.56602,-32.8661],[-60.56576,-32.86593],[-60.56559,-32.86581],[-60.56552,-32.86567],[-60.56539,-32.86553],[-60.56525,-32.86542],[-60.5651,-32.86526],[-60.56493,-32.86504],[-60.56487,-32.86482],[-60.56479,-32.86468],[-60.56467,-32.86459],[-60.56446,-32.86451],[-60.56408,-32.8644],[-60.56383,-32.86433],[-60.56371,-32.86424],[-60.56364,-32.86407],[-60.56361,-32.86389],[-60.56354,-32.86371],[-60.5634,-32.86351],[-60.56319,-32.8633],[-60.56294,-32.8631],[-60.56262,-32.8629],[-60.56227,-32.8627],[-60.56181,-32.8625],[-60.56156,-32.86245],[-60.56129,-32.86241],[-60.56105,-32.86233],[-60.56083,-32.86229],[-60.56061,-32.86216],[-60.56033,-32.86209],[-60.56018,-32.86201],[-60.56014,-32.86189],[-60.56008,-32.86174],[-60.55991,-32.86166],[-60.55967,-32.8616],[-60.55939,-32.86152],[-60.55904,-32.8615],[-60.55883,-32.8616],[-60.55857,-32.86176],[-60.55838,-32.86196],[-60.55822,-32.86214],[-60.55806,-32.86227],[-60.55781,-32.86236],[-60.55753,-32.86243],[-60.55723,-32.86251],[-60.55698,-32.86259],[-60.55676,-32.86272],[-60.55657,-32.86286],[-60.55633,-32.86299],[-60.55602,-32.86312],[-60.55576,-32.86325],[-60.55551,-32.8633],[-60.55533,-32.86327],[-60.55517,-32.86335],[-60.55502,-32.86356],[-60.55486,-32.86383],[-60.55481,-32.86401],[-60.55483,-32.86424],[-60.55479,-32.86441],[-60.55465,-32.86452],[-60.55459,-32.86469],[-60.55445,-32.865],[-60.55435,-32.86568]]}},{"type":"Feature","properties":{"name":"Arroyo Martillo","layer":"Rios y Arroyos"},"geometry":{"type":"LineString","coordinates":[[-60.35361,-32.89165],[-60.3541,-32.89171],[-60.35427,-32.89189],[-60.3545,-32.8922],[-60.35477,-32.89269],[-60.35494,-32.89319],[-60.355,-32.89361],[-60.35498,-32.89396],[-60.35478,-32.89434],[-60.35458,-32.89469],[-60.3544,-32.8951],[-60.35422,-32.8956],[-60.35407,-32.89617],[-60.35384,-32.89657],[-60.35362,-32.89689],[-60.35342,-32.89722],[-60.35323,-32.89756],[-60.35292,-32.89799],[-60.35255,-32.89836],[-60.35224,-32.89867],[-60.35196,-32.89894],[-60.35181,-32.89914],[-60.35171,-32.89934],[-60.35171,-32.89954],[-60.35157,-32.89972],[-60.35134,-32.8999],[-60.35096,-32.90012],[-60.35063,-32.90028],[-60.35028,-32.90045],[-60.34984,-32.90063],[-60.34927,-32.90095],[-60.34885,-32.90112],[-60.34835,-32.90136],[-60.34804,-32.90151],[-60.34759,-32.90173],[-60.34726,-32.90185],[-60.34685,-32.90199],[-60.34659,-32.90205],[-60.34632,-32.90213],[-60.34602,-32.90222],[-60.34563,-32.90234],[-60.34515,-32.90244],[-60.34471,-32.90246],[-60.34436,-32.90251],[-60.34408,-32.90261],[-60.34356,-32.90276],[-60.34311,-32.90289],[-60.34111,-32.90385],[-60.33953,-32.90512],[-60.33872,-32.90686],[-60.33772,-32.90876],[-60.33628,-32.9103],[-60.33475,-32.91154],[-60.33202,-32.91332],[-60.32996,-32.91421],[-60.32824,-32.91462],[-60.3261,-32.91493],[-60.32376,-32.91501],[-60.32182,-32.91483],[-60.31987,-32.91438],[-60.318,-32.91381],[-60.31622,-32.91312],[-60.31525,-32.9124],[-60.31387,-32.91161],[-60.31,-32.91019],[-60.30762,-32.90914],[-60.30509,-32.90811],[-60.30337,-32.90744],[-60.30217,-32.90721],[-60.30129,-32.90722],[-60.30057,-32.9074],[-60.30001,-32.90764],[-60.2995,-32.90795],[-60.29898,-32.90835],[-60.29864,-32.90874],[-60.29845,-32.90909],[-60.29844,-32.90934],[-60.29818,-32.9096],[-60.29792,-32.90996],[-60.29762,-32.91039],[-60.29742,-32.91083],[-60.29735,-32.91124],[-60.29735,-32.91162],[-60.2975,-32.91203],[-60.29772,-32.91231],[-60.29881,-32.91356],[-60.29975,-32.91472],[-60.30018,-32.91538],[-60.30156,-32.91688],[-60.30302,-32.91852],[-60.30364,-32.91932],[-60.30367,-32.91985],[-60.30308,-32.92225],[-60.30226,-32.92445],[-60.30205,-32.92641],[-60.30199,-32.92828],[-60.30226,-32.93044],[-60.30253,-32.93163],[-60.30312,-32.93274],[-60.30371,-32.9336],[-60.30445,-32.93411],[-60.30594,-32.93517],[-60.30739,-32.93631],[-60.30978,-32.93763],[-60.3128,-32.9392],[-60.31629,-32.94241],[-60.31881,-32.94515],[-60.32104,-32.94792],[-60.32374,-32.95154],[-60.32464,-32.95289]]}},{"type":"Feature","properties":{"name":"Arroyo El Enzo","layer":"Rios y Arroyos"},"geometry":{"type":"LineString","coordinates":[[-60.57979,-32.79818],[-60.58022,-32.79794],[-60.58065,-32.79759],[-60.58088,-32.79736],[-60.58104,-32.79728],[-60.58123,-32.79716],[-60.58127,-32.79708],[-60.58111,-32.79676],[-60.58115,-32.7963],[-60.58105,-32.7955],[-60.58101,-32.79517],[-60.58076,-32.79482],[-60.58067,-32.79462],[-60.58089,-32.79417],[-60.58105,-32.79389],[-60.58114,-32.79353],[-60.58109,-32.79307],[-60.5809,-32.79273],[-60.58053,-32.7925],[-60.58022,-32.79233],[-60.58002,-32.79204],[-60.58008,-32.79181],[-60.5803,-32.79166],[-60.58055,-32.7915],[-60.58085,-32.79133],[-60.58151,-32.79122],[-60.58189,-32.79123],[-60.58214,-32.79142],[-60.58226,-32.79167],[-60.58232,-32.79191],[-60.58239,-32.7921],[-60.58243,-32.79227],[-60.58252,-32.79239],[-60.58271,-32.79245],[-60.58287,-32.79244],[-60.58295,-32.79229],[-60.58308,-32.7921],[-60.58327,-32.79196],[-60.5835,-32.79178],[-60.5836,-32.79153],[-60.58354,-32.79128],[-60.58341,-32.79106],[-60.5833,-32.79087],[-60.58331,-32.79073],[-60.58346,-32.79056],[-60.58366,-32.7905],[-60.58405,-32.79044],[-60.5846,-32.79048],[-60.58508,-32.79059],[-60.58601,-32.7908],[-60.58697,-32.79093],[-60.58743,-32.79095],[-60.58773,-32.79104],[-60.58811,-32.79128],[-60.58852,-32.79166],[-60.58884,-32.79211],[-60.58886,-32.79251],[-60.58875,-32.79288],[-60.58859,-32.79312],[-60.58848,-32.79328],[-60.58848,-32.79341],[-60.58859,-32.79353],[-60.58874,-32.79356],[-60.58888,-32.79348],[-60.58896,-32.79332],[-60.58909,-32.79313],[-60.58928,-32.79304],[-60.58947,-32.79306],[-60.58971,-32.79315],[-60.58998,-32.79331],[-60.59027,-32.79353],[-60.59052,-32.79372],[-60.59073,-32.79377],[-60.5909,-32.79374],[-60.59096,-32.79364],[-60.59094,-32.79348],[-60.59068,-32.79326],[-60.5905,-32.79305],[-60.59047,-32.79288],[-60.59055,-32.79267],[-60.5913,-32.79205],[-60.59176,-32.79169],[-60.59192,-32.79148],[-60.59213,-32.79136],[-60.59235,-32.79136],[-60.5926,-32.79145],[-60.59295,-32.79169],[-60.59319,-32.79187],[-60.59338,-32.79225],[-60.5934,-32.79263],[-60.59331,-32.79304],[-60.5932,-32.79332],[-60.59327,-32.79347],[-60.59342,-32.79353],[-60.59363,-32.79347],[-60.59398,-32.79332],[-60.59427,-32.79322],[-60.59453,-32.79322],[-60.59532,-32.79351],[-60.59575,-32.79358],[-60.59631,-32.7935],[-60.59683,-32.79337],[-60.59729,-32.79321],[-60.59757,-32.79295],[-60.59791,-32.79258],[-60.59815,-32.79224],[-60.59824,-32.79201],[-60.59824,-32.79169],[-60.59815,-32.79142],[-60.59802,-32.79115],[-60.59804,-32.79099],[-60.59808,-32.79089],[-60.59822,-32.79077],[-60.59837,-32.79072],[-60.5986,-32.79076],[-60.59887,-32.79088],[-60.59907,-32.791],[-60.59928,-32.79113],[-60.59952,-32.79116],[-60.59973,-32.79117],[-60.59997,-32.79133],[-60.60023,-32.79158],[-60.60041,-32.79186],[-60.60054,-32.7922],[-60.60065,-32.79268],[-60.60075,-32.79318],[-60.60079,-32.79354],[-60.60097,-32.79369],[-60.60117,-32.79376],[-60.60143,-32.79375],[-60.60176,-32.79375],[-60.60205,-32.79382],[-60.60223,-32.79401],[-60.60236,-32.7943],[-60.60244,-32.79466],[-60.60258,-32.7955],[-60.60274,-32.7961],[-60.60283,-32.79671],[-60.60281,-32.79711],[-60.60273,-32.79754],[-60.60247,-32.79824],[-60.60229,-32.79861],[-60.60219,-32.79901],[-60.60216,-32.79926],[-60.60222,-32.79968],[-60.60233,-32.80019],[-60.60238,-32.80055],[-60.60244,-32.80072],[-60.60265,-32.80091],[-60.60294,-32.80108],[-60.6037,-32.80143],[-60.60497,-32.80197],[-60.60568,-32.80229],[-60.60626,-32.80248],[-60.60684,-32.80259],[-60.6077,-32.80266],[-60.60817,-32.80268],[-60.60943,-32.80314],[-60.61057,-32.80373],[-60.61102,-32.80405],[-60.61135,-32.80432],[-60.61137,-32.80445],[-60.61125,-32.80462],[-60.61101,-32.80485],[-60.60976,-32.80595],[-60.60964,-32.80615],[-60.60956,-32.80644],[-60.60944,-32.8068],[-60.60931,-32.80721],[-60.60928,-32.80765],[-60.60918,-32.80798],[-60.60901,-32.80824],[-60.60893,-32.80848],[-60.60897,-32.80869],[-60.60919,-32.80896],[-60.60963,-32.80922],[-60.61007,-32.80945],[-60.61041,-32.80951],[-60.61086,-32.80945],[-60.61126,-32.80928],[-60.61163,-32.80897],[-60.61189,-32.80873],[-60.61228,-32.80857],[-60.61275,-32.80841],[-60.61303,-32.80845],[-60.61351,-32.80871],[-60.61391,-32.80901],[-60.61454,-32.80949],[-60.61485,-32.80974],[-60.6151,-32.81004],[-60.61524,-32.81016],[-60.61541,-32.8102],[-60.61561,-32.81016],[-60.6158,-32.81003],[-60.61604,-32.80989],[-60.61624,-32.80979],[-60.61645,-32.80973],[-60.61673,-32.80974],[-60.61739,-32.80989],[-60.61777,-32.80998]]}},{"type":"Feature","properties":{"name":"Arroyo Rabon","layer":"Rios y Arroyos"},"geometry":{"type":"LineString","coordinates":[[-60.62734,-32.489],[-60.62544,-32.48734],[-60.62469,-32.4854],[-60.62357,-32.4844],[-60.62193,-32.48397],[-60.62103,-32.48289],[-60.62042,-32.48117],[-60.61989,-32.4794],[-60.62002,-32.47897],[-60.62051,-32.47871],[-60.6209,-32.47822],[-60.62079,-32.47756],[-60.62016,-32.47718],[-60.61948,-32.47694],[-60.61901,-32.47632],[-60.61907,-32.47553],[-60.61936,-32.47361],[-60.61969,-32.47239],[-60.62,-32.47105],[-60.61953,-32.46916],[-60.61851,-32.46716],[-60.61649,-32.46434],[-60.61518,-32.46234],[-60.61465,-32.46118],[-60.61451,-32.46024],[-60.61475,-32.45919],[-60.61489,-32.4588],[-60.61529,-32.45834],[-60.6159,-32.45812],[-60.61627,-32.45785],[-60.61662,-32.45741],[-60.61684,-32.4569],[-60.61689,-32.45634],[-60.61655,-32.45564],[-60.61603,-32.45506],[-60.61546,-32.45449],[-60.61508,-32.45413],[-60.61502,-32.45388],[-60.61561,-32.45313]]}},{"type":"Feature","properties":{"name":"Arroyo El Arrastradero","layer":"Rios y Arroyos"},"geometry":{"type":"LineString","coordinates":[[-60.46719,-32.79529],[-60.46735,-32.79571],[-60.46733,-32.79592],[-60.46718,-32.79607],[-60.46713,-32.79625],[-60.46721,-32.79652],[-60.46728,-32.797],[-60.46725,-32.79744],[-60.46719,-32.79781],[-60.46709,-32.7983],[-60.46704,-32.7987],[-60.46689,-32.79921],[-60.46675,-32.79978],[-60.46658,-32.80044],[-60.46648,-32.80097],[-60.46639,-32.80167],[-60.46645,-32.80199],[-60.46665,-32.8023],[-60.46694,-32.80284],[-60.46735,-32.80334],[-60.46765,-32.80365],[-60.4679,-32.80392],[-60.46817,-32.80417],[-60.46853,-32.80445],[-60.46896,-32.80485],[-60.46922,-32.80522],[-60.46945,-32.80568],[-60.46963,-32.80618],[-60.46977,-32.80667],[-60.46995,-32.80719],[-60.47015,-32.80785],[-60.47024,-32.80846],[-60.47025,-32.80898],[-60.47022,-32.80955],[-60.47018,-32.8102],[-60.47013,-32.8109],[-60.47007,-32.81163],[-60.47015,-32.81216],[-60.47048,-32.81296],[-60.47078,-32.81362],[-60.47108,-32.81431],[-60.47135,-32.81486],[-60.47197,-32.81585],[-60.47262,-32.81683],[-60.47303,-32.81762],[-60.47319,-32.81811],[-60.47354,-32.81936],[-60.47349,-32.81966],[-60.47355,-32.81977],[-60.47369,-32.81986]]}},{"type":"Feature","properties":{"name":"Arroyo El Caballo","layer":"Rios y Arroyos"},"geometry":{"type":"LineString","coordinates":[[-60.6161,-32.45815],[-60.61745,-32.45885],[-60.61884,-32.45932],[-60.61942,-32.45957],[-60.62018,-32.46037],[-60.62109,-32.46058],[-60.62199,-32.46061],[-60.62361,-32.46101],[-60.62467,-32.4613],[-60.62537,-32.46174],[-60.62593,-32.46178],[-60.62626,-32.46144],[-60.62639,-32.46078],[-60.62627,-32.45998],[-60.626,-32.45908],[-60.62604,-32.45859],[-60.62638,-32.45806],[-60.62688,-32.45748],[-60.62763,-32.45739],[-60.6283,-32.45737],[-60.62904,-32.45757],[-60.62965,-32.45792],[-60.63023,-32.45829],[-60.63054,-32.45828],[-60.63077,-32.45803],[-60.63132,-32.457],[-60.63161,-32.45661],[-60.63198,-32.45629],[-60.63256,-32.45607],[-60.63347,-32.45595],[-60.63479,-32.45584],[-60.63512,-32.45563],[-60.63526,-32.45523],[-60.63519,-32.45456],[-60.63464,-32.45349],[-60.63424,-32.45266],[-60.63392,-32.452],[-60.63376,-32.45148],[-60.63379,-32.45104],[-60.63391,-32.4505],[-60.63418,-32.44982],[-60.63421,-32.44933],[-60.63405,-32.44866],[-60.63379,-32.44815],[-60.63345,-32.44762],[-60.63314,-32.44746],[-60.63285,-32.44749],[-60.63251,-32.44763],[-60.63214,-32.44793],[-60.63175,-32.44837],[-60.63141,-32.4487],[-60.63109,-32.44896],[-60.63078,-32.44903],[-60.63052,-32.44894],[-60.63021,-32.44864],[-60.62979,-32.44812],[-60.6294,-32.4475],[-60.62932,-32.44715],[-60.62942,-32.44686],[-60.62974,-32.44658],[-60.63061,-32.44606],[-60.63097,-32.44579],[-60.63112,-32.44552],[-60.63123,-32.44511],[-60.63137,-32.44428],[-60.63146,-32.44399],[-60.63178,-32.44379],[-60.63241,-32.44379],[-60.63358,-32.44388],[-60.63667,-32.44364],[-60.63718,-32.44332],[-60.63793,-32.44252],[-60.63875,-32.44122],[-60.63941,-32.44026],[-60.64073,-32.43874],[-60.64107,-32.43813],[-60.64126,-32.43729],[-60.64135,-32.43611],[-60.6412,-32.43472],[-60.64117,-32.43363],[-60.64125,-32.43255],[-60.64142,-32.43159],[-60.64148,-32.43056],[-60.64129,-32.42989],[-60.64082,-32.4291],[-60.64015,-32.42847],[-60.63902,-32.42779],[-60.63824,-32.4274],[-60.63679,-32.42689],[-60.63651,-32.42662],[-60.63637,-32.42609],[-60.6364,-32.42549],[-60.63653,-32.42489],[-60.63732,-32.42243],[-60.63781,-32.4209],[-60.63816,-32.42026],[-60.63897,-32.41939],[-60.63962,-32.41897],[-60.64042,-32.4188],[-60.64057,-32.41879]]}},{"type":"Feature","properties":{"name":"Arroyo La Azotea","layer":"Rios y Arroyos"},"geometry":{"type":"LineString","coordinates":[[-60.64704,-32.10154],[-60.64657,-32.10209],[-60.64639,-32.10264],[-60.64647,-32.10305],[-60.6462,-32.10341],[-60.64578,-32.10377],[-60.6449,-32.10425],[-60.64455,-32.10447],[-60.64432,-32.10484],[-60.64423,-32.10617],[-60.64388,-32.10687],[-60.64359,-32.10739],[-60.64314,-32.10829],[-60.6426,-32.10912],[-60.6422,-32.10995],[-60.64197,-32.11069],[-60.64202,-32.11112],[-60.64177,-32.11181],[-60.64163,-32.11251],[-60.64138,-32.11308],[-60.64114,-32.1137],[-60.6409,-32.11435],[-60.6407,-32.11521],[-60.64045,-32.11565],[-60.64002,-32.11593],[-60.6395,-32.11599],[-60.63913,-32.11622],[-60.63811,-32.11737],[-60.63774,-32.11771],[-60.63705,-32.11796],[-60.63657,-32.11819],[-60.63584,-32.11866],[-60.63553,-32.11905],[-60.63548,-32.1196],[-60.63531,-32.12026],[-60.63511,-32.12091],[-60.63474,-32.12158],[-60.63434,-32.12207],[-60.6337,-32.12254],[-60.63291,-32.12315],[-60.63253,-32.1237],[-60.63188,-32.12465],[-60.63125,-32.12535],[-60.63083,-32.12606],[-60.63058,-32.1267],[-60.63032,-32.12745],[-60.63014,-32.12787],[-60.62976,-32.12823],[-60.62927,-32.1285],[-60.62899,-32.12856],[-60.62818,-32.12843],[-60.62781,-32.1286],[-60.62758,-32.1289],[-60.62722,-32.12927],[-60.62684,-32.12935],[-60.62598,-32.12911],[-60.62567,-32.1291],[-60.62544,-32.12928],[-60.62519,-32.12968],[-60.625,-32.1298],[-60.62459,-32.12982],[-60.62342,-32.12937],[-60.62297,-32.12881],[-60.62255,-32.12868],[-60.62213,-32.12877],[-60.62208,-32.12907],[-60.62241,-32.12941],[-60.62317,-32.1311],[-60.62322,-32.13164],[-60.62294,-32.13173],[-60.62239,-32.13166],[-60.62155,-32.13168],[-60.6206,-32.1319],[-60.61957,-32.13235],[-60.61842,-32.13302],[-60.61745,-32.13375],[-60.617,-32.13446],[-60.61675,-32.13495],[-60.61615,-32.13517],[-60.61483,-32.1347],[-60.61407,-32.13465]]}},{"type":"Feature","properties":{"name":"Arroyo Los Laureles","layer":"Rios y Arroyos"},"geometry":{"type":"LineString","coordinates":[[-60.71589,-32.14184],[-60.71747,-32.14276],[-60.71844,-32.14319],[-60.71883,-32.14381],[-60.71915,-32.14476],[-60.71973,-32.14566],[-60.72041,-32.14665],[-60.72129,-32.14758],[-60.72201,-32.14844],[-60.72323,-32.14986],[-60.72409,-32.15084],[-60.72478,-32.15198],[-60.72536,-32.15345],[-60.72586,-32.15468],[-60.72641,-32.15531],[-60.72695,-32.15563],[-60.7277,-32.15602],[-60.72874,-32.15644],[-60.73026,-32.15727],[-60.73132,-32.15796],[-60.73294,-32.15911],[-60.73486,-32.16054],[-60.73592,-32.16111],[-60.73713,-32.1618],[-60.73788,-32.16237],[-60.73878,-32.16321],[-60.73948,-32.16416],[-60.74046,-32.16564],[-60.74103,-32.16682],[-60.74168,-32.16861],[-60.74187,-32.16985],[-60.74235,-32.17165],[-60.74288,-32.1735],[-60.7434,-32.17461],[-60.74404,-32.17512],[-60.74489,-32.17552],[-60.74549,-32.17569],[-60.74612,-32.17578],[-60.74656,-32.17593],[-60.74679,-32.17621],[-60.74685,-32.1767],[-60.74695,-32.17716],[-60.74748,-32.17778],[-60.74862,-32.17855],[-60.74924,-32.17912],[-60.7499,-32.17972],[-60.75036,-32.17994],[-60.75051,-32.18044],[-60.75052,-32.18104],[-60.75019,-32.18219],[-60.74967,-32.18333],[-60.74755,-32.18847],[-60.74686,-32.18994],[-60.74519,-32.19273],[-60.74396,-32.19425],[-60.74157,-32.19617],[-60.74027,-32.19754],[-60.73793,-32.20036],[-60.73616,-32.20211],[-60.73492,-32.2034],[-60.73352,-32.20482],[-60.73129,-32.20689],[-60.73044,-32.20794],[-60.73021,-32.20886],[-60.73042,-32.2094],[-60.73109,-32.20985],[-60.73159,-32.21048],[-60.7321,-32.21152],[-60.73209,-32.21269],[-60.73223,-32.21333],[-60.73272,-32.21366],[-60.73339,-32.21394],[-60.73404,-32.21427],[-60.73449,-32.21435],[-60.73498,-32.21426],[-60.73548,-32.21392],[-60.7364,-32.21341],[-60.73788,-32.21285],[-60.73828,-32.21288],[-60.73869,-32.21297],[-60.73946,-32.21342],[-60.74196,-32.21452],[-60.74357,-32.21555],[-60.74422,-32.2163],[-60.74427,-32.21703],[-60.74415,-32.21803],[-60.74385,-32.2184],[-60.74279,-32.2186],[-60.74213,-32.21921],[-60.74188,-32.21949],[-60.74122,-32.22005],[-60.74009,-32.22047],[-60.73848,-32.22112],[-60.73833,-32.22163],[-60.73858,-32.22232],[-60.73857,-32.22274],[-60.7383,-32.22324],[-60.73727,-32.22409],[-60.73715,-32.22454],[-60.73733,-32.22522],[-60.73771,-32.22605],[-60.73767,-32.22656],[-60.73748,-32.2274],[-60.73762,-32.22778],[-60.73802,-32.22821],[-60.73829,-32.22868],[-60.7383,-32.22943],[-60.73849,-32.23007],[-60.73883,-32.23058],[-60.73958,-32.23097],[-60.74067,-32.23151],[-60.74101,-32.23193],[-60.74097,-32.23232],[-60.74079,-32.23267],[-60.74035,-32.23295],[-60.74017,-32.23328],[-60.74012,-32.2337],[-60.74041,-32.23523],[-60.74086,-32.23728],[-60.74085,-32.23785],[-60.74077,-32.23855],[-60.74031,-32.23942],[-60.74025,-32.23983],[-60.74023,-32.24053],[-60.73999,-32.24117],[-60.74,-32.24161],[-60.74024,-32.24216],[-60.74067,-32.2427],[-60.74134,-32.24315],[-60.74245,-32.24342],[-60.74419,-32.24372],[-60.7451,-32.24383],[-60.74708,-32.24405],[-60.74754,-32.24426],[-60.74842,-32.24448],[-60.75141,-32.24475],[-60.75228,-32.24473],[-60.75303,-32.24443],[-60.75387,-32.24406],[-60.75461,-32.24409],[-60.75501,-32.24424],[-60.75548,-32.24453],[-60.75568,-32.24492],[-60.75549,-32.24542],[-60.75496,-32.24604],[-60.75494,-32.24625],[-60.75521,-32.24644],[-60.75575,-32.24679],[-60.7559,-32.24707],[-60.75579,-32.24733],[-60.7555,-32.24764],[-60.75478,-32.24771],[-60.75429,-32.24794],[-60.75351,-32.24856],[-60.75307,-32.24952],[-60.75306,-32.25017],[-60.75316,-32.25061],[-60.75363,-32.25102],[-60.75515,-32.25139],[-60.75581,-32.25162],[-60.75685,-32.25227],[-60.75696,-32.25258],[-60.75662,-32.25331],[-60.75667,-32.25365],[-60.75694,-32.25397],[-60.75725,-32.25411],[-60.75987,-32.25462],[-60.76051,-32.25476],[-60.76102,-32.25517],[-60.7613,-32.25664],[-60.76123,-32.25718],[-60.76113,-32.25764],[-60.76126,-32.25825],[-60.76151,-32.25892],[-60.76136,-32.2594],[-60.76107,-32.25973],[-60.76102,-32.26008],[-60.76117,-32.26073],[-60.76188,-32.26274],[-60.76224,-32.26344],[-60.7628,-32.26407],[-60.76337,-32.26437],[-60.76404,-32.26449],[-60.76534,-32.26364],[-60.76622,-32.26352],[-60.76668,-32.26322],[-60.76743,-32.26246],[-60.7693,-32.26112],[-60.76991,-32.2609],[-60.77105,-32.26109],[-60.77184,-32.2615],[-60.77232,-32.26203],[-60.7729,-32.26253],[-60.77356,-32.26289],[-60.77455,-32.263],[-60.7758,-32.26286],[-60.77714,-32.26266],[-60.77849,-32.26279],[-60.78035,-32.26329],[-60.78232,-32.26354],[-60.78363,-32.26395],[-60.78442,-32.26472]]}},{"type":"Feature","properties":{"name":"Arroyo Lule","layer":"Rios y Arroyos"},"geometry":{"type":"LineString","coordinates":[[-60.8719,-32.32818],[-60.8718,-32.32714],[-60.87151,-32.32625],[-60.87075,-32.32538],[-60.87012,-32.3249],[-60.86952,-32.32477],[-60.86915,-32.32469],[-60.86893,-32.32449],[-60.86843,-32.32426],[-60.86766,-32.32422],[-60.86671,-32.32437],[-60.86602,-32.3247],[-60.86554,-32.32511],[-60.86516,-32.32585],[-60.8646,-32.32644],[-60.86397,-32.32696],[-60.86328,-32.32736],[-60.86223,-32.32796],[-60.86092,-32.32859],[-60.85974,-32.32906],[-60.85759,-32.32987],[-60.85556,-32.33069],[-60.85264,-32.33216],[-60.85119,-32.33271],[-60.84981,-32.33307],[-60.84802,-32.33316],[-60.84586,-32.33385],[-60.84362,-32.33457],[-60.8416,-32.33573],[-60.84057,-32.33633],[-60.83974,-32.3371],[-60.83897,-32.33819],[-60.83839,-32.33914],[-60.83708,-32.33999],[-60.83609,-32.3405],[-60.83552,-32.34106],[-60.83503,-32.34183],[-60.83506,-32.34217],[-60.83535,-32.34265],[-60.83578,-32.34292],[-60.83672,-32.34344],[-60.83707,-32.34371],[-60.83745,-32.34414],[-60.83773,-32.34477],[-60.83765,-32.34549],[-60.83709,-32.34589],[-60.83624,-32.34621],[-60.83482,-32.34642],[-60.83357,-32.34642]]}},{"type":"Feature","properties":{"name":"Arroyo Las Cañas","layer":"Rios y Arroyos"},"geometry":{"type":"LineString","coordinates":[[-60.78447,-32.26503],[-60.78427,-32.26548],[-60.7841,-32.2662],[-60.78365,-32.26747],[-60.78332,-32.26829],[-60.78284,-32.26903],[-60.78209,-32.26989],[-60.78165,-32.27065],[-60.78149,-32.27114],[-60.78147,-32.27173],[-60.78163,-32.27228],[-60.78182,-32.27281],[-60.78214,-32.27331],[-60.78312,-32.27458],[-60.78399,-32.27542],[-60.78518,-32.27636],[-60.78611,-32.27686],[-60.78808,-32.27783],[-60.7887,-32.27826],[-60.78915,-32.27869],[-60.78957,-32.27916],[-60.78993,-32.27968],[-60.79038,-32.28045],[-60.79051,-32.28097],[-60.79051,-32.28147],[-60.79038,-32.28206],[-60.79007,-32.28248],[-60.7896,-32.28294],[-60.78887,-32.28344],[-60.78809,-32.28383],[-60.78623,-32.28434],[-60.78486,-32.28487],[-60.78428,-32.28515],[-60.78364,-32.28556],[-60.78315,-32.28603],[-60.78282,-32.2865],[-60.78275,-32.2869],[-60.78392,-32.28802],[-60.78485,-32.28889],[-60.78519,-32.2895],[-60.7854,-32.29014],[-60.78516,-32.29084],[-60.7846,-32.29162],[-60.78338,-32.29281],[-60.78182,-32.29446],[-60.7812,-32.29536],[-60.78084,-32.29605],[-60.78071,-32.29684],[-60.78079,-32.29729],[-60.78119,-32.29778],[-60.78203,-32.29855],[-60.78295,-32.29907],[-60.78392,-32.29935],[-60.78461,-32.29943],[-60.78546,-32.29936],[-60.78632,-32.29916],[-60.78747,-32.29884],[-60.7889,-32.29823],[-60.7903,-32.29749],[-60.79108,-32.2972],[-60.79187,-32.29711],[-60.79242,-32.29724],[-60.79281,-32.29763],[-60.79301,-32.29815],[-60.79282,-32.29913],[-60.79249,-32.29966],[-60.79226,-32.30036],[-60.79204,-32.30129],[-60.7921,-32.30224],[-60.79241,-32.30309],[-60.79285,-32.30378],[-60.79334,-32.30439],[-60.79383,-32.30508],[-60.79423,-32.3059],[-60.79475,-32.30741],[-60.79532,-32.30917],[-60.79574,-32.31017],[-60.79633,-32.31117],[-60.79684,-32.31188],[-60.79754,-32.31264],[-60.79852,-32.31328],[-60.80014,-32.31409],[-60.80064,-32.31453],[-60.80102,-32.31511],[-60.8009,-32.3155],[-60.80033,-32.31582],[-60.79957,-32.31602],[-60.79861,-32.31605],[-60.79765,-32.31604],[-60.79601,-32.31584],[-60.79505,-32.31589],[-60.79393,-32.31611],[-60.79331,-32.31649],[-60.79258,-32.31731],[-60.79188,-32.31876],[-60.79162,-32.3196],[-60.79157,-32.32061],[-60.79111,-32.32227],[-60.79078,-32.32333],[-60.78947,-32.32588],[-60.789,-32.32699],[-60.78915,-32.32791]]}},{"type":"Feature","properties":{"name":"Arroyo Las Cañitas","layer":"Rios y Arroyos"},"geometry":{"type":"LineString","coordinates":[[-60.80494,-32.43554],[-60.80412,-32.43469],[-60.80264,-32.4339],[-60.80135,-32.43324],[-60.8005,-32.43299],[-60.79986,-32.43309],[-60.79917,-32.43346],[-60.79854,-32.43389],[-60.7978,-32.43404],[-60.79694,-32.43399],[-60.79616,-32.43359],[-60.79516,-32.43282],[-60.79422,-32.43168],[-60.79346,-32.43073],[-60.79276,-32.42954],[-60.7921,-32.42838],[-60.79162,-32.42657],[-60.79085,-32.42485],[-60.7903,-32.42372],[-60.78961,-32.42223],[-60.78905,-32.42052],[-60.78888,-32.41953],[-60.789,-32.41853],[-60.78911,-32.41788],[-60.78915,-32.41695],[-60.78889,-32.41577],[-60.78874,-32.41466],[-60.78826,-32.4136],[-60.78728,-32.41278],[-60.78635,-32.41216],[-60.78555,-32.41165],[-60.78463,-32.41119],[-60.7837,-32.41105],[-60.78271,-32.41101],[-60.78192,-32.41099],[-60.78066,-32.41096],[-60.78001,-32.41071],[-60.77909,-32.41026],[-60.77831,-32.40968],[-60.77785,-32.40922],[-60.77745,-32.40861],[-60.7771,-32.40821],[-60.77686,-32.40799],[-60.77629,-32.40789],[-60.77562,-32.40765],[-60.77505,-32.40736],[-60.77442,-32.40691],[-60.77382,-32.40622],[-60.77357,-32.40571],[-60.77347,-32.40509],[-60.7734,-32.40445],[-60.77322,-32.40387],[-60.773,-32.40335],[-60.77268,-32.40307],[-60.77256,-32.40279],[-60.77266,-32.40252],[-60.77307,-32.40241],[-60.77354,-32.40238],[-60.77428,-32.40238],[-60.77496,-32.40226],[-60.77533,-32.40198],[-60.77553,-32.40144],[-60.77555,-32.40078],[-60.77527,-32.40025],[-60.77484,-32.39973],[-60.77392,-32.3989],[-60.77313,-32.39835],[-60.77203,-32.39779],[-60.77106,-32.39732],[-60.7702,-32.3969],[-60.7695,-32.39673],[-60.769,-32.39672],[-60.76862,-32.39668],[-60.76811,-32.39648],[-60.7672,-32.39609],[-60.76619,-32.39551],[-60.7656,-32.39498],[-60.76484,-32.39418],[-60.76411,-32.39326],[-60.76335,-32.39209],[-60.76314,-32.39135],[-60.763,-32.39081],[-60.76259,-32.39038],[-60.762,-32.38981],[-60.76139,-32.38931],[-60.76054,-32.38888],[-60.75972,-32.38862],[-60.7592,-32.38833],[-60.75888,-32.38793],[-60.75857,-32.38744],[-60.758,-32.38692],[-60.7575,-32.38672],[-60.75696,-32.38674],[-60.75637,-32.38664],[-60.75556,-32.38649]]}},{"type":"Feature","properties":{"name":"Arroyo Bellaco","layer":"Rios y Arroyos"},"geometry":{"type":"LineString","coordinates":[[-60.78081,-32.41105],[-60.78035,-32.41137],[-60.7798,-32.41186],[-60.77935,-32.41243],[-60.7789,-32.41301],[-60.77854,-32.41348],[-60.77802,-32.41377],[-60.77754,-32.41386],[-60.77705,-32.4138],[-60.77657,-32.41361],[-60.77627,-32.41333],[-60.77606,-32.41288],[-60.77548,-32.41226],[-60.77482,-32.41176],[-60.77396,-32.41133],[-60.77329,-32.41102],[-60.77249,-32.41087],[-60.77172,-32.41089],[-60.771,-32.41109],[-60.76999,-32.41186],[-60.76922,-32.41248],[-60.76843,-32.41315],[-60.76785,-32.41386],[-60.76727,-32.41469],[-60.76677,-32.41521],[-60.76621,-32.41553],[-60.76531,-32.41586],[-60.76458,-32.41618],[-60.76367,-32.4168],[-60.76321,-32.41731],[-60.7628,-32.41786],[-60.76254,-32.41849],[-60.76236,-32.41889],[-60.76214,-32.41902],[-60.76185,-32.419],[-60.76145,-32.41885],[-60.76075,-32.41884],[-60.76024,-32.41922],[-60.76013,-32.41966],[-60.76009,-32.42038],[-60.76025,-32.42103],[-60.76051,-32.42191],[-60.76073,-32.42273],[-60.76089,-32.42343],[-60.76089,-32.424],[-60.76083,-32.42473],[-60.76075,-32.42561],[-60.76067,-32.42635],[-60.76061,-32.42742],[-60.76061,-32.42831],[-60.76053,-32.42927],[-60.76038,-32.43001],[-60.76014,-32.43085],[-60.75989,-32.43152],[-60.75957,-32.43222],[-60.75938,-32.43317],[-60.75914,-32.4341],[-60.75898,-32.435],[-60.75891,-32.43545],[-60.75863,-32.43599],[-60.75855,-32.43641],[-60.75856,-32.43672],[-60.7585,-32.43689],[-60.7581,-32.43717],[-60.75774,-32.43717]]}},{"type":"Feature","properties":{"name":"Arroyo Los Loros","layer":"Rios y Arroyos"},"geometry":{"type":"LineString","coordinates":[[-60.18022,-32.99299],[-60.18139,-32.99427],[-60.18265,-32.99581],[-60.18345,-32.99643],[-60.18414,-32.9968],[-60.18452,-32.99734],[-60.18456,-32.99786],[-60.18441,-32.99823],[-60.18393,-32.9986],[-60.18379,-32.99892],[-60.1841,-32.99958],[-60.18447,-33.00058],[-60.18432,-33.00137],[-60.18411,-33.00186],[-60.18364,-33.00227],[-60.18318,-33.00263],[-60.18264,-33.00309],[-60.18214,-33.0037],[-60.18184,-33.00409],[-60.18162,-33.00457],[-60.18159,-33.0049],[-60.18165,-33.00531],[-60.18162,-33.00579],[-60.18153,-33.00627],[-60.18146,-33.00664],[-60.18153,-33.007],[-60.18174,-33.00747],[-60.18207,-33.00787],[-60.1824,-33.00824],[-60.1827,-33.00846],[-60.18299,-33.00864],[-60.18321,-33.0088],[-60.18344,-33.00915],[-60.18371,-33.00965],[-60.18388,-33.01003],[-60.18406,-33.01032],[-60.18438,-33.01064],[-60.18454,-33.01089],[-60.18482,-33.01148],[-60.18511,-33.01227],[-60.18519,-33.01293],[-60.18523,-33.01384],[-60.1851,-33.0144],[-60.18489,-33.01493],[-60.1845,-33.0159],[-60.18436,-33.01629],[-60.18426,-33.0174],[-60.18417,-33.0186],[-60.18399,-33.01945],[-60.18395,-33.02078],[-60.18388,-33.02143],[-60.18381,-33.02167],[-60.1839,-33.02197],[-60.18403,-33.02228],[-60.18398,-33.02338],[-60.18377,-33.02492],[-60.18353,-33.02655],[-60.18357,-33.02739],[-60.18373,-33.02836],[-60.18397,-33.02889],[-60.18408,-33.02909],[-60.18435,-33.0293],[-60.18467,-33.0294],[-60.18501,-33.02944],[-60.18534,-33.02944],[-60.18569,-33.02953],[-60.18615,-33.02975],[-60.18644,-33.03015],[-60.18685,-33.03095],[-60.18714,-33.03153],[-60.18774,-33.03269],[-60.18859,-33.03427],[-60.18931,-33.03563],[-60.18975,-33.03634],[-60.19047,-33.0369],[-60.19092,-33.03733],[-60.19137,-33.0379],[-60.19195,-33.03833],[-60.19343,-33.03928],[-60.19449,-33.03998],[-60.19548,-33.04069],[-60.19625,-33.04131],[-60.19702,-33.04198],[-60.19783,-33.0429],[-60.19829,-33.04346],[-60.19853,-33.04395],[-60.19853,-33.04422],[-60.19829,-33.04452],[-60.19779,-33.04496],[-60.19734,-33.04536],[-60.19727,-33.04567],[-60.19753,-33.04764],[-60.19763,-33.05005],[-60.1976,-33.05125],[-60.19737,-33.05282],[-60.19695,-33.05467],[-60.19598,-33.05854]]}},{"type":"Feature","properties":{"name":"Arroyo del Medio","layer":"Rios y Arroyos"},"geometry":{"type":"LineString","coordinates":[[-60.04568,-33.04068],[-60.04481,-33.0413],[-60.04432,-33.04179],[-60.04406,-33.04221],[-60.04402,-33.04256],[-60.04379,-33.04289],[-60.04321,-33.04313],[-60.04224,-33.04356],[-60.04093,-33.04421],[-60.04016,-33.04469],[-60.03926,-33.04547],[-60.0386,-33.04602],[-60.03782,-33.0466],[-60.03747,-33.04692],[-60.03711,-33.04737],[-60.03668,-33.04798],[-60.03632,-33.04867],[-60.03594,-33.04904],[-60.03532,-33.0495],[-60.034,-33.05035],[-60.03306,-33.05085],[-60.03208,-33.05135],[-60.03139,-33.05177],[-60.03097,-33.05217],[-60.03067,-33.05255],[-60.0306,-33.05288],[-60.03063,-33.05319],[-60.03073,-33.05359],[-60.03092,-33.05391],[-60.03136,-33.05438],[-60.03182,-33.0548],[-60.03227,-33.05521],[-60.03266,-33.05551],[-60.0331,-33.05595],[-60.03358,-33.05649],[-60.03402,-33.05716],[-60.03409,-33.05818],[-60.03397,-33.05902],[-60.03366,-33.05983],[-60.03292,-33.0612],[-60.0321,-33.06236],[-60.03143,-33.06288],[-60.03072,-33.06308],[-60.02958,-33.06312],[-60.02844,-33.06287],[-60.02705,-33.06239],[-60.02512,-33.06151],[-60.02347,-33.06079],[-60.0224,-33.0605],[-60.02177,-33.06052],[-60.02016,-33.06081],[-60.01788,-33.06108],[-60.0162,-33.06117],[-60.01487,-33.06116],[-60.01367,-33.06102],[-60.0124,-33.0607],[-60.01092,-33.06043],[-60.00995,-33.06041],[-60.00922,-33.06061],[-60.00863,-33.06105],[-60.00841,-33.06156],[-60.00829,-33.0628],[-60.00837,-33.06373],[-60.0086,-33.06479],[-60.00887,-33.06532],[-60.0094,-33.06598],[-60.01016,-33.06677],[-60.01061,-33.06714],[-60.01204,-33.06773],[-60.01365,-33.06831],[-60.01568,-33.06907],[-60.01757,-33.06977],[-60.01869,-33.07018],[-60.01984,-33.07072],[-60.02052,-33.07131],[-60.02065,-33.07218],[-60.02006,-33.07284],[-60.01889,-33.07338],[-60.01738,-33.07355],[-60.01617,-33.07377],[-60.01424,-33.07451],[-60.01287,-33.07505],[-60.01196,-33.07567],[-60.01128,-33.07665],[-60.01046,-33.0782],[-60.01013,-33.08017],[-60.01008,-33.08126],[-60.0097,-33.08407],[-60.00949,-33.08535],[-60.00893,-33.08767],[-60.00799,-33.08944],[-60.00715,-33.09034],[-60.00628,-33.09101],[-60.00548,-33.09143],[-60.00456,-33.09175],[-60.00353,-33.09197],[-60.00254,-33.09202],[-60.0011,-33.09196],[-59.99923,-33.09182],[-59.9978,-33.09185],[-59.99646,-33.09193],[-59.99534,-33.09206],[-59.99464,-33.09222],[-59.99395,-33.09256],[-59.99359,-33.09299],[-59.99346,-33.0934],[-59.99355,-33.09378],[-59.99435,-33.09457],[-59.99494,-33.09547],[-59.99558,-33.0963],[-59.99661,-33.09735],[-59.99885,-33.09948],[-59.99972,-33.10043],[-60.0008,-33.10184],[-60.0025,-33.10386],[-60.00348,-33.10526],[-60.00401,-33.10687],[-60.004,-33.10819],[-60.0035,-33.10937],[-60.00203,-33.1119],[-60.0011,-33.11323],[-59.99924,-33.11534],[-59.99752,-33.11733],[-59.99682,-33.1183]]}},{"type":"Feature","properties":{"name":"Arroyo Batea","layer":"Rios y Arroyos"},"geometry":{"type":"LineString","coordinates":[[-59.99108,-33.01975],[-59.9893,-33.02015],[-59.98802,-33.02119],[-59.98727,-33.02282],[-59.98692,-33.02573],[-59.98686,-33.02832],[-59.98665,-33.03113],[-59.98687,-33.03315],[-59.98605,-33.03571],[-59.98466,-33.0378],[-59.98289,-33.03895],[-59.98072,-33.0395],[-59.97843,-33.03968],[-59.97573,-33.0399],[-59.97345,-33.04014],[-59.97089,-33.0413],[-59.96875,-33.0432],[-59.96669,-33.04557],[-59.96484,-33.04858],[-59.96376,-33.05115],[-59.96305,-33.05353],[-59.96162,-33.05602],[-59.95945,-33.05882],[-59.95669,-33.0613],[-59.95495,-33.06307],[-59.95435,-33.06451],[-59.95529,-33.06542],[-59.95699,-33.06592],[-59.95929,-33.06582],[-59.96234,-33.06575],[-59.9655,-33.06569],[-59.96885,-33.06585],[-59.97095,-33.06625],[-59.97327,-33.06713],[-59.97485,-33.06825],[-59.97518,-33.06981],[-59.97471,-33.07172],[-59.97346,-33.07305],[-59.9715,-33.07451],[-59.969,-33.0759],[-59.96635,-33.07643],[-59.9636,-33.07656],[-59.96009,-33.07675],[-59.95738,-33.07739],[-59.95535,-33.07903],[-59.9534,-33.08167],[-59.95167,-33.08449],[-59.94926,-33.08711],[-59.9468,-33.08906],[-59.94536,-33.09121],[-59.94495,-33.09332],[-59.94529,-33.09637],[-59.94552,-33.09957],[-59.94496,-33.10225],[-59.94332,-33.10461],[-59.94163,-33.10681],[-59.93898,-33.10905],[-59.93646,-33.11169],[-59.93483,-33.11334],[-59.93416,-33.11464],[-59.93403,-33.11744],[-59.93405,-33.1211],[-59.93514,-33.12535]]}},{"type":"Feature","properties":{"name":"Arroyo Corralito","layer":"Rios y Arroyos"},"geometry":{"type":"LineString","coordinates":[[-60.0525,-33.0256],[-60.05433,-33.02521],[-60.05653,-33.0239],[-60.05885,-33.02219],[-60.06041,-33.02027],[-60.06116,-33.01834],[-60.06133,-33.01669],[-60.06042,-33.01531],[-60.05897,-33.01435],[-60.05665,-33.01445],[-60.05566,-33.01498],[-60.05428,-33.01737],[-60.05286,-33.01921],[-60.04955,-33.02293],[-60.04918,-33.02326]]}},{"type":"Feature","properties":{"name":"Arroyo Las Tejas","layer":"Rios y Arroyos"},"geometry":{"type":"LineString","coordinates":[[-60.05873,-33.03408],[-60.05953,-33.03441],[-60.0608,-33.03453],[-60.06124,-33.03451],[-60.06139,-33.03434],[-60.06146,-33.03408],[-60.06126,-33.03324],[-60.06135,-33.03303],[-60.06154,-33.03291],[-60.06178,-33.03286],[-60.06303,-33.03303],[-60.06357,-33.03294],[-60.06392,-33.03279],[-60.06463,-33.03262],[-60.06575,-33.03246],[-60.06617,-33.0323],[-60.06688,-33.03186],[-60.06715,-33.03185],[-60.06751,-33.03204],[-60.06795,-33.03226],[-60.07016,-33.03295],[-60.07075,-33.03319],[-60.07207,-33.03353],[-60.07344,-33.03371],[-60.0749,-33.03383],[-60.07602,-33.03375],[-60.07715,-33.03358],[-60.07892,-33.03324],[-60.08165,-33.0326],[-60.08223,-33.03245],[-60.08277,-33.03207],[-60.08296,-33.03176],[-60.08288,-33.03156],[-60.08257,-33.03141],[-60.08193,-33.03126],[-60.08104,-33.03126],[-60.08019,-33.03133],[-60.07939,-33.03139],[-60.07911,-33.03132],[-60.07893,-33.0311],[-60.07889,-33.03077],[-60.07896,-33.0304],[-60.07917,-33.03014],[-60.07949,-33.03001],[-60.0798,-33.02994],[-60.08008,-33.02973],[-60.08011,-33.02944],[-60.08022,-33.02909],[-60.08045,-33.0288],[-60.0808,-33.02839],[-60.08125,-33.02813],[-60.08167,-33.02809],[-60.08201,-33.02806],[-60.08254,-33.02786],[-60.0829,-33.02775],[-60.08375,-33.02767],[-60.08436,-33.02747],[-60.08533,-33.02723],[-60.08584,-33.02716],[-60.08623,-33.02738],[-60.08655,-33.02752],[-60.08684,-33.02744],[-60.08707,-33.02723],[-60.08729,-33.02676],[-60.08742,-33.02658],[-60.08772,-33.02649],[-60.08801,-33.02661],[-60.08839,-33.02693],[-60.08858,-33.02726],[-60.08877,-33.02731],[-60.08896,-33.02724],[-60.0892,-33.02685],[-60.08946,-33.02645],[-60.08953,-33.02604],[-60.08963,-33.0258],[-60.0898,-33.02567],[-60.09005,-33.02553],[-60.09023,-33.02538],[-60.09024,-33.02522],[-60.09009,-33.02514],[-60.08984,-33.02509],[-60.08926,-33.02515],[-60.0887,-33.02517],[-60.08783,-33.02514],[-60.08705,-33.02507],[-60.0865,-33.02512],[-60.08578,-33.02551],[-60.08539,-33.02574],[-60.08515,-33.02577],[-60.08505,-33.02564],[-60.0851,-33.02466],[-60.08495,-33.02375],[-60.08454,-33.02271],[-60.08415,-33.02193],[-60.08405,-33.0215],[-60.08396,-33.02009],[-60.08383,-33.01967],[-60.08345,-33.01912],[-60.08257,-33.01842],[-60.08148,-33.01725],[-60.08106,-33.01698],[-60.08006,-33.0165],[-60.0781,-33.01519],[-60.07717,-33.0142],[-60.07677,-33.01402],[-60.07618,-33.01385],[-60.07594,-33.01371],[-60.07581,-33.0135],[-60.07577,-33.01306],[-60.07591,-33.01232],[-60.07624,-33.01145],[-60.07648,-33.01085],[-60.07679,-33.01028],[-60.07722,-33.00943],[-60.07788,-33.00839],[-60.0787,-33.0075],[-60.07974,-33.00664],[-60.082,-33.00492],[-60.08477,-33.00307],[-60.08605,-33.00221],[-60.09057,-32.99967],[-60.09401,-32.99759],[-60.09792,-32.99471],[-60.1003,-32.99216],[-60.10017,-32.99085],[-60.10003,-32.98881],[-60.10176,-32.98287],[-60.10394,-32.97575],[-60.10399,-32.97196],[-60.1026,-32.96785],[-60.1025,-32.96491],[-60.10375,-32.96227],[-60.10525,-32.96113],[-60.10836,-32.96133],[-60.11352,-32.96221],[-60.1186,-32.96388],[-60.12611,-32.96707],[-60.1306,-32.96917],[-60.13271,-32.96894],[-60.13581,-32.96742],[-60.13819,-32.9665],[-60.13885,-32.96562],[-60.13842,-32.96407],[-60.13764,-32.96273],[-60.13629,-32.96157],[-60.13554,-32.96057],[-60.13531,-32.95964],[-60.13652,-32.95894],[-60.1396,-32.95766],[-60.14279,-32.95635],[-60.14617,-32.95468],[-60.14891,-32.95313],[-60.15099,-32.95217],[-60.15273,-32.95122]]}},{"type":"Feature","properties":{"name":"Arroyo Curupí","layer":"Rios y Arroyos"},"geometry":{"type":"LineString","coordinates":[[-59.97701,-32.96843],[-59.9759,-32.96982],[-59.97502,-32.97036],[-59.97399,-32.97092],[-59.9731,-32.97158],[-59.97224,-32.97187],[-59.97142,-32.97167],[-59.97076,-32.97118],[-59.97002,-32.97106],[-59.96927,-32.97121],[-59.96833,-32.97093],[-59.96791,-32.97034],[-59.96725,-32.96987],[-59.96602,-32.96946],[-59.96361,-32.96896],[-59.96106,-32.9683],[-59.96011,-32.96831],[-59.95915,-32.96869],[-59.95782,-32.96957],[-59.95628,-32.96983],[-59.95498,-32.96968],[-59.95304,-32.96921],[-59.95112,-32.96887],[-59.94949,-32.9686],[-59.94819,-32.96831],[-59.94697,-32.96794],[-59.94548,-32.96768],[-59.94448,-32.96775],[-59.94356,-32.96808],[-59.94258,-32.9682],[-59.94141,-32.96845],[-59.94053,-32.96894],[-59.93996,-32.96946],[-59.93973,-32.97026],[-59.93969,-32.9709],[-59.93957,-32.97146],[-59.93901,-32.97211],[-59.93844,-32.97286],[-59.93809,-32.97358],[-59.93824,-32.97446],[-59.93811,-32.97532],[-59.93756,-32.97592],[-59.93672,-32.97655],[-59.93581,-32.97687],[-59.93497,-32.97735],[-59.93417,-32.97808],[-59.93256,-32.98005],[-59.93107,-32.98207],[-59.92946,-32.98471],[-59.92815,-32.98736],[-59.92722,-32.98923],[-59.92633,-32.99013],[-59.92553,-32.99232],[-59.92501,-32.99351],[-59.92425,-32.9943],[-59.92339,-32.99497],[-59.92222,-32.99567],[-59.92116,-32.99601],[-59.9203,-32.99632],[-59.91924,-32.99673],[-59.91836,-32.99762],[-59.91784,-32.99913],[-59.91773,-33.00045],[-59.91801,-33.00144],[-59.91862,-33.00203],[-59.91895,-33.00247],[-59.91937,-33.00369],[-59.91999,-33.00492],[-59.92049,-33.00606],[-59.92071,-33.00689],[-59.92113,-33.00786],[-59.92191,-33.00904],[-59.92264,-33.00994],[-59.92302,-33.01107],[-59.92344,-33.01189],[-59.92448,-33.01277],[-59.9267,-33.014],[-59.92861,-33.01461],[-59.92999,-33.01531],[-59.93098,-33.01604],[-59.93223,-33.01669],[-59.93319,-33.0176],[-59.93384,-33.01865],[-59.93425,-33.0197],[-59.93457,-33.02083],[-59.93535,-33.02216],[-59.93632,-33.02326],[-59.93739,-33.02363],[-59.93842,-33.02365],[-59.9396,-33.02409],[-59.94108,-33.02497],[-59.94206,-33.02552]]}},{"type":"Feature","properties":{"name":"Arroyo Perdido","layer":"Rios y Arroyos"},"geometry":{"type":"LineString","coordinates":[[-60.09032,-33.09081],[-60.0904,-33.0901],[-60.09004,-33.08889],[-60.08981,-33.08786],[-60.08912,-33.08625],[-60.08894,-33.08573],[-60.08901,-33.08542],[-60.08934,-33.0844],[-60.08933,-33.08357],[-60.08939,-33.08298],[-60.08972,-33.08247],[-60.09032,-33.08204],[-60.09127,-33.08138],[-60.0919,-33.08073],[-60.09273,-33.07985],[-60.09326,-33.07943],[-60.09376,-33.07874],[-60.09434,-33.07813],[-60.09626,-33.07713],[-60.09652,-33.07605],[-60.09642,-33.07543],[-60.09662,-33.07466],[-60.09692,-33.07408],[-60.09746,-33.07357],[-60.09815,-33.07318],[-60.09844,-33.07263],[-60.09848,-33.072],[-60.0982,-33.07066],[-60.09854,-33.07035],[-60.09921,-33.0702],[-60.09985,-33.07009],[-60.10312,-33.06989],[-60.10343,-33.06973],[-60.10361,-33.06939],[-60.10362,-33.06902],[-60.10355,-33.06813],[-60.10368,-33.0671],[-60.10397,-33.06661],[-60.10436,-33.06638],[-60.10499,-33.06629],[-60.10576,-33.06625],[-60.10666,-33.06617],[-60.10727,-33.06622],[-60.10803,-33.0664],[-60.10933,-33.0668],[-60.11028,-33.06714],[-60.11078,-33.06739],[-60.11117,-33.06768],[-60.11148,-33.06797],[-60.11211,-33.06871],[-60.11321,-33.07012],[-60.11344,-33.07032],[-60.11482,-33.07119],[-60.11627,-33.07128],[-60.11669,-33.07124],[-60.11743,-33.07126],[-60.11822,-33.07122],[-60.11893,-33.07133],[-60.11938,-33.07156],[-60.11965,-33.07186],[-60.11977,-33.07214],[-60.12019,-33.07263],[-60.12052,-33.07285],[-60.12081,-33.07281],[-60.12127,-33.07267],[-60.12152,-33.0725],[-60.12164,-33.0723],[-60.12164,-33.07214],[-60.12126,-33.0712],[-60.12131,-33.07092],[-60.12153,-33.0706],[-60.12209,-33.06977],[-60.12221,-33.0694],[-60.12225,-33.06895],[-60.12226,-33.06839],[-60.12207,-33.06766],[-60.12207,-33.06732],[-60.1223,-33.06714],[-60.12259,-33.06707],[-60.12277,-33.06711],[-60.12332,-33.06733],[-60.12387,-33.06755],[-60.12401,-33.06766],[-60.12413,-33.06788],[-60.12448,-33.06885],[-60.12492,-33.06982],[-60.12523,-33.07043],[-60.1255,-33.07079],[-60.12555,-33.07092],[-60.12553,-33.07168],[-60.12544,-33.07213],[-60.12542,-33.07241],[-60.12544,-33.07261],[-60.12551,-33.07278],[-60.12564,-33.073],[-60.1258,-33.07315],[-60.1261,-33.0734],[-60.12631,-33.07353],[-60.12692,-33.07395],[-60.12743,-33.07429],[-60.12796,-33.07458],[-60.12836,-33.07483],[-60.12871,-33.0751],[-60.12922,-33.07555],[-60.12939,-33.07565],[-60.13002,-33.07584],[-60.13071,-33.07592],[-60.13124,-33.07606],[-60.13171,-33.07615],[-60.132,-33.07626],[-60.13224,-33.07644],[-60.13304,-33.07694],[-60.13319,-33.07699],[-60.13347,-33.07698],[-60.13401,-33.07687],[-60.13417,-33.07688],[-60.13443,-33.07705],[-60.13502,-33.07727],[-60.13518,-33.07737],[-60.13535,-33.07739],[-60.13555,-33.07737],[-60.13577,-33.07729],[-60.13674,-33.07692],[-60.13694,-33.07685],[-60.13721,-33.0768],[-60.13752,-33.07679],[-60.13777,-33.07684],[-60.13785,-33.07688],[-60.13795,-33.07686],[-60.13804,-33.07679],[-60.13808,-33.07669],[-60.13812,-33.0766],[-60.1382,-33.07652],[-60.13829,-33.07646],[-60.13838,-33.07637]]}},{"type":"Feature","properties":{"name":"Arroyo Lechiguana","layer":"Rios y Arroyos"},"geometry":{"type":"LineString","coordinates":[[-60.04628,-33.02374],[-60.04459,-33.02355],[-60.04347,-33.02339],[-60.04278,-33.02304],[-60.04234,-33.02261],[-60.04202,-33.02178],[-60.04181,-33.02109],[-60.0417,-33.02],[-60.04175,-33.01881],[-60.04222,-33.01768],[-60.04317,-33.01605],[-60.04415,-33.01453],[-60.04476,-33.01315],[-60.04501,-33.01181],[-60.04508,-33.01011],[-60.04523,-33.00951],[-60.04575,-33.00874],[-60.04674,-33.00825],[-60.04776,-33.00818],[-60.04899,-33.00847],[-60.05102,-33.00934],[-60.05403,-33.00947],[-60.05601,-33.00941],[-60.05698,-33.00907],[-60.05856,-33.00818],[-60.0598,-33.00729],[-60.06128,-33.00633],[-60.06264,-33.00544],[-60.06393,-33.00431],[-60.06453,-33.00336],[-60.06454,-33.00255],[-60.06417,-33.0015],[-60.06364,-33.00036],[-60.06286,-32.9992],[-60.06221,-32.99855],[-60.06121,-32.99792],[-60.06007,-32.99754],[-60.05897,-32.99756],[-60.05766,-32.99749],[-60.05647,-32.99727],[-60.05511,-32.99721],[-60.05367,-32.99704],[-60.05176,-32.99654],[-60.04992,-32.99588],[-60.04883,-32.99527],[-60.0482,-32.9946],[-60.04794,-32.99372],[-60.04795,-32.99265],[-60.04808,-32.99166],[-60.04846,-32.99097],[-60.04913,-32.99019],[-60.05027,-32.9891],[-60.05088,-32.98815],[-60.05117,-32.98728],[-60.05153,-32.9862],[-60.05185,-32.9851],[-60.05218,-32.98399],[-60.05235,-32.98302],[-60.05241,-32.98204],[-60.05203,-32.98089],[-60.05199,-32.97975],[-60.0521,-32.97871],[-60.0524,-32.97809],[-60.05236,-32.97758],[-60.0522,-32.97707],[-60.05233,-32.97601],[-60.05268,-32.97476],[-60.05313,-32.97367],[-60.05355,-32.97291],[-60.05395,-32.97254],[-60.05492,-32.97238],[-60.05559,-32.97199],[-60.05584,-32.97137],[-60.05574,-32.97061],[-60.05537,-32.96953],[-60.05494,-32.96861],[-60.05396,-32.96732],[-60.05297,-32.9662],[-60.05237,-32.96547],[-60.05126,-32.96462],[-60.05029,-32.96411],[-60.0494,-32.96372],[-60.04852,-32.96358],[-60.04713,-32.96349],[-60.04587,-32.96328],[-60.04462,-32.96284],[-60.04384,-32.96266],[-60.04306,-32.96234],[-60.04278,-32.9619],[-60.04287,-32.96135],[-60.04303,-32.96026],[-60.0434,-32.95917],[-60.04418,-32.95761],[-60.04459,-32.95714],[-60.04488,-32.95634],[-60.04516,-32.95535],[-60.04517,-32.95382]]}},{"type":"Feature","properties":{"name":"Arroyo Tiestos Grandes","layer":"Rios y Arroyos"},"geometry":{"type":"LineString","coordinates":[[-59.91216,-33.22444],[-59.91318,-33.22289],[-59.91395,-33.22171],[-59.91427,-33.22111],[-59.91529,-33.22001],[-59.91643,-33.21845],[-59.91752,-33.21602],[-59.91837,-33.21394],[-59.92001,-33.21157],[-59.921,-33.20981],[-59.92195,-33.20773],[-59.92257,-33.20575],[-59.92342,-33.20198],[-59.92371,-33.19994],[-59.92379,-33.19826],[-59.92345,-33.19615],[-59.92271,-33.1943],[-59.92249,-33.19339],[-59.92248,-33.19252],[-59.92305,-33.1917],[-59.92386,-33.19046],[-59.92448,-33.18983],[-59.92527,-33.18923],[-59.92703,-33.1885],[-59.92778,-33.18835],[-59.92864,-33.18839],[-59.92948,-33.18861],[-59.93098,-33.18936],[-59.93217,-33.19011],[-59.93321,-33.19117],[-59.93495,-33.19228],[-59.93707,-33.19333],[-59.94015,-33.19442],[-59.944,-33.19535],[-59.9475,-33.19587],[-59.95042,-33.19583],[-59.95343,-33.19455],[-59.95423,-33.19293],[-59.95537,-33.19199],[-59.95752,-33.19114],[-59.95949,-33.19069],[-59.96263,-33.19039],[-59.96552,-33.19088],[-59.96711,-33.19068],[-59.96983,-33.18978],[-59.9729,-33.18825],[-59.97645,-33.18598],[-59.97824,-33.18511],[-59.9814,-33.18449],[-59.98546,-33.18425],[-59.98836,-33.18321],[-59.99132,-33.181],[-59.99362,-33.17849],[-59.99565,-33.1749],[-59.99717,-33.1716],[-59.99708,-33.16851],[-59.99677,-33.16655],[-59.99589,-33.16462],[-59.99459,-33.16183],[-59.99224,-33.1588],[-59.98964,-33.15624],[-59.98654,-33.15405],[-59.98335,-33.15167],[-59.97959,-33.14913],[-59.97624,-33.1473],[-59.9734,-33.14635],[-59.97086,-33.14598],[-59.96778,-33.14596],[-59.96626,-33.14575],[-59.96472,-33.14512],[-59.96317,-33.14371],[-59.96019,-33.13953],[-59.959,-33.13817],[-59.95844,-33.13758],[-59.95839,-33.13637],[-59.95879,-33.13503],[-59.95937,-33.13372],[-59.96116,-33.13182],[-59.96315,-33.13027],[-59.9662,-33.12875],[-59.9692,-33.12772],[-59.97285,-33.12674],[-59.97456,-33.12614],[-59.97684,-33.12506]]}},{"type":"Feature","properties":{"name":"Arroyo El Perdido","layer":"Rios y Arroyos"},"geometry":{"type":"LineString","coordinates":[[-60.02569,-33.3082],[-60.02536,-33.30781],[-60.02509,-33.30741],[-60.02484,-33.30647],[-60.02365,-33.30441],[-60.02256,-33.30251],[-60.02219,-33.30151],[-60.0217,-33.30055],[-60.0213,-33.30009],[-60.02102,-33.29997],[-60.02078,-33.30005],[-60.02019,-33.30061],[-60.01909,-33.30131],[-60.018,-33.30181],[-60.01698,-33.30202],[-60.01625,-33.30224],[-60.01577,-33.30231],[-60.01534,-33.30228],[-60.01473,-33.30215],[-60.01412,-33.30193],[-60.01368,-33.30182],[-60.01312,-33.30177],[-60.01256,-33.30185],[-60.01203,-33.30201],[-60.01147,-33.30254],[-60.01098,-33.30284],[-60.0105,-33.3032],[-60.01012,-33.30358],[-60.01001,-33.30382],[-60.01004,-33.30418],[-60.01001,-33.30453],[-60.00976,-33.30482],[-60.00919,-33.3051],[-60.00858,-33.30547],[-60.00799,-33.30595],[-60.00757,-33.30639],[-60.00691,-33.30714],[-60.00642,-33.30783],[-60.00619,-33.30832],[-60.00596,-33.30913],[-60.00564,-33.30956],[-60.00514,-33.30978],[-60.00454,-33.31],[-60.00397,-33.31029],[-60.00302,-33.31096],[-60.00245,-33.31176],[-60.0023,-33.3122],[-60.0021,-33.31271],[-60.00165,-33.31322],[-60.00097,-33.31368],[-60.00006,-33.31423],[-59.99886,-33.31506],[-59.99791,-33.31558],[-59.99697,-33.31595],[-59.99628,-33.31618],[-59.99553,-33.31643],[-59.99476,-33.31682],[-59.99403,-33.31728],[-59.99342,-33.31788],[-59.99324,-33.31833],[-59.99325,-33.31844]]}},{"type":"Feature","properties":{"name":"Riacho Raton","layer":"Rios y Arroyos"},"geometry":{"type":"LineString","coordinates":[[-59.76782,-33.59359],[-59.76548,-33.59394],[-59.76287,-33.59411],[-59.76018,-33.59448],[-59.75691,-33.59482],[-59.75265,-33.59573],[-59.74893,-33.59677],[-59.74649,-33.59682],[-59.74328,-33.59756],[-59.73768,-33.59875]]}},{"type":"Feature","properties":{"name":"Arroyo Corto","layer":"Rios y Arroyos"},"geometry":{"type":"LineString","coordinates":[[-60.39596,-32.95857],[-60.39371,-32.96098],[-60.39156,-32.96155],[-60.39041,-32.96159],[-60.3892,-32.96217],[-60.38764,-32.9634],[-60.38638,-32.96393],[-60.38552,-32.96402],[-60.38508,-32.96424],[-60.38444,-32.96429],[-60.38372,-32.96441],[-60.38299,-32.96462],[-60.38232,-32.96472],[-60.3817,-32.96505],[-60.381,-32.96523],[-60.38027,-32.96525],[-60.37941,-32.96507],[-60.37819,-32.96486],[-60.37606,-32.96455],[-60.37466,-32.96468],[-60.37239,-32.965],[-60.37109,-32.96569],[-60.37046,-32.96684],[-60.37041,-32.96802],[-60.37014,-32.96904],[-60.36899,-32.97003],[-60.36693,-32.9711],[-60.36613,-32.97201],[-60.3658,-32.97339],[-60.36466,-32.97457],[-60.36255,-32.97558],[-60.36076,-32.97616],[-60.35918,-32.97736],[-60.35748,-32.97838],[-60.35532,-32.97927],[-60.35195,-32.98053],[-60.34817,-32.9816],[-60.34369,-32.98275],[-60.34,-32.98393],[-60.33837,-32.98472],[-60.33638,-32.98579],[-60.33535,-32.98639],[-60.33502,-32.98644]]}},{"type":"Feature","properties":{"name":"Arroyo de la Cruz","layer":"Rios y Arroyos"},"geometry":{"type":"LineString","coordinates":[[-60.221,-33.06303],[-60.22068,-33.06344],[-60.22027,-33.06384],[-60.21967,-33.06416],[-60.21901,-33.06451],[-60.21843,-33.06479],[-60.21804,-33.06509],[-60.21761,-33.06536],[-60.21665,-33.06564],[-60.21583,-33.06589],[-60.21526,-33.06612],[-60.21477,-33.06637],[-60.2142,-33.06683],[-60.21375,-33.06733],[-60.21317,-33.06812],[-60.21256,-33.06886],[-60.21149,-33.07001],[-60.21117,-33.07027],[-60.21056,-33.07043],[-60.20982,-33.07062],[-60.20892,-33.07107],[-60.2086,-33.07124],[-60.20744,-33.0716],[-60.20666,-33.07198],[-60.2059,-33.0725],[-60.20562,-33.07286],[-60.20544,-33.07341],[-60.20543,-33.07394],[-60.20562,-33.07447],[-60.20618,-33.07523],[-60.20653,-33.07586],[-60.20654,-33.07615],[-60.20643,-33.07664],[-60.20633,-33.07692],[-60.20719,-33.07862],[-60.20743,-33.07914],[-60.20761,-33.07945],[-60.2081,-33.07981],[-60.20905,-33.08021],[-60.20979,-33.08056],[-60.2103,-33.08079],[-60.21082,-33.08129],[-60.21108,-33.0818],[-60.21101,-33.08228],[-60.21058,-33.0829],[-60.21021,-33.08355],[-60.20973,-33.0843],[-60.2096,-33.0849],[-60.20938,-33.08511],[-60.20913,-33.08512],[-60.20887,-33.08505],[-60.20868,-33.08518],[-60.20826,-33.08565],[-60.20778,-33.08622],[-60.20757,-33.08626],[-60.20734,-33.08618],[-60.20699,-33.08616],[-60.20656,-33.08641],[-60.20622,-33.08691],[-60.20622,-33.08747],[-60.20624,-33.08788],[-60.2064,-33.08813],[-60.20677,-33.08843],[-60.20725,-33.08861],[-60.20799,-33.08874],[-60.20843,-33.0889],[-60.20963,-33.08895],[-60.21076,-33.08836],[-60.211,-33.08786],[-60.21148,-33.08739],[-60.21197,-33.08713],[-60.21317,-33.08673],[-60.21456,-33.08626],[-60.21516,-33.08586],[-60.21554,-33.08521],[-60.21571,-33.08485],[-60.21621,-33.0844],[-60.21667,-33.08425],[-60.21707,-33.08402],[-60.21761,-33.08368],[-60.21821,-33.08329],[-60.21897,-33.08287],[-60.21978,-33.08266],[-60.22049,-33.08265],[-60.22102,-33.08299],[-60.22186,-33.08324],[-60.22315,-33.08233],[-60.22337,-33.08201],[-60.22355,-33.08191],[-60.22398,-33.08208],[-60.22461,-33.08279],[-60.22496,-33.08403],[-60.2252,-33.08438],[-60.22537,-33.08449],[-60.22539,-33.08468],[-60.22554,-33.08536],[-60.22581,-33.08605],[-60.22605,-33.08637],[-60.22628,-33.08694]]}},{"type":"Feature","properties":{"name":"Riacho de la Espera","layer":"Rios y Arroyos"},"geometry":{"type":"LineString","coordinates":[[-60.06675,-33.38931],[-60.06585,-33.38899],[-60.06462,-33.38912],[-60.06343,-33.38912],[-60.06235,-33.38897],[-60.06123,-33.38891],[-60.06009,-33.38911],[-60.0592,-33.38965],[-60.05845,-33.39056],[-60.05814,-33.39134],[-60.05825,-33.39236],[-60.05863,-33.39355],[-60.05909,-33.39549],[-60.05902,-33.39735],[-60.05899,-33.39981],[-60.05868,-33.40338],[-60.05785,-33.40641],[-60.0561,-33.40922],[-60.05389,-33.41156],[-60.05128,-33.41464],[-60.04746,-33.41691],[-60.0437,-33.41904],[-60.04075,-33.42121],[-60.03789,-33.42573],[-60.03585,-33.43017],[-60.03361,-33.43569],[-60.03203,-33.43982],[-60.02811,-33.44431],[-60.02492,-33.44918],[-60.02433,-33.45287]]}},{"type":"Feature","properties":{"name":"Arroyo Desaguadero","layer":"Rios y Arroyos"},"geometry":{"type":"LineString","coordinates":[[-59.99841,-33.45158],[-59.99724,-33.45208],[-59.99584,-33.45252],[-59.99411,-33.45284],[-59.99175,-33.45286],[-59.98804,-33.45229],[-59.9856,-33.45206],[-59.98327,-33.45211],[-59.98075,-33.45227],[-59.97824,-33.45292],[-59.97577,-33.45392],[-59.97454,-33.45475],[-59.97338,-33.45621],[-59.97276,-33.45774],[-59.9714,-33.46011],[-59.97125,-33.46085],[-59.97031,-33.46143],[-59.96907,-33.46146],[-59.96751,-33.46119],[-59.9652,-33.46088],[-59.96274,-33.46034],[-59.95898,-33.45922],[-59.95714,-33.45881],[-59.95526,-33.45786],[-59.95288,-33.45713],[-59.95102,-33.45682],[-59.94887,-33.45665],[-59.94541,-33.45632],[-59.94295,-33.45635],[-59.94048,-33.45674],[-59.93845,-33.45725],[-59.937,-33.45799],[-59.93524,-33.45923],[-59.93376,-33.46051],[-59.93296,-33.46175],[-59.9328,-33.46243]]}},{"type":"Feature","properties":{"name":"Arroyo La Piedra","layer":"Rios y Arroyos"},"geometry":{"type":"LineString","coordinates":[[-59.938,-33.42692],[-59.93731,-33.42848],[-59.93657,-33.43047],[-59.9364,-33.43136],[-59.93601,-33.43388],[-59.93585,-33.43581],[-59.93595,-33.43742],[-59.93612,-33.4382],[-59.93653,-33.43877],[-59.93695,-33.43967],[-59.93744,-33.44091],[-59.93771,-33.4417],[-59.93735,-33.44235],[-59.9366,-33.44386],[-59.93622,-33.44508],[-59.93562,-33.44656],[-59.93425,-33.44899],[-59.93288,-33.45056],[-59.93062,-33.45268],[-59.92834,-33.45437],[-59.92732,-33.45497],[-59.92513,-33.45616],[-59.92231,-33.45736],[-59.9195,-33.45841],[-59.91784,-33.45891],[-59.91607,-33.45944],[-59.91419,-33.45995],[-59.91253,-33.46033],[-59.91078,-33.46075],[-59.90891,-33.46127],[-59.90678,-33.46195],[-59.90437,-33.46269],[-59.90228,-33.46318],[-59.89912,-33.46385],[-59.8974,-33.46415],[-59.89594,-33.46433],[-59.89485,-33.46459],[-59.89368,-33.46471],[-59.89049,-33.46469],[-59.88887,-33.4646],[-59.8874,-33.46478],[-59.88625,-33.46514],[-59.88181,-33.46615],[-59.87977,-33.46665],[-59.8788,-33.46691],[-59.87827,-33.46694],[-59.87634,-33.46759],[-59.87503,-33.46798],[-59.87385,-33.46851],[-59.87212,-33.46935],[-59.87003,-33.4706],[-59.86772,-33.47218],[-59.86615,-33.4734],[-59.8647,-33.47421],[-59.86343,-33.47498]]}},{"type":"Feature","properties":{"name":"Arroyo Las Piedras","layer":"Rios y Arroyos"},"geometry":{"type":"LineString","coordinates":[[-60.0502,-33.37427],[-60.04923,-33.37459],[-60.04799,-33.37497],[-60.047,-33.37529],[-60.04654,-33.37561],[-60.04609,-33.37575],[-60.04548,-33.37578],[-60.04445,-33.37568],[-60.04345,-33.3756],[-60.04262,-33.37555],[-60.04235,-33.37564],[-60.04183,-33.37622],[-60.04151,-33.37687],[-60.0412,-33.37747],[-60.0408,-33.37803],[-60.04053,-33.37823],[-60.04018,-33.37832],[-60.0396,-33.37844],[-60.03869,-33.37865],[-60.03812,-33.37889],[-60.03754,-33.37925],[-60.03701,-33.37963],[-60.03657,-33.38012],[-60.03614,-33.38065],[-60.03571,-33.38106],[-60.0352,-33.38155],[-60.03469,-33.38193],[-60.03419,-33.38222],[-60.03345,-33.38251],[-60.03299,-33.38272],[-60.0326,-33.383],[-60.03225,-33.38342],[-60.032,-33.38385],[-60.03178,-33.38422],[-60.03144,-33.38468],[-60.03105,-33.38507],[-60.03042,-33.38538],[-60.0297,-33.38564],[-60.02905,-33.38586],[-60.02868,-33.38609],[-60.02844,-33.38634],[-60.02831,-33.38663],[-60.02824,-33.38719],[-60.02818,-33.38776],[-60.02794,-33.38826],[-60.02761,-33.38876],[-60.02713,-33.38923],[-60.02662,-33.38956],[-60.02598,-33.38984],[-60.02527,-33.39008],[-60.02445,-33.39025],[-60.02366,-33.39039],[-60.02278,-33.39078],[-60.02144,-33.3913],[-60.0202,-33.39166],[-60.01874,-33.39195],[-60.01713,-33.39218],[-60.0159,-33.39226],[-60.01494,-33.39205],[-60.01384,-33.39191],[-60.01257,-33.39182],[-60.01157,-33.39185],[-60.01044,-33.39186]]}},{"type":"Feature","properties":{"name":"Arroyo Lechiguanas","layer":"Rios y Arroyos"},"geometry":{"type":"LineString","coordinates":[[-60.05512,-33.34819],[-60.05426,-33.34862],[-60.05341,-33.34909],[-60.05291,-33.34952],[-60.05243,-33.35009],[-60.05163,-33.35131],[-60.05085,-33.35216],[-60.04986,-33.35303],[-60.04878,-33.35358],[-60.04767,-33.35372],[-60.04555,-33.35389],[-60.04394,-33.35397],[-60.04323,-33.35378],[-60.04274,-33.35339],[-60.042,-33.353],[-60.04118,-33.35268],[-60.03998,-33.35261],[-60.03841,-33.3527],[-60.03653,-33.35273],[-60.03317,-33.35247],[-60.03148,-33.35241],[-60.02972,-33.35231],[-60.02803,-33.35211],[-60.02503,-33.35195],[-60.02364,-33.35181],[-60.02186,-33.3515],[-60.02007,-33.35109],[-60.01818,-33.35079],[-60.01576,-33.35052],[-60.01452,-33.35052],[-60.0132,-33.35056],[-60.01182,-33.35048],[-60.01093,-33.35045],[-60.00973,-33.3504],[-60.00883,-33.35052],[-60.00802,-33.35077],[-60.00727,-33.35121],[-60.00644,-33.35138],[-60.00467,-33.35157],[-60.00353,-33.35188],[-60.00291,-33.35216],[-60.0027,-33.3528],[-60.00261,-33.35357],[-60.00256,-33.35449],[-60.0023,-33.35502],[-60.00193,-33.3558],[-60.00164,-33.3568],[-60.00165,-33.35768],[-60.00174,-33.35845],[-60.00187,-33.35898],[-60.00209,-33.35941],[-60.00222,-33.36014],[-60.00222,-33.36084],[-60.00199,-33.36127],[-60.00145,-33.36157],[-60.00067,-33.36175],[-59.9996,-33.36195],[-59.99851,-33.36225],[-59.99752,-33.36259],[-59.99607,-33.36332],[-59.99478,-33.3639],[-59.99303,-33.36471],[-59.99153,-33.36549],[-59.99055,-33.3658],[-59.98864,-33.36679],[-59.9881,-33.36711],[-59.98737,-33.36735],[-59.98507,-33.36857],[-59.98459,-33.36907],[-59.98416,-33.36969],[-59.98302,-33.37085],[-59.98176,-33.3717],[-59.98057,-33.37257],[-59.97972,-33.37331],[-59.97876,-33.3742],[-59.97674,-33.3755],[-59.9748,-33.37688],[-59.97422,-33.37744],[-59.97421,-33.37784],[-59.974,-33.3781],[-59.97258,-33.37896],[-59.97195,-33.37937],[-59.97096,-33.37984],[-59.9706,-33.3802],[-59.97006,-33.38103],[-59.96975,-33.38124],[-59.96894,-33.38159],[-59.96825,-33.38206],[-59.96794,-33.38262],[-59.96736,-33.3834],[-59.96706,-33.38414],[-59.96713,-33.38494],[-59.96758,-33.38565],[-59.96846,-33.38667],[-59.9705,-33.3894],[-59.97186,-33.39049],[-59.97315,-33.39075],[-59.9747,-33.39117],[-59.97528,-33.39111],[-59.97613,-33.39059],[-59.9767,-33.39046],[-59.9792,-33.39067],[-59.97996,-33.39099],[-59.98154,-33.39111],[-59.98313,-33.39118],[-59.98399,-33.39126],[-59.98699,-33.39097],[-59.98828,-33.39073],[-59.99075,-33.38994],[-59.99249,-33.38931],[-59.99477,-33.38913],[-59.99806,-33.38887],[-60.00079,-33.38862],[-60.00248,-33.38833],[-60.00554,-33.38766],[-60.00726,-33.38772],[-60.00961,-33.38818],[-60.01051,-33.38867],[-60.01073,-33.38958],[-60.01049,-33.39033],[-60.01016,-33.39197],[-60.00987,-33.39293],[-60.00951,-33.39441],[-60.00924,-33.39607],[-60.00857,-33.39734],[-60.00708,-33.39878],[-60.00514,-33.40014],[-60.00328,-33.40128],[-60.00198,-33.40224],[-60.00076,-33.40357],[-59.99977,-33.40452],[-59.99838,-33.40545],[-59.99711,-33.4059],[-59.9957,-33.40619],[-59.99415,-33.40626],[-59.99319,-33.40599],[-59.99089,-33.40394],[-59.99001,-33.40339],[-59.98874,-33.40307],[-59.9856,-33.40269],[-59.98198,-33.40227],[-59.97867,-33.40148],[-59.97574,-33.40073],[-59.97421,-33.40054],[-59.97112,-33.40042],[-59.9679,-33.40018],[-59.966,-33.40016],[-59.96493,-33.40028],[-59.96358,-33.40094],[-59.9629,-33.40154],[-59.96196,-33.4026],[-59.96089,-33.40347],[-59.9589,-33.40485],[-59.95827,-33.40549],[-59.95724,-33.40686],[-59.95667,-33.40799],[-59.95615,-33.40992],[-59.95611,-33.41086],[-59.95624,-33.41192],[-59.95664,-33.41322],[-59.95738,-33.41539],[-59.95765,-33.41675],[-59.95758,-33.41819],[-59.95741,-33.41967],[-59.95688,-33.42088],[-59.95522,-33.42292],[-59.95379,-33.42438],[-59.95138,-33.42627],[-59.94955,-33.42724],[-59.94536,-33.42948],[-59.94412,-33.42959],[-59.94235,-33.42927],[-59.93974,-33.42807],[-59.93851,-33.42724],[-59.93817,-33.42667],[-59.93762,-33.42504],[-59.93749,-33.42351],[-59.93675,-33.4207],[-59.9365,-33.4191],[-59.93648,-33.41769],[-59.93701,-33.41576],[-59.93757,-33.41388],[-59.93787,-33.41212],[-59.93752,-33.4104],[-59.93693,-33.4081],[-59.93637,-33.40699],[-59.93533,-33.40605],[-59.93198,-33.40431],[-59.92988,-33.40349],[-59.92698,-33.40276],[-59.92427,-33.40257],[-59.92283,-33.40278],[-59.92141,-33.40322],[-59.91984,-33.40418],[-59.91893,-33.40495],[-59.91742,-33.40599],[-59.9154,-33.40729],[-59.91362,-33.40833],[-59.91296,-33.40889],[-59.91225,-33.40956],[-59.9117,-33.41058],[-59.91123,-33.41181],[-59.911,-33.41307],[-59.91096,-33.41479],[-59.91065,-33.41645],[-59.91073,-33.41786],[-59.91094,-33.41982],[-59.9111,-33.4215],[-59.91103,-33.42268],[-59.91046,-33.42523],[-59.9098,-33.42754],[-59.90896,-33.42973],[-59.90764,-33.43236],[-59.9067,-33.43387],[-59.9051,-33.43623],[-59.90347,-33.43769],[-59.90136,-33.43913],[-59.89972,-33.43999],[-59.89711,-33.44087],[-59.89479,-33.44128],[-59.89226,-33.4413],[-59.88904,-33.44108],[-59.88539,-33.44039],[-59.88367,-33.43982],[-59.8829,-33.43931],[-59.88232,-33.43873],[-59.88232,-33.43804],[-59.88288,-33.43707],[-59.88321,-33.43599],[-59.88406,-33.43494],[-59.88537,-33.43208],[-59.88552,-33.43134],[-59.88534,-33.43077],[-59.88478,-33.43042],[-59.88389,-33.43021],[-59.88247,-33.42995],[-59.88133,-33.42952],[-59.88003,-33.42872],[-59.87924,-33.42802],[-59.87824,-33.42758],[-59.87738,-33.42753],[-59.87656,-33.42817],[-59.87563,-33.42891],[-59.87506,-33.42906],[-59.87427,-33.42885],[-59.87338,-33.42832],[-59.87111,-33.42746],[-59.86752,-33.42635],[-59.86414,-33.42527],[-59.86022,-33.42378],[-59.85688,-33.42235],[-59.85335,-33.42021],[-59.84992,-33.41819],[-59.8478,-33.41736],[-59.84556,-33.41692],[-59.84406,-33.41709],[-59.84347,-33.4174],[-59.84332,-33.41782],[-59.84374,-33.41836],[-59.84436,-33.4192],[-59.84428,-33.4195],[-59.844,-33.41975],[-59.84347,-33.41975],[-59.84225,-33.41924],[-59.84169,-33.41938],[-59.84123,-33.41971],[-59.84064,-33.4204],[-59.83933,-33.42128],[-59.83794,-33.42165],[-59.83715,-33.42172],[-59.83682,-33.42191],[-59.83664,-33.42276],[-59.83633,-33.42289],[-59.83543,-33.42256],[-59.8347,-33.4223],[-59.83401,-33.42234],[-59.83309,-33.42247],[-59.83277,-33.42225],[-59.83269,-33.42197],[-59.83327,-33.42096],[-59.83301,-33.42059],[-59.83252,-33.42043],[-59.83182,-33.42097],[-59.83054,-33.42184],[-59.82971,-33.42216],[-59.82847,-33.42221],[-59.82666,-33.42256],[-59.82337,-33.42316],[-59.82197,-33.42366],[-59.82042,-33.42417],[-59.81883,-33.42445],[-59.81657,-33.42465],[-59.81446,-33.42513],[-59.81136,-33.42581],[-59.8098,-33.42588],[-59.80872,-33.42558],[-59.80815,-33.42558],[-59.80744,-33.42601],[-59.80665,-33.42659],[-59.80574,-33.42697],[-59.80412,-33.4269],[-59.80202,-33.42664],[-59.80064,-33.42679],[-59.79944,-33.42724],[-59.79838,-33.42734],[-59.7963,-33.42671],[-59.79432,-33.42628],[-59.79005,-33.42627],[-59.7872,-33.42608],[-59.78496,-33.42548],[-59.78356,-33.42466],[-59.78225,-33.42337],[-59.77884,-33.42258],[-59.77673,-33.42195],[-59.77453,-33.42166],[-59.77218,-33.42101],[-59.77003,-33.41983],[-59.76923,-33.41979],[-59.76431,-33.42025],[-59.75976,-33.42139],[-59.75814,-33.42215],[-59.75505,-33.42386],[-59.7546,-33.42441],[-59.7545,-33.42531],[-59.75491,-33.42618],[-59.75501,-33.42702],[-59.75479,-33.42939],[-59.75507,-33.43049],[-59.75477,-33.43176],[-59.75381,-33.43347],[-59.75247,-33.43431],[-59.74905,-33.43657],[-59.74775,-33.43796],[-59.74706,-33.43922],[-59.74545,-33.44033],[-59.74383,-33.44053],[-59.73929,-33.44037],[-59.73616,-33.44004],[-59.73127,-33.4386],[-59.72095,-33.43575],[-59.71785,-33.43512],[-59.71669,-33.43536],[-59.71223,-33.43713],[-59.711,-33.43812],[-59.70915,-33.44034],[-59.70776,-33.44122],[-59.70474,-33.44218],[-59.69989,-33.44397],[-59.69658,-33.44572],[-59.69376,-33.44776],[-59.69201,-33.44981],[-59.69139,-33.45113],[-59.69133,-33.45342],[-59.69075,-33.45594],[-59.68991,-33.45793],[-59.68883,-33.45946],[-59.68669,-33.46115],[-59.68285,-33.46348],[-59.68087,-33.46418],[-59.67888,-33.46407],[-59.67715,-33.46306],[-59.67602,-33.46163],[-59.6733,-33.45981],[-59.6707,-33.45883],[-59.66888,-33.45786],[-59.66786,-33.45767],[-59.66685,-33.45792],[-59.6661,-33.4586],[-59.66505,-33.4597],[-59.66315,-33.46109],[-59.66074,-33.46275],[-59.65926,-33.46306],[-59.65652,-33.46233],[-59.65536,-33.46218],[-59.65164,-33.4611],[-59.64979,-33.46067],[-59.64819,-33.46081],[-59.64477,-33.46173],[-59.63951,-33.46259],[-59.63721,-33.46325],[-59.63487,-33.46437],[-59.63225,-33.46576],[-59.63109,-33.46595],[-59.62981,-33.46558],[-59.62786,-33.46448],[-59.62619,-33.463],[-59.62448,-33.46088],[-59.62267,-33.45869],[-59.62136,-33.45819],[-59.61919,-33.45809],[-59.6147,-33.458],[-59.61304,-33.45755],[-59.61035,-33.45621],[-59.60547,-33.45347],[-59.60332,-33.45204],[-59.60153,-33.45034],[-59.6005,-33.44858],[-59.6,-33.44599],[-59.59944,-33.44457],[-59.59844,-33.44361]]}},{"type":"Feature","properties":{"name":"Arroyo Lechiguanas","layer":"Rios y Arroyos"},"geometry":{"type":"LineString","coordinates":[[-59.59844,-33.44361],[-59.59728,-33.44326],[-59.59579,-33.44338],[-59.59387,-33.44412],[-59.59166,-33.44671],[-59.5896,-33.44888],[-59.58825,-33.45014],[-59.58731,-33.45079],[-59.58193,-33.45324],[-59.57375,-33.45713],[-59.56501,-33.4617],[-59.5595,-33.46471],[-59.55726,-33.46656],[-59.5559,-33.46909],[-59.55573,-33.47124],[-59.55557,-33.4745],[-59.55498,-33.47585],[-59.55342,-33.47754],[-59.55089,-33.47927],[-59.54856,-33.4811],[-59.54556,-33.48371],[-59.54299,-33.48682],[-59.54184,-33.48913],[-59.54149,-33.49183],[-59.54065,-33.49382],[-59.53836,-33.4967],[-59.53674,-33.49761],[-59.53527,-33.49782],[-59.53276,-33.49745],[-59.53003,-33.49731],[-59.52586,-33.49738],[-59.52026,-33.497],[-59.51849,-33.49721],[-59.51686,-33.49778],[-59.51475,-33.49917],[-59.51219,-33.50142],[-59.50756,-33.50483],[-59.50552,-33.5065],[-59.50378,-33.50858],[-59.50227,-33.51119],[-59.49888,-33.51517],[-59.49499,-33.52009],[-59.49093,-33.52415],[-59.48486,-33.53007],[-59.48346,-33.5319],[-59.4811,-33.53555],[-59.48045,-33.53789],[-59.48028,-33.53967],[-59.47953,-33.54127],[-59.47687,-33.54452],[-59.47488,-33.54691],[-59.47324,-33.54948],[-59.47067,-33.55406],[-59.46783,-33.55807],[-59.46445,-33.56265],[-59.46263,-33.56403],[-59.46114,-33.56445],[-59.45994,-33.56406],[-59.45937,-33.56301],[-59.45927,-33.5615],[-59.45955,-33.56078],[-59.45833,-33.5574],[-59.4573,-33.55643],[-59.45614,-33.55621],[-59.45445,-33.55666],[-59.45323,-33.55752],[-59.45254,-33.55863],[-59.45175,-33.56073],[-59.45128,-33.56232],[-59.4503,-33.56373],[-59.44613,-33.56866],[-59.44494,-33.57042],[-59.44419,-33.57201],[-59.44332,-33.57449],[-59.44185,-33.5768],[-59.44067,-33.57805],[-59.43927,-33.57878],[-59.43761,-33.57918],[-59.43524,-33.58017],[-59.43168,-33.58161],[-59.42717,-33.58433],[-59.42366,-33.58641],[-59.42132,-33.58755],[-59.41541,-33.59034],[-59.41215,-33.59209],[-59.40978,-33.5933],[-59.40582,-33.59466],[-59.40125,-33.59604],[-59.39908,-33.59644],[-59.39511,-33.59679],[-59.39255,-33.5971],[-59.39108,-33.59766],[-59.38987,-33.59862],[-59.38835,-33.60049],[-59.38674,-33.60221],[-59.38494,-33.60341],[-59.38347,-33.60385],[-59.38107,-33.60359],[-59.37928,-33.60364],[-59.37781,-33.60433],[-59.37689,-33.60528],[-59.37614,-33.60666],[-59.37464,-33.60806],[-59.37203,-33.61055],[-59.36765,-33.61428],[-59.36396,-33.61804],[-59.36165,-33.62074],[-59.35755,-33.62381],[-59.35403,-33.62599],[-59.34813,-33.62938],[-59.34115,-33.63288],[-59.33715,-33.6347],[-59.33309,-33.63568],[-59.33053,-33.63568],[-59.32857,-33.635],[-59.3276,-33.63434],[-59.32501,-33.63307],[-59.32332,-33.63204],[-59.32172,-33.63137],[-59.31975,-33.63123],[-59.31789,-33.63153],[-59.31554,-33.63237],[-59.31208,-33.63282],[-59.30854,-33.63292],[-59.30639,-33.63314],[-59.30483,-33.63391],[-59.30318,-33.63557],[-59.30033,-33.639],[-59.29716,-33.64087],[-59.28788,-33.64665],[-59.28365,-33.64939],[-59.28034,-33.65042],[-59.27538,-33.65098],[-59.27037,-33.65049],[-59.26589,-33.65048],[-59.26275,-33.65121],[-59.25972,-33.65271],[-59.25704,-33.6549],[-59.25553,-33.65663]]}},{"type":"Feature","properties":{"name":"Arroyo Sepulturas","layer":"Rios y Arroyos"},"geometry":{"type":"LineString","coordinates":[[-59.88221,-33.43954],[-59.88013,-33.43908],[-59.87788,-33.43873],[-59.87512,-33.43858],[-59.87244,-33.4392],[-59.86985,-33.44029],[-59.85947,-33.44703],[-59.85695,-33.44919],[-59.85533,-33.4507],[-59.85019,-33.45675],[-59.84732,-33.46003],[-59.84683,-33.46096],[-59.84639,-33.46205],[-59.84628,-33.46305],[-59.84656,-33.46472],[-59.84685,-33.46612],[-59.84765,-33.46803],[-59.84906,-33.47082],[-59.84958,-33.47153],[-59.85053,-33.47256],[-59.85146,-33.47293],[-59.85254,-33.47298],[-59.85601,-33.47228],[-59.85748,-33.47224],[-59.85876,-33.4726],[-59.85993,-33.47314],[-59.86107,-33.47392],[-59.86239,-33.47425],[-59.86384,-33.47564],[-59.86453,-33.47619],[-59.86545,-33.47744],[-59.86535,-33.47855],[-59.86433,-33.48087],[-59.8633,-33.4836],[-59.86196,-33.48635],[-59.86062,-33.48833],[-59.85989,-33.48922],[-59.85798,-33.49042],[-59.85666,-33.49089],[-59.85412,-33.49142],[-59.85204,-33.49181],[-59.8512,-33.49212],[-59.84917,-33.49333],[-59.84441,-33.49647],[-59.84289,-33.49732],[-59.84096,-33.49813],[-59.83787,-33.49938],[-59.83466,-33.50047],[-59.83079,-33.50199],[-59.82803,-33.50312],[-59.82602,-33.50365],[-59.82429,-33.5038],[-59.8233,-33.50382],[-59.82205,-33.50346],[-59.82164,-33.50352],[-59.82111,-33.50373],[-59.82045,-33.50383],[-59.81976,-33.50405],[-59.81916,-33.50438],[-59.81876,-33.50477],[-59.81859,-33.50521],[-59.81834,-33.50564],[-59.81801,-33.5059],[-59.8176,-33.50601],[-59.81713,-33.50604],[-59.81587,-33.50606],[-59.81435,-33.50593],[-59.81292,-33.50576],[-59.81239,-33.50563],[-59.81174,-33.50532],[-59.81092,-33.50483],[-59.81027,-33.50423],[-59.81029,-33.5033],[-59.80987,-33.50254],[-59.80833,-33.50071],[-59.80694,-33.49879],[-59.80572,-33.49744],[-59.80457,-33.4967],[-59.80286,-33.49535],[-59.80112,-33.49354],[-59.79935,-33.49143],[-59.79812,-33.48978],[-59.79725,-33.489],[-59.79632,-33.48883],[-59.7951,-33.48897],[-59.79385,-33.48946],[-59.79266,-33.4901],[-59.79096,-33.491],[-59.78894,-33.49208],[-59.78627,-33.49379],[-59.7829,-33.4959],[-59.78061,-33.49728],[-59.77819,-33.49879],[-59.77589,-33.49963],[-59.77306,-33.49989],[-59.76991,-33.49982],[-59.76655,-33.49931],[-59.76394,-33.49858],[-59.76143,-33.49728],[-59.75807,-33.49524],[-59.75573,-33.49399],[-59.75361,-33.49297],[-59.75002,-33.49133],[-59.74534,-33.48914],[-59.74089,-33.48702],[-59.737,-33.48535],[-59.73336,-33.48396],[-59.73179,-33.48339],[-59.7314,-33.48322]]}},{"type":"Feature","properties":{"name":"Arroyo Lobitos","layer":"Rios y Arroyos"},"geometry":{"type":"LineString","coordinates":[[-59.63214,-33.46625],[-59.63388,-33.46683],[-59.63441,-33.46705],[-59.63507,-33.46746],[-59.63632,-33.46798],[-59.63768,-33.46841],[-59.63844,-33.46868],[-59.64064,-33.4695],[-59.64391,-33.47038],[-59.64436,-33.47059],[-59.64503,-33.47112],[-59.64782,-33.4728],[-59.65033,-33.47394],[-59.65208,-33.4745],[-59.65333,-33.47498],[-59.65528,-33.47529],[-59.65608,-33.47556],[-59.65725,-33.47613],[-59.65979,-33.47676],[-59.66146,-33.47698],[-59.66385,-33.4773],[-59.66468,-33.47727],[-59.6659,-33.47694],[-59.66705,-33.47674],[-59.66977,-33.47673],[-59.67193,-33.4767],[-59.67428,-33.47709],[-59.67627,-33.4775],[-59.67721,-33.47778],[-59.67962,-33.4782],[-59.6808,-33.47854],[-59.68294,-33.47971],[-59.68613,-33.4811],[-59.68744,-33.48155],[-59.68854,-33.48177],[-59.69097,-33.48268],[-59.69263,-33.48342],[-59.69399,-33.48386],[-59.69561,-33.4848],[-59.69669,-33.48546],[-59.69865,-33.48633],[-59.7009,-33.4872],[-59.70246,-33.48771],[-59.70483,-33.4882],[-59.7059,-33.48858],[-59.70769,-33.48959],[-59.71046,-33.49022],[-59.71146,-33.49026],[-59.71244,-33.49009],[-59.71358,-33.48947],[-59.71472,-33.48877],[-59.71574,-33.48795],[-59.71641,-33.48715],[-59.71706,-33.48598],[-59.71778,-33.48438],[-59.71916,-33.48166],[-59.71978,-33.47982],[-59.72017,-33.47887],[-59.72118,-33.47794],[-59.72205,-33.47718],[-59.72309,-33.47629],[-59.72562,-33.47518],[-59.72739,-33.47484],[-59.72899,-33.47427],[-59.72999,-33.47417],[-59.7307,-33.47454],[-59.73119,-33.47521],[-59.73203,-33.47679],[-59.73328,-33.47747],[-59.73418,-33.47833]]}},{"type":"Feature","properties":{"name":"Arroyo de Los Lobos","layer":"Rios y Arroyos"},"geometry":{"type":"LineString","coordinates":[[-59.73406,-33.47839],[-59.73402,-33.47934],[-59.73337,-33.48094],[-59.73286,-33.48224],[-59.73171,-33.48279],[-59.73085,-33.48314],[-59.7295,-33.48338],[-59.72848,-33.48335],[-59.72731,-33.48322],[-59.72614,-33.48318],[-59.72465,-33.48341],[-59.72365,-33.48383],[-59.72273,-33.48448],[-59.72221,-33.48508],[-59.72208,-33.48578],[-59.72192,-33.48664],[-59.72188,-33.4876],[-59.72198,-33.4885],[-59.72213,-33.48924],[-59.72237,-33.49012],[-59.72311,-33.49153],[-59.724,-33.49328],[-59.72464,-33.49421],[-59.7258,-33.49529],[-59.72692,-33.496],[-59.72828,-33.4966],[-59.73013,-33.49725],[-59.73172,-33.49779],[-59.73318,-33.49836],[-59.73459,-33.49883],[-59.73653,-33.49922],[-59.73871,-33.49936],[-59.74101,-33.49923],[-59.74282,-33.49901],[-59.74418,-33.49898],[-59.74603,-33.49921],[-59.74791,-33.49958],[-59.74955,-33.50023],[-59.75107,-33.50116],[-59.75197,-33.50212],[-59.75225,-33.50304],[-59.75195,-33.50412],[-59.75047,-33.50741],[-59.75002,-33.50804],[-59.74871,-33.50887],[-59.74727,-33.50966],[-59.74576,-33.51074],[-59.74413,-33.51195],[-59.74266,-33.51296],[-59.74122,-33.51371],[-59.73972,-33.51426],[-59.73836,-33.51438],[-59.73677,-33.51447],[-59.73509,-33.51488],[-59.73359,-33.5154],[-59.73247,-33.51578],[-59.73116,-33.51598],[-59.73012,-33.51594],[-59.72927,-33.51563],[-59.7286,-33.51503],[-59.72803,-33.51363],[-59.72763,-33.5123],[-59.72746,-33.51137],[-59.72743,-33.51047],[-59.7276,-33.5092],[-59.7278,-33.50811],[-59.72808,-33.50681],[-59.72855,-33.50545],[-59.72914,-33.504],[-59.72948,-33.50272],[-59.7294,-33.50149],[-59.72881,-33.50056],[-59.72787,-33.50016],[-59.72662,-33.50002],[-59.72522,-33.50007],[-59.7237,-33.50038],[-59.72221,-33.50083],[-59.7208,-33.50139],[-59.71942,-33.5021],[-59.71789,-33.50311],[-59.71633,-33.50445],[-59.7154,-33.50563],[-59.71458,-33.5067],[-59.71384,-33.50814],[-59.7128,-33.50999],[-59.71164,-33.51182],[-59.71042,-33.51344],[-59.70929,-33.51455],[-59.70788,-33.51544],[-59.70663,-33.51591],[-59.70554,-33.51609],[-59.70353,-33.51597],[-59.70216,-33.51573],[-59.69921,-33.51511],[-59.69714,-33.51488],[-59.69481,-33.51452],[-59.69186,-33.51415],[-59.68994,-33.51418],[-59.68775,-33.5144],[-59.68645,-33.51497],[-59.68503,-33.51599],[-59.68387,-33.51712],[-59.68277,-33.51855],[-59.68185,-33.51996],[-59.68102,-33.52144],[-59.68009,-33.52242],[-59.67912,-33.52306],[-59.67766,-33.52366],[-59.67605,-33.52407],[-59.67382,-33.52449],[-59.67129,-33.52495],[-59.66949,-33.52536],[-59.66812,-33.5258],[-59.66708,-33.52634],[-59.66652,-33.52709],[-59.66656,-33.52789],[-59.6667,-33.52888],[-59.66723,-33.52979],[-59.66803,-33.53059],[-59.66955,-33.53142],[-59.67186,-33.53248],[-59.67382,-33.53324],[-59.6758,-33.53379],[-59.67785,-33.53413],[-59.68084,-33.53421],[-59.68451,-33.53411],[-59.68914,-33.53353],[-59.69079,-33.53361],[-59.69174,-33.5341],[-59.69229,-33.53494],[-59.69248,-33.53605],[-59.69213,-33.53717],[-59.69143,-33.5381],[-59.69046,-33.53898],[-59.6889,-33.53993],[-59.68654,-33.541],[-59.6848,-33.54158],[-59.68307,-33.54192],[-59.68149,-33.54203],[-59.67986,-33.54208],[-59.67793,-33.54231],[-59.67621,-33.54318],[-59.67533,-33.54434],[-59.67493,-33.54562],[-59.67524,-33.54659],[-59.67626,-33.54809],[-59.67789,-33.54955],[-59.68007,-33.55101],[-59.6823,-33.55213],[-59.68531,-33.55378],[-59.68774,-33.55527],[-59.69017,-33.55729],[-59.6913,-33.55877],[-59.69153,-33.56021],[-59.69108,-33.56169],[-59.68976,-33.56279],[-59.68791,-33.56365],[-59.68499,-33.56445],[-59.68239,-33.56461],[-59.6793,-33.56455],[-59.67653,-33.56419],[-59.67392,-33.56406],[-59.67017,-33.56439],[-59.66576,-33.56539],[-59.66209,-33.56665],[-59.65973,-33.56825],[-59.65892,-33.56989],[-59.6594,-33.57198],[-59.66035,-33.5742],[-59.66154,-33.57574],[-59.66297,-33.57695],[-59.66419,-33.57805],[-59.6649,-33.57916],[-59.66473,-33.58108],[-59.66399,-33.58269],[-59.66231,-33.58404],[-59.65928,-33.5856],[-59.657,-33.5865],[-59.65392,-33.58716],[-59.65147,-33.58777],[-59.64853,-33.58865],[-59.64494,-33.58932],[-59.63933,-33.58996],[-59.63472,-33.59056],[-59.63082,-33.59138],[-59.62706,-33.59287],[-59.62443,-33.59472],[-59.62179,-33.59739],[-59.61898,-33.60088],[-59.61636,-33.60377],[-59.61267,-33.60704],[-59.60968,-33.60918],[-59.60496,-33.61218],[-59.6017,-33.61351],[-59.59886,-33.61413],[-59.59622,-33.61405],[-59.59417,-33.61367],[-59.59203,-33.61254],[-59.59045,-33.61156],[-59.58807,-33.61082],[-59.58476,-33.61012],[-59.58089,-33.60977],[-59.57648,-33.60932],[-59.57288,-33.60909],[-59.56829,-33.60936],[-59.56457,-33.60989],[-59.56151,-33.61087],[-59.55934,-33.61185],[-59.55745,-33.61381],[-59.55653,-33.6158],[-59.55623,-33.61737],[-59.55624,-33.61889],[-59.55619,-33.62128],[-59.55562,-33.62353],[-59.55444,-33.62543],[-59.55205,-33.62788],[-59.54953,-33.63026],[-59.54669,-33.63276],[-59.54439,-33.63468],[-59.54251,-33.63614]]}},{"type":"Feature","properties":{"name":"Arroyo Media Luna","layer":"Rios y Arroyos"},"geometry":{"type":"LineString","coordinates":[[-60.33494,-32.98681],[-60.33493,-32.98718],[-60.335,-32.98756],[-60.33512,-32.9878],[-60.33533,-32.98803],[-60.33569,-32.98828],[-60.33618,-32.98849],[-60.33677,-32.98867],[-60.33759,-32.98891],[-60.33812,-32.98922],[-60.33841,-32.98958],[-60.33858,-32.99005],[-60.33865,-32.99061],[-60.33871,-32.99082],[-60.33928,-32.99192],[-60.33954,-32.99249],[-60.33983,-32.99386],[-60.34017,-32.99539],[-60.34024,-32.99597],[-60.34008,-32.9962],[-60.33982,-32.99641],[-60.33961,-32.99669],[-60.33971,-32.99699],[-60.33972,-32.99716],[-60.33954,-32.99731],[-60.33857,-32.99762],[-60.33816,-32.99785],[-60.33667,-32.99919],[-60.33549,-33.00117],[-60.33461,-33.00243],[-60.33391,-33.00388],[-60.3334,-33.00526],[-60.33295,-33.00637],[-60.33265,-33.00727],[-60.33238,-33.00755],[-60.33163,-33.00767],[-60.33131,-33.00765],[-60.33111,-33.00749],[-60.33088,-33.00721],[-60.33063,-33.00672],[-60.33044,-33.00638],[-60.32999,-33.00601],[-60.32952,-33.0055],[-60.32916,-33.00489],[-60.32892,-33.00435],[-60.32877,-33.00391],[-60.32849,-33.00361],[-60.32812,-33.00341],[-60.32768,-33.00337],[-60.32727,-33.00323],[-60.32691,-33.00327],[-60.32636,-33.00348],[-60.32564,-33.00385],[-60.32488,-33.00424],[-60.32423,-33.00455],[-60.32383,-33.00485],[-60.32346,-33.00537],[-60.3235,-33.00571],[-60.32375,-33.00614],[-60.32388,-33.00654],[-60.324,-33.00687],[-60.32386,-33.00721],[-60.32358,-33.00771],[-60.32325,-33.00816],[-60.32294,-33.00845],[-60.32257,-33.00862],[-60.32217,-33.00871],[-60.3218,-33.00868],[-60.32135,-33.00861],[-60.32104,-33.00852],[-60.32075,-33.00854],[-60.32028,-33.00866],[-60.31985,-33.00873],[-60.31924,-33.00864],[-60.31847,-33.0085],[-60.31766,-33.00837],[-60.31704,-33.00836],[-60.31662,-33.00845],[-60.31647,-33.00858],[-60.31639,-33.00886],[-60.31619,-33.00915],[-60.31586,-33.00941],[-60.31548,-33.00964],[-60.31492,-33.00982]]}},{"type":"Feature","properties":{"name":"Arroyo Boba","layer":"Rios y Arroyos"},"geometry":{"type":"LineString","coordinates":[[-59.73449,-33.47838],[-59.73481,-33.47861],[-59.73556,-33.47945],[-59.73626,-33.48015],[-59.73665,-33.48076],[-59.73714,-33.48081],[-59.73773,-33.48067],[-59.73839,-33.4804],[-59.74039,-33.48051],[-59.74166,-33.48047],[-59.74239,-33.48033],[-59.74289,-33.47997],[-59.74321,-33.47939],[-59.74356,-33.47898],[-59.74428,-33.47878],[-59.7451,-33.47882],[-59.7459,-33.47894],[-59.74634,-33.47891],[-59.7474,-33.47865],[-59.74846,-33.47807],[-59.74938,-33.4772],[-59.75009,-33.47588],[-59.75044,-33.47512],[-59.75075,-33.47324],[-59.75097,-33.47236],[-59.75241,-33.47156],[-59.7538,-33.4707],[-59.75474,-33.47037],[-59.75607,-33.47009],[-59.75786,-33.4697],[-59.75914,-33.46916],[-59.76136,-33.46815],[-59.76491,-33.46633],[-59.76585,-33.46598],[-59.76879,-33.4651],[-59.77201,-33.46421],[-59.77418,-33.46392],[-59.77456,-33.46419],[-59.77527,-33.46491],[-59.77564,-33.46502],[-59.77609,-33.46489],[-59.77741,-33.46404],[-59.77897,-33.46314],[-59.77972,-33.4626],[-59.78005,-33.46266],[-59.78027,-33.4629],[-59.78037,-33.46324],[-59.78023,-33.46408],[-59.78027,-33.46436],[-59.7805,-33.46476],[-59.78083,-33.4649],[-59.78122,-33.46482],[-59.78154,-33.46458],[-59.78195,-33.46412],[-59.78204,-33.46343],[-59.78225,-33.46315],[-59.78269,-33.46294],[-59.78289,-33.46279],[-59.78297,-33.46254],[-59.7829,-33.46227],[-59.78266,-33.46181],[-59.78265,-33.46153],[-59.78282,-33.46087],[-59.78274,-33.46038],[-59.78265,-33.46006],[-59.78236,-33.45966],[-59.782,-33.45923],[-59.78176,-33.45873],[-59.78171,-33.4582],[-59.78199,-33.45784],[-59.78219,-33.45752],[-59.78212,-33.45725],[-59.78174,-33.45687],[-59.7815,-33.45649],[-59.78139,-33.45596],[-59.78114,-33.45538],[-59.7808,-33.45482],[-59.78052,-33.45407],[-59.78026,-33.45363],[-59.78016,-33.45327],[-59.78015,-33.45264]]}},{"type":"Feature","properties":{"name":"Arroyo El Tacho","layer":"Rios y Arroyos"},"geometry":{"type":"LineString","coordinates":[[-60.08992,-33.35446],[-60.09259,-33.35431],[-60.0962,-33.35381],[-60.09737,-33.35329],[-60.09977,-33.35101],[-60.103,-33.34743],[-60.10322,-33.34661],[-60.10267,-33.34542],[-60.10253,-33.34441],[-60.10614,-33.33799],[-60.10738,-33.33531],[-60.11369,-33.33185],[-60.12234,-33.33109],[-60.14087,-33.33458]]}},{"type":"Feature","properties":{"name":"Arroyo Banderitas","layer":"Rios y Arroyos"},"geometry":{"type":"LineString","coordinates":[[-60.02577,-33.30833],[-60.02588,-33.30882],[-60.02631,-33.3093],[-60.02677,-33.30963],[-60.02728,-33.30954],[-60.02752,-33.30949],[-60.02767,-33.30973],[-60.02784,-33.30986],[-60.0288,-33.30992],[-60.02936,-33.31],[-60.0305,-33.31026],[-60.03175,-33.31055],[-60.03275,-33.31074],[-60.03316,-33.31085],[-60.03321,-33.31117],[-60.03323,-33.3117],[-60.03336,-33.31193],[-60.03349,-33.31205],[-60.03352,-33.31221],[-60.03314,-33.31262],[-60.0331,-33.31283],[-60.03306,-33.3131],[-60.03283,-33.31326],[-60.03208,-33.31317],[-60.03163,-33.31325],[-60.03113,-33.31355],[-60.03092,-33.31391],[-60.031,-33.31412],[-60.03147,-33.31434],[-60.03226,-33.31493],[-60.03263,-33.31542],[-60.03299,-33.31621],[-60.03365,-33.31768],[-60.03446,-33.3192],[-60.03511,-33.32041],[-60.03573,-33.32152],[-60.03663,-33.32287],[-60.03758,-33.32424],[-60.03835,-33.3252],[-60.03937,-33.3262],[-60.04011,-33.32722],[-60.04111,-33.32835],[-60.04247,-33.33009],[-60.04378,-33.33151],[-60.04514,-33.33277],[-60.0465,-33.33395],[-60.04789,-33.33525],[-60.04924,-33.3365],[-60.04988,-33.337],[-60.05017,-33.33726],[-60.05021,-33.33751]]}},{"type":"Feature","properties":{"name":"Arroyo Aguas Negras","layer":"Rios y Arroyos"},"geometry":{"type":"LineString","coordinates":[[-60.11545,-33.27559],[-60.11384,-33.27455],[-60.11198,-33.27416],[-60.1096,-33.27409],[-60.10692,-33.27395],[-60.10486,-33.27406],[-60.10426,-33.2745],[-60.10507,-33.276],[-60.105,-33.27768],[-60.10438,-33.28],[-60.10397,-33.28188],[-60.1043,-33.2838],[-60.10511,-33.28647],[-60.10515,-33.28822],[-60.10461,-33.28977],[-60.10368,-33.29186],[-60.1029,-33.29293],[-60.10117,-33.29402],[-60.09965,-33.29458],[-60.09631,-33.2952],[-60.09375,-33.29563],[-60.09185,-33.29645],[-60.0879,-33.29863],[-60.08326,-33.30111],[-60.08043,-33.3022],[-60.07727,-33.30287],[-60.07453,-33.30294],[-60.07172,-33.30218],[-60.06994,-33.30106],[-60.0689,-33.29985],[-60.06813,-33.29839],[-60.06811,-33.29716],[-60.06771,-33.29601],[-60.06775,-33.29414],[-60.06869,-33.29181],[-60.06925,-33.28956],[-60.06897,-33.28838],[-60.06802,-33.28735],[-60.06689,-33.28708],[-60.06527,-33.28716],[-60.06374,-33.28726],[-60.06289,-33.28733],[-60.06236,-33.28776],[-60.06231,-33.28855],[-60.062,-33.289],[-60.06135,-33.2892],[-60.05935,-33.28909],[-60.05821,-33.28922],[-60.0571,-33.29003],[-60.05619,-33.29047],[-60.05527,-33.29142],[-60.05503,-33.2921],[-60.05421,-33.29272],[-60.05376,-33.29313],[-60.05334,-33.29403],[-60.05314,-33.29519],[-60.05312,-33.29623],[-60.05303,-33.2971],[-60.05307,-33.29811],[-60.0533,-33.29874],[-60.05362,-33.29935],[-60.0538,-33.30025],[-60.05371,-33.30158],[-60.05377,-33.30294],[-60.05407,-33.30436],[-60.05404,-33.30552],[-60.05365,-33.3066],[-60.05322,-33.30748],[-60.05263,-33.30851],[-60.05227,-33.3093],[-60.05203,-33.31032],[-60.05161,-33.31227],[-60.05144,-33.31431],[-60.05153,-33.31586],[-60.05205,-33.31757],[-60.0533,-33.31989],[-60.0542,-33.32124],[-60.05485,-33.32168],[-60.05589,-33.32181],[-60.05689,-33.32214],[-60.0575,-33.32249],[-60.05765,-33.3228],[-60.0576,-33.32346],[-60.05799,-33.32481],[-60.05854,-33.32641],[-60.05946,-33.32899],[-60.06015,-33.33096],[-60.06007,-33.33249],[-60.06023,-33.33437],[-60.05991,-33.33574],[-60.05944,-33.33667],[-60.05851,-33.3376],[-60.05722,-33.33817],[-60.05598,-33.33839],[-60.05422,-33.33853],[-60.05266,-33.33833],[-60.05146,-33.33808],[-60.05037,-33.3378]]}},{"type":"Feature","properties":{"name":"Arroyo el Ceibo","layer":"Rios y Arroyos"},"geometry":{"type":"LineString","coordinates":[[-60.02981,-33.27096],[-60.03047,-33.27102],[-60.03085,-33.27103],[-60.03143,-33.271],[-60.032,-33.27103],[-60.03232,-33.27098],[-60.03264,-33.27093],[-60.03292,-33.27099],[-60.03318,-33.27128],[-60.03353,-33.27152],[-60.03411,-33.27176],[-60.03483,-33.27225],[-60.03554,-33.27271],[-60.03609,-33.2731],[-60.03652,-33.27347],[-60.03708,-33.27414],[-60.03725,-33.27464],[-60.03716,-33.27505],[-60.03684,-33.27541],[-60.03654,-33.27575],[-60.03621,-33.27592],[-60.03572,-33.27625],[-60.0354,-33.27668],[-60.03521,-33.27725],[-60.03516,-33.27777],[-60.03517,-33.27864],[-60.03524,-33.27953],[-60.0353,-33.2798],[-60.03527,-33.28021],[-60.03516,-33.28042],[-60.03473,-33.28076],[-60.03408,-33.28116],[-60.03336,-33.28164],[-60.0329,-33.28204],[-60.03236,-33.28264],[-60.03202,-33.28317],[-60.03172,-33.28419],[-60.03166,-33.28487],[-60.03192,-33.28622],[-60.03212,-33.28737],[-60.0323,-33.28871],[-60.03259,-33.29034],[-60.0327,-33.29088],[-60.033,-33.29211],[-60.03306,-33.29293],[-60.03307,-33.29421],[-60.03326,-33.29467],[-60.03366,-33.29549],[-60.03429,-33.29648],[-60.03505,-33.29742],[-60.0357,-33.29843],[-60.03593,-33.2991],[-60.03606,-33.30025],[-60.03587,-33.30115],[-60.03561,-33.30159],[-60.03523,-33.30272],[-60.03508,-33.30357],[-60.03523,-33.30431],[-60.03543,-33.30499],[-60.03529,-33.30557],[-60.03503,-33.30581],[-60.0345,-33.30598],[-60.03401,-33.30597],[-60.03335,-33.30572],[-60.03219,-33.30554],[-60.03102,-33.30531],[-60.02995,-33.3049],[-60.02937,-33.30474],[-60.02893,-33.30479],[-60.02829,-33.30521],[-60.02778,-33.30565],[-60.02708,-33.30615],[-60.02684,-33.3064],[-60.02682,-33.30667],[-60.02686,-33.30705],[-60.02691,-33.30725],[-60.02669,-33.30773],[-60.02614,-33.30823],[-60.02596,-33.30833]]}},{"type":"Feature","properties":{"name":"Arroyo Correntoso","layer":"Rios y Arroyos"},"geometry":{"type":"LineString","coordinates":[[-59.83805,-33.57314],[-59.8388,-33.57087],[-59.83884,-33.56938],[-59.83897,-33.5681],[-59.84416,-33.56483],[-59.84923,-33.56204],[-59.85393,-33.55957],[-59.8574,-33.5563],[-59.8597,-33.5534],[-59.86252,-33.55155],[-59.86512,-33.55008],[-59.86691,-33.54929],[-59.86863,-33.54881],[-59.86949,-33.5485],[-59.87213,-33.54688],[-59.87476,-33.54513],[-59.87853,-33.54243],[-59.8818,-33.53982],[-59.88384,-33.53799],[-59.88501,-33.53709],[-59.88746,-33.53552],[-59.89182,-33.53225],[-59.89509,-33.52988],[-59.89629,-33.52887],[-59.89755,-33.52737],[-59.89897,-33.52541],[-59.89922,-33.52484],[-59.90043,-33.52318],[-59.90155,-33.52173],[-59.90205,-33.52057],[-59.90214,-33.51901],[-59.90244,-33.51811],[-59.90421,-33.51601]]}},{"type":"Feature","properties":{"name":"Arroyo Carpinchito","layer":"Rios y Arroyos"},"geometry":{"type":"LineString","coordinates":[[-59.86033,-33.55228],[-59.8619,-33.55023],[-59.86244,-33.5494],[-59.86266,-33.54862],[-59.86259,-33.54708],[-59.86218,-33.54547],[-59.86245,-33.54403],[-59.86288,-33.54179],[-59.86315,-33.54081],[-59.86403,-33.53906],[-59.86528,-33.53724],[-59.86653,-33.53594],[-59.86844,-33.53419],[-59.86923,-33.53328],[-59.86937,-33.53263],[-59.86894,-33.53188],[-59.86746,-33.53047]]}},{"type":"Feature","properties":{"name":"Arroyo Gonzales","layer":"Rios y Arroyos"},"geometry":{"type":"LineString","coordinates":[[-59.83627,-33.51701],[-59.83543,-33.51606],[-59.83454,-33.515],[-59.83389,-33.5141],[-59.83354,-33.51325],[-59.83353,-33.51237],[-59.83394,-33.51133],[-59.8342,-33.51043],[-59.83398,-33.50958],[-59.83345,-33.50881],[-59.83248,-33.50783],[-59.83159,-33.50742],[-59.83054,-33.50744],[-59.82939,-33.50756],[-59.82909,-33.50767],[-59.8287,-33.50761],[-59.8283,-33.50738],[-59.82785,-33.50715],[-59.82744,-33.50715],[-59.82649,-33.50684],[-59.82589,-33.50658],[-59.82521,-33.50601],[-59.82456,-33.50549],[-59.82328,-33.50445],[-59.82292,-33.50401],[-59.82287,-33.50382]]}},{"type":"Feature","properties":{"name":"Arroyo el Cisne","layer":"Rios y Arroyos"},"geometry":{"type":"LineString","coordinates":[[-59.83322,-33.50831],[-59.83455,-33.50845],[-59.83584,-33.50861],[-59.83752,-33.5089],[-59.83837,-33.50886],[-59.83969,-33.50862],[-59.8411,-33.50822],[-59.84256,-33.50808],[-59.84418,-33.50811],[-59.84561,-33.50828],[-59.84672,-33.50827],[-59.84778,-33.50806],[-59.8487,-33.5076],[-59.84993,-33.50687],[-59.85111,-33.50612],[-59.85182,-33.50559],[-59.85292,-33.50496],[-59.85411,-33.50454],[-59.85508,-33.50418],[-59.85648,-33.50297],[-59.85727,-33.50202],[-59.85784,-33.50119],[-59.85816,-33.50078],[-59.85883,-33.50023],[-59.85972,-33.49982],[-59.86057,-33.49931],[-59.86132,-33.49887],[-59.86188,-33.49842],[-59.86274,-33.49754],[-59.86336,-33.49696],[-59.86407,-33.4965],[-59.86518,-33.49602],[-59.86734,-33.49525],[-59.86862,-33.49466],[-59.86968,-33.49429],[-59.87062,-33.49383],[-59.87179,-33.49374],[-59.87307,-33.49383],[-59.87391,-33.4939],[-59.87461,-33.49405],[-59.87521,-33.49421],[-59.8755,-33.4943],[-59.87609,-33.4945],[-59.87658,-33.49456],[-59.87693,-33.49463],[-59.87733,-33.49461],[-59.87803,-33.49462],[-59.87861,-33.49459],[-59.87905,-33.49458],[-59.88016,-33.49457],[-59.88148,-33.49447],[-59.88244,-33.49442],[-59.88321,-33.49435],[-59.88385,-33.49447],[-59.88471,-33.49482],[-59.88603,-33.49564],[-59.88707,-33.49633],[-59.88766,-33.49668]]}},{"type":"Feature","properties":{"name":"Arroyo Los Montes","layer":"Rios y Arroyos"},"geometry":{"type":"LineString","coordinates":[[-59.86398,-33.33722],[-59.86188,-33.34053],[-59.85883,-33.34383],[-59.85509,-33.34708],[-59.85213,-33.3511],[-59.84755,-33.35723],[-59.84427,-33.36205],[-59.84271,-33.36527],[-59.84264,-33.37009],[-59.84234,-33.37453],[-59.84171,-33.37683],[-59.8418,-33.3795],[-59.84219,-33.3824],[-59.84251,-33.38493],[-59.84292,-33.38632],[-59.84357,-33.38765],[-59.84438,-33.38949],[-59.84598,-33.39384],[-59.8461,-33.39499],[-59.84685,-33.39786],[-59.84753,-33.40123],[-59.84782,-33.40329],[-59.84816,-33.40607],[-59.84823,-33.40832],[-59.84754,-33.40972],[-59.84643,-33.4119],[-59.84547,-33.41479],[-59.84531,-33.41579],[-59.8451,-33.41632],[-59.84453,-33.41678]]}},{"type":"Feature","properties":{"name":"Arroyo de la Cruz","layer":"Rios y Arroyos"},"geometry":{"type":"LineString","coordinates":[[-60.40395,-32.99242],[-60.40343,-32.99512],[-60.40272,-32.99752],[-60.40185,-32.99964],[-60.40079,-33.0013],[-60.40025,-33.00191],[-60.39955,-33.00218],[-60.39888,-33.00188],[-60.39841,-33.00146],[-60.39765,-33.00102],[-60.39666,-33.00091],[-60.39514,-33.00108],[-60.39255,-33.00213],[-60.39179,-33.0027],[-60.39125,-33.0037],[-60.39048,-33.00489],[-60.38931,-33.00569],[-60.38825,-33.00629],[-60.38571,-33.00755],[-60.38375,-33.00845],[-60.38177,-33.00935],[-60.37971,-33.01031],[-60.3777,-33.01139],[-60.37551,-33.01224],[-60.37302,-33.01298],[-60.37078,-33.01366],[-60.36857,-33.01438],[-60.36676,-33.01507],[-60.36443,-33.01597],[-60.36306,-33.0163],[-60.36164,-33.0164],[-60.35997,-33.01628],[-60.35846,-33.01597],[-60.35715,-33.01571],[-60.35586,-33.01559],[-60.35449,-33.01557],[-60.35324,-33.01568],[-60.35275,-33.01584],[-60.35221,-33.01589],[-60.35091,-33.01621],[-60.35,-33.01666],[-60.34945,-33.01701],[-60.3491,-33.01712],[-60.34865,-33.01749],[-60.34805,-33.01794],[-60.3473,-33.01852],[-60.34669,-33.01889],[-60.34626,-33.01917],[-60.34601,-33.01921],[-60.34584,-33.01914],[-60.34568,-33.01895],[-60.34528,-33.01788],[-60.34519,-33.01773],[-60.34493,-33.01757],[-60.34463,-33.01756],[-60.34397,-33.01757],[-60.3437,-33.01749],[-60.34329,-33.01739],[-60.34244,-33.01728],[-60.3421,-33.01727],[-60.34188,-33.01716],[-60.34149,-33.01688],[-60.34118,-33.01683],[-60.34051,-33.01669],[-60.34026,-33.01661],[-60.33895,-33.01579],[-60.33877,-33.01571],[-60.33857,-33.01565],[-60.33832,-33.01562],[-60.33805,-33.01555],[-60.33796,-33.01546],[-60.33797,-33.01529],[-60.33798,-33.01489],[-60.33791,-33.01468],[-60.33778,-33.01457],[-60.33764,-33.01453],[-60.33746,-33.01458],[-60.33731,-33.01472],[-60.33714,-33.01495],[-60.33695,-33.01523],[-60.33682,-33.01528],[-60.33667,-33.01524],[-60.33658,-33.01517],[-60.33653,-33.01503],[-60.33641,-33.01448],[-60.33626,-33.01434],[-60.33601,-33.0142],[-60.33564,-33.014],[-60.33539,-33.01376],[-60.33524,-33.01353],[-60.33501,-33.01342],[-60.33487,-33.01342],[-60.33474,-33.01349],[-60.33455,-33.01366],[-60.33415,-33.01396],[-60.33373,-33.01416],[-60.33319,-33.01425],[-60.33269,-33.01421],[-60.33236,-33.0141],[-60.33215,-33.01414],[-60.332,-33.01422],[-60.33198,-33.01432],[-60.33204,-33.01449],[-60.33216,-33.0146],[-60.33244,-33.01481],[-60.33294,-33.01523],[-60.33311,-33.01544],[-60.33316,-33.01568],[-60.33315,-33.01593],[-60.33306,-33.01622],[-60.333,-33.01648],[-60.33295,-33.01686],[-60.33288,-33.01727],[-60.33283,-33.01765],[-60.33271,-33.01788],[-60.3326,-33.01807],[-60.33256,-33.01826],[-60.3326,-33.01846],[-60.33266,-33.01882],[-60.33276,-33.01914],[-60.33286,-33.01947],[-60.33284,-33.01968],[-60.33268,-33.02011],[-60.3326,-33.02036],[-60.33259,-33.02057],[-60.33259,-33.02066],[-60.33242,-33.02092],[-60.3322,-33.02129],[-60.33191,-33.02162],[-60.3317,-33.02184],[-60.33158,-33.02201],[-60.33152,-33.02226],[-60.33146,-33.02252],[-60.33142,-33.02271],[-60.33123,-33.02293],[-60.33093,-33.02322],[-60.33055,-33.02354],[-60.33028,-33.02374],[-60.33008,-33.02385]]}},{"type":"Feature","properties":{"name":"Arroyo Los Hornillos","layer":"Rios y Arroyos"},"geometry":{"type":"LineString","coordinates":[[-59.86133,-33.303],[-59.86023,-33.303],[-59.85867,-33.3034],[-59.85611,-33.30432],[-59.85456,-33.30508],[-59.85374,-33.30593],[-59.85341,-33.30691],[-59.8525,-33.30846],[-59.85129,-33.30966],[-59.8497,-33.31032],[-59.84809,-33.31049],[-59.84724,-33.31033],[-59.84618,-33.30985],[-59.84471,-33.30942],[-59.8423,-33.30913],[-59.83967,-33.30925],[-59.83801,-33.31],[-59.8349,-33.31191],[-59.83299,-33.31345],[-59.83115,-33.31483],[-59.83024,-33.31574],[-59.82594,-33.31827],[-59.82335,-33.31975],[-59.82161,-33.32114],[-59.8206,-33.32243],[-59.82002,-33.32373],[-59.82018,-33.32493],[-59.82066,-33.32637],[-59.82106,-33.327],[-59.82172,-33.32777],[-59.82226,-33.3286],[-59.82259,-33.32966],[-59.82237,-33.33114],[-59.82184,-33.33258],[-59.82109,-33.33353],[-59.82009,-33.33418],[-59.81926,-33.33437],[-59.81654,-33.33449],[-59.81421,-33.3349],[-59.81196,-33.33562],[-59.80938,-33.33688],[-59.8064,-33.33894],[-59.8014,-33.34284],[-59.79822,-33.34554],[-59.79508,-33.34912],[-59.79121,-33.35426],[-59.78734,-33.35724],[-59.78286,-33.35968],[-59.78143,-33.36082],[-59.78084,-33.36165],[-59.7807,-33.36225],[-59.78135,-33.36301],[-59.78225,-33.36412],[-59.7826,-33.36529],[-59.78264,-33.36777],[-59.78315,-33.3722],[-59.78345,-33.37521],[-59.78289,-33.37706],[-59.78164,-33.38039],[-59.7806,-33.38273],[-59.78,-33.38349],[-59.77921,-33.38396],[-59.77844,-33.38387],[-59.77702,-33.38316],[-59.77614,-33.38287],[-59.77394,-33.38305],[-59.77289,-33.38341],[-59.77238,-33.38384],[-59.77207,-33.38449],[-59.77208,-33.38517],[-59.77256,-33.38578],[-59.77392,-33.38662],[-59.77529,-33.38782],[-59.77627,-33.38854],[-59.77706,-33.38921],[-59.77828,-33.39171],[-59.77859,-33.39359],[-59.77804,-33.39501],[-59.7766,-33.39705],[-59.77559,-33.40056],[-59.77557,-33.4029],[-59.77509,-33.40463],[-59.77397,-33.40681],[-59.77235,-33.40856],[-59.77114,-33.40935],[-59.76902,-33.41003],[-59.76672,-33.41075],[-59.76527,-33.41145],[-59.76178,-33.41359],[-59.75942,-33.41489],[-59.7572,-33.41568],[-59.75529,-33.41678],[-59.75352,-33.41779],[-59.75213,-33.4185],[-59.7512,-33.4196],[-59.75049,-33.42117],[-59.75022,-33.42348],[-59.74967,-33.42413],[-59.74802,-33.42467],[-59.74701,-33.42536],[-59.74625,-33.42613],[-59.74601,-33.42683],[-59.74633,-33.42761],[-59.74703,-33.42834],[-59.74763,-33.42851],[-59.74829,-33.42853],[-59.74922,-33.42831],[-59.75002,-33.42818],[-59.75059,-33.42865],[-59.75046,-33.42929],[-59.75003,-33.43013],[-59.74944,-33.43276],[-59.7484,-33.43512],[-59.74812,-33.43607],[-59.74798,-33.43738]]}},{"type":"Feature","properties":{"name":"Zanjon del Campo","layer":"Rios y Arroyos"},"geometry":{"type":"LineString","coordinates":[[-59.9601,-33.31476],[-59.96059,-33.31451],[-59.96121,-33.31432],[-59.96176,-33.31396],[-59.9622,-33.31347],[-59.96255,-33.3127],[-59.96283,-33.31163],[-59.96323,-33.31036],[-59.96371,-33.30976],[-59.96448,-33.30883],[-59.96471,-33.30809],[-59.96436,-33.30675],[-59.96432,-33.306],[-59.96461,-33.30564],[-59.965,-33.30546],[-59.96613,-33.30531],[-59.9674,-33.30503],[-59.96837,-33.30466],[-59.96937,-33.304],[-59.97039,-33.30335],[-59.97287,-33.30148],[-59.97361,-33.30041],[-59.97439,-33.29831],[-59.97473,-33.29752],[-59.97521,-33.29697],[-59.97579,-33.29667],[-59.97789,-33.29622],[-59.97879,-33.29597],[-59.97929,-33.29555],[-59.98049,-33.29418],[-59.98155,-33.29337],[-59.98268,-33.29228],[-59.98333,-33.29174],[-59.98325,-33.29138],[-59.98307,-33.2908],[-59.98296,-33.28989],[-59.98295,-33.2889],[-59.98299,-33.28798],[-59.98313,-33.28766],[-59.98319,-33.28701],[-59.98344,-33.2863],[-59.98376,-33.28593],[-59.98388,-33.28558],[-59.98372,-33.28504],[-59.98362,-33.28452],[-59.98364,-33.28395],[-59.98355,-33.2835],[-59.98399,-33.2833],[-59.9846,-33.28331],[-59.98533,-33.2833],[-59.98604,-33.28316],[-59.98674,-33.28293],[-59.98735,-33.28266],[-59.98801,-33.28191],[-59.9886,-33.2809],[-59.98934,-33.28023],[-59.99057,-33.27975],[-59.99173,-33.27946],[-59.99303,-33.27935],[-59.99476,-33.27925],[-59.99531,-33.2793],[-59.99562,-33.2794],[-59.99613,-33.27918],[-59.99673,-33.27876]]}},{"type":"Feature","properties":{"name":"Zanjon El Fortuna","layer":"Rios y Arroyos"},"geometry":{"type":"LineString","coordinates":[[-59.94655,-33.31459],[-59.94662,-33.31422],[-59.94692,-33.31384],[-59.94676,-33.31354],[-59.94583,-33.31317],[-59.94506,-33.31285],[-59.94476,-33.31264],[-59.94433,-33.31232],[-59.94251,-33.31151],[-59.94173,-33.31134],[-59.94094,-33.31134],[-59.93997,-33.31107],[-59.93866,-33.31046],[-59.93746,-33.30984],[-59.93729,-33.30945],[-59.93737,-33.30919],[-59.93769,-33.30884],[-59.93792,-33.30839],[-59.93808,-33.30776],[-59.93807,-33.30677],[-59.93774,-33.30547],[-59.93793,-33.30504],[-59.93825,-33.30461],[-59.93871,-33.30413],[-59.93899,-33.30307],[-59.93882,-33.30203],[-59.93919,-33.3008],[-59.93996,-33.29976],[-59.94223,-33.29758],[-59.94281,-33.29701],[-59.94441,-33.2964],[-59.945,-33.29591],[-59.94549,-33.29499],[-59.94589,-33.29432],[-59.94691,-33.29374],[-59.94792,-33.29345],[-59.94852,-33.2932],[-59.94885,-33.29289],[-59.94924,-33.29212],[-59.95164,-33.28972],[-59.95251,-33.28875],[-59.95313,-33.28784],[-59.9533,-33.28727],[-59.95316,-33.28682],[-59.95316,-33.28638],[-59.95358,-33.28566],[-59.95432,-33.2845],[-59.95492,-33.28417],[-59.95603,-33.28392],[-59.95674,-33.28369],[-59.95777,-33.28401],[-59.95822,-33.28409],[-59.95914,-33.28447],[-59.95925,-33.28465],[-59.95918,-33.28486],[-59.95897,-33.28522],[-59.95894,-33.28565],[-59.95909,-33.28591],[-59.95971,-33.28645],[-59.95998,-33.28654],[-59.96038,-33.28638],[-59.96098,-33.28616],[-59.96135,-33.2861],[-59.96176,-33.28596],[-59.9622,-33.28596],[-59.96231,-33.28614],[-59.9623,-33.28639],[-59.96231,-33.2867],[-59.96242,-33.28698],[-59.96267,-33.28721],[-59.96287,-33.28741],[-59.96283,-33.28758],[-59.96237,-33.2878],[-59.96214,-33.28792],[-59.96204,-33.28809],[-59.96199,-33.28842],[-59.96189,-33.28876],[-59.96166,-33.28918],[-59.96155,-33.28928],[-59.96132,-33.28931],[-59.96094,-33.2893],[-59.96087,-33.2894],[-59.96092,-33.28957],[-59.96116,-33.28961],[-59.96168,-33.2896],[-59.96191,-33.28966],[-59.9621,-33.28977],[-59.96218,-33.28999],[-59.96219,-33.29016],[-59.96231,-33.2903],[-59.96255,-33.29042],[-59.96284,-33.2904],[-59.96311,-33.29039],[-59.96345,-33.29048],[-59.96379,-33.29051],[-59.96393,-33.29066],[-59.96395,-33.29111]]}},{"type":"Feature","properties":{"name":"Arroyo el Tigre","layer":"Rios y Arroyos"},"geometry":{"type":"LineString","coordinates":[[-59.62393,-33.45934],[-59.62515,-33.45971],[-59.62623,-33.45976],[-59.62865,-33.45947],[-59.62988,-33.45929],[-59.63087,-33.45897],[-59.63242,-33.45861],[-59.63335,-33.45813],[-59.63934,-33.45651],[-59.64241,-33.45574],[-59.64494,-33.45494],[-59.64823,-33.45342],[-59.65178,-33.45149],[-59.65479,-33.45041],[-59.6576,-33.44977],[-59.6604,-33.44904],[-59.66112,-33.44866],[-59.66154,-33.44796],[-59.66187,-33.44549],[-59.66152,-33.44417],[-59.66138,-33.4433],[-59.66198,-33.44193],[-59.6633,-33.44035],[-59.6655,-33.43837],[-59.66725,-33.4372],[-59.66946,-33.43674],[-59.67241,-33.43623],[-59.67366,-33.43574],[-59.6741,-33.43506],[-59.67372,-33.43399],[-59.67331,-33.43277],[-59.67425,-33.42965],[-59.67515,-33.42493],[-59.67554,-33.42234],[-59.67612,-33.42086],[-59.67759,-33.41868],[-59.67807,-33.41703],[-59.67779,-33.41571],[-59.67704,-33.4147],[-59.67636,-33.41403],[-59.67652,-33.41309],[-59.67795,-33.41068],[-59.67883,-33.40874],[-59.67889,-33.40702],[-59.67897,-33.40574],[-59.67889,-33.40504],[-59.67907,-33.40456],[-59.67952,-33.40411],[-59.68142,-33.40316],[-59.68292,-33.40215],[-59.68395,-33.40161],[-59.68603,-33.40085],[-59.69044,-33.39929],[-59.69478,-33.39786],[-59.6997,-33.39589],[-59.70156,-33.3949],[-59.70526,-33.39204],[-59.70955,-33.38923],[-59.71378,-33.38586],[-59.71735,-33.38291],[-59.72089,-33.38119],[-59.72564,-33.37808],[-59.72861,-33.37581],[-59.73069,-33.37362],[-59.73675,-33.36784],[-59.74021,-33.3641],[-59.74418,-33.35972],[-59.74603,-33.35742],[-59.74703,-33.35533],[-59.7471,-33.35234],[-59.74665,-33.34994],[-59.74706,-33.3477],[-59.74909,-33.34395],[-59.75076,-33.34164],[-59.75321,-33.33893],[-59.75414,-33.33704],[-59.75514,-33.33663],[-59.75581,-33.337],[-59.75661,-33.33763],[-59.75725,-33.33742],[-59.75784,-33.33639],[-59.75832,-33.33587],[-59.75904,-33.33544],[-59.76003,-33.33417],[-59.7622,-33.33273],[-59.76275,-33.33213],[-59.76267,-33.33109],[-59.76325,-33.33028],[-59.76579,-33.32877],[-59.76894,-33.32622],[-59.77212,-33.32299],[-59.77351,-33.32129],[-59.77392,-33.31852],[-59.77339,-33.31483],[-59.77228,-33.31208],[-59.7729,-33.30816],[-59.7735,-33.30449],[-59.77511,-33.30262],[-59.77661,-33.30156],[-59.77843,-33.3016],[-59.78175,-33.30259],[-59.78382,-33.30332],[-59.78551,-33.30399],[-59.78641,-33.30365],[-59.78714,-33.30303],[-59.78727,-33.29857],[-59.7884,-33.29484],[-59.78961,-33.29263],[-59.78972,-33.29021],[-59.78907,-33.28871],[-59.78831,-33.28754],[-59.78686,-33.28628],[-59.7859,-33.28504],[-59.78476,-33.28339],[-59.78384,-33.28195],[-59.78442,-33.28159],[-59.78464,-33.28085],[-59.78465,-33.27985],[-59.78586,-33.27816],[-59.78723,-33.2763],[-59.78875,-33.27502],[-59.79038,-33.27379],[-59.79075,-33.27338],[-59.7909,-33.27331],[-59.79105,-33.27334],[-59.79112,-33.27357],[-59.79131,-33.27376],[-59.79207,-33.27363],[-59.79268,-33.27335],[-59.79342,-33.27316],[-59.79411,-33.27313],[-59.79467,-33.27298],[-59.79575,-33.27249],[-59.79705,-33.27202],[-59.79757,-33.27179],[-59.7981,-33.27172],[-59.79838,-33.27153],[-59.79841,-33.27125],[-59.79839,-33.2709],[-59.79826,-33.27048],[-59.79822,-33.27015],[-59.79817,-33.26979],[-59.79834,-33.26938],[-59.79847,-33.2692],[-59.79871,-33.26909],[-59.79884,-33.26894],[-59.79881,-33.26861],[-59.79887,-33.2683],[-59.79882,-33.26772],[-59.79859,-33.26732],[-59.79843,-33.26715],[-59.79813,-33.26631],[-59.79801,-33.26603],[-59.79758,-33.26575],[-59.79732,-33.2655],[-59.79709,-33.26504],[-59.7972,-33.26465],[-59.79749,-33.26435],[-59.79788,-33.26413],[-59.79839,-33.26394],[-59.79899,-33.26371],[-59.79969,-33.26364],[-59.80034,-33.26372],[-59.80189,-33.26347],[-59.80295,-33.26323],[-59.80353,-33.26337],[-59.80412,-33.26383],[-59.80439,-33.26426],[-59.80499,-33.26447],[-59.80716,-33.26407],[-59.80931,-33.26379],[-59.81002,-33.26362],[-59.81071,-33.26316],[-59.81109,-33.26272],[-59.81184,-33.26261],[-59.81318,-33.26304],[-59.81501,-33.2634],[-59.81666,-33.26351],[-59.81765,-33.26363],[-59.81856,-33.26382],[-59.81938,-33.26378],[-59.82039,-33.26359]]}},{"type":"Feature","properties":{"name":"Arroyo El Espinillar","layer":"Rios y Arroyos"},"geometry":{"type":"LineString","coordinates":[[-59.78167,-33.41694],[-59.78221,-33.41735],[-59.78252,-33.41755],[-59.78267,-33.41774],[-59.78287,-33.41824],[-59.7832,-33.41883],[-59.78361,-33.41925],[-59.78385,-33.41938],[-59.78515,-33.4197],[-59.78694,-33.4201],[-59.78881,-33.4207],[-59.78985,-33.42095],[-59.79188,-33.4214],[-59.79353,-33.42184],[-59.79526,-33.4219],[-59.79578,-33.42185],[-59.79622,-33.42172],[-59.79666,-33.42149],[-59.79719,-33.42105],[-59.79803,-33.41998],[-59.79907,-33.41904],[-59.80027,-33.41804],[-59.80115,-33.41699],[-59.80159,-33.41625],[-59.80168,-33.41562],[-59.80228,-33.41536],[-59.80299,-33.41542],[-59.8037,-33.41556],[-59.80426,-33.4158],[-59.80548,-33.41639],[-59.80643,-33.41676],[-59.80699,-33.41685],[-59.80788,-33.41663],[-59.80921,-33.41608],[-59.80996,-33.41588],[-59.81185,-33.41553],[-59.8139,-33.41513],[-59.815,-33.41469],[-59.81708,-33.41348],[-59.81846,-33.4128],[-59.81928,-33.41237],[-59.82095,-33.41135],[-59.8214,-33.41112],[-59.82267,-33.41043],[-59.82485,-33.40954],[-59.82723,-33.40878],[-59.83042,-33.40794],[-59.83299,-33.40689],[-59.83484,-33.40585],[-59.83715,-33.40366],[-59.84031,-33.40154],[-59.84209,-33.40054],[-59.84389,-33.39987],[-59.84438,-33.39935],[-59.84462,-33.39927],[-59.8448,-33.39935],[-59.84525,-33.39967],[-59.84602,-33.39964]]}},{"type":"Feature","properties":{"name":"Arroyo El Tala","layer":"Rios y Arroyos"},"geometry":{"type":"LineString","coordinates":[[-59.5397,-33.42188],[-59.54117,-33.4215],[-59.5415,-33.42127],[-59.54292,-33.41977],[-59.54351,-33.41839],[-59.54395,-33.41674],[-59.54412,-33.41628],[-59.54438,-33.416],[-59.54483,-33.41575],[-59.54548,-33.41565],[-59.54806,-33.41567],[-59.55124,-33.41569],[-59.55304,-33.41551],[-59.55514,-33.41511],[-59.55669,-33.4149],[-59.55783,-33.41459],[-59.55946,-33.41376],[-59.56048,-33.41304],[-59.56145,-33.41217],[-59.56412,-33.41017],[-59.56564,-33.40885],[-59.5667,-33.4081],[-59.56785,-33.40751],[-59.56921,-33.40693],[-59.57568,-33.40444],[-59.57783,-33.40348],[-59.57934,-33.40295],[-59.5802,-33.40234],[-59.58078,-33.40164],[-59.58141,-33.40045],[-59.58214,-33.39753],[-59.58291,-33.39388],[-59.58343,-33.39257],[-59.58395,-33.3916],[-59.58528,-33.39023],[-59.58685,-33.38882],[-59.58871,-33.38762],[-59.59098,-33.38642],[-59.59339,-33.38536],[-59.59648,-33.38414],[-59.60058,-33.38271],[-59.6035,-33.38197],[-59.60772,-33.38123],[-59.61483,-33.38065],[-59.62062,-33.38013],[-59.62566,-33.37912],[-59.63083,-33.3778],[-59.63332,-33.37728],[-59.6382,-33.37657],[-59.64502,-33.37544],[-59.65109,-33.37389],[-59.66193,-33.36959],[-59.66777,-33.36738],[-59.67284,-33.36655],[-59.67875,-33.36624],[-59.68209,-33.36593],[-59.68767,-33.36318],[-59.6917,-33.36012],[-59.69786,-33.35519],[-59.70447,-33.35001],[-59.70731,-33.34463],[-59.70895,-33.34002],[-59.70962,-33.33466],[-59.70957,-33.3331],[-59.70872,-33.33075],[-59.70882,-33.32858],[-59.71024,-33.32574],[-59.71248,-33.3234],[-59.71606,-33.32145],[-59.71946,-33.32031],[-59.72312,-33.31912],[-59.72496,-33.31772],[-59.72874,-33.31632],[-59.73298,-33.31429],[-59.73887,-33.31077],[-59.74077,-33.30987],[-59.74226,-33.30957],[-59.74363,-33.30978],[-59.74533,-33.31069],[-59.74638,-33.31143],[-59.74677,-33.31196],[-59.74761,-33.31247],[-59.74888,-33.31293],[-59.74976,-33.31283],[-59.75116,-33.3124],[-59.75223,-33.3119],[-59.75304,-33.3112],[-59.75363,-33.31009],[-59.75418,-33.30841],[-59.7547,-33.30612],[-59.75506,-33.30398],[-59.75559,-33.30226],[-59.75642,-33.30081],[-59.75863,-33.29841],[-59.76102,-33.29586],[-59.76249,-33.29399],[-59.76382,-33.29194],[-59.7656,-33.28853],[-59.76688,-33.28495],[-59.76699,-33.28345],[-59.76726,-33.28178],[-59.76708,-33.28036],[-59.76685,-33.27956],[-59.76547,-33.27789],[-59.76458,-33.27722],[-59.76351,-33.27682],[-59.76203,-33.27669],[-59.76124,-33.27665],[-59.76026,-33.27646],[-59.75977,-33.27631],[-59.75739,-33.27696],[-59.74371,-33.27742]]}},{"type":"Feature","properties":{"name":"Rio Gualeguay","layer":"Rios y Arroyos"},"geometry":{"type":"LineString","coordinates":[[-59.63339,-33.31752],[-59.6373,-33.31102],[-59.64028,-33.30787],[-59.64293,-33.30532],[-59.64434,-33.30318],[-59.64512,-33.30019],[-59.64462,-33.29715],[-59.64332,-33.29479],[-59.64163,-33.2932],[-59.63858,-33.2923],[-59.63624,-33.29129],[-59.63439,-33.28931],[-59.63237,-33.28584],[-59.62928,-33.28415],[-59.62573,-33.28283],[-59.62373,-33.28079],[-59.62322,-33.27839],[-59.62327,-33.27298],[-59.62256,-33.26833],[-59.62135,-33.26498],[-59.61743,-33.26207],[-59.60966,-33.25702],[-59.60705,-33.25303],[-59.60519,-33.25],[-59.59737,-33.24457],[-59.59462,-33.24186],[-59.59344,-33.2369],[-59.59201,-33.23391],[-59.58855,-33.23195],[-59.58205,-33.22965],[-59.579,-33.22734],[-59.57704,-33.2243],[-59.57572,-33.21816],[-59.57287,-33.21473],[-59.56996,-33.21183],[-59.5671,-33.20734],[-59.56361,-33.20469],[-59.5573,-33.20248],[-59.55473,-33.2011],[-59.55125,-33.19862],[-59.54825,-33.19747],[-59.54536,-33.19737],[-59.54113,-33.1985],[-59.53724,-33.19981],[-59.53359,-33.1998],[-59.5311,-33.19895],[-59.52653,-33.1976],[-59.52309,-33.19799],[-59.52053,-33.19942],[-59.51758,-33.20167],[-59.51643,-33.20424],[-59.51646,-33.20663],[-59.51742,-33.20857],[-59.51809,-33.21074],[-59.51725,-33.21319],[-59.51512,-33.21443],[-59.5074,-33.21704],[-59.50243,-33.21978],[-59.50102,-33.22119],[-59.50008,-33.2239],[-59.49862,-33.22549],[-59.49619,-33.2264],[-59.49022,-33.22521],[-59.48202,-33.22424],[-59.47716,-33.22348],[-59.47452,-33.22206],[-59.46966,-33.22131],[-59.46054,-33.22178],[-59.45141,-33.22347],[-59.44655,-33.22334],[-59.43997,-33.22238],[-59.43376,-33.22233],[-59.43111,-33.223],[-59.4289,-33.2244],[-59.42756,-33.22654],[-59.42548,-33.22801],[-59.42291,-33.22807],[-59.42063,-33.2271],[-59.41926,-33.2256],[-59.41852,-33.22382],[-59.4186,-33.22222],[-59.42097,-33.21946],[-59.4216,-33.21721],[-59.42072,-33.21497],[-59.41884,-33.21342],[-59.41604,-33.21273],[-59.41101,-33.2142],[-59.40171,-33.21966],[-59.39631,-33.2237],[-59.39531,-33.22548],[-59.39489,-33.22815],[-59.39324,-33.23032],[-59.39064,-33.23148],[-59.38654,-33.23169],[-59.38216,-33.23096],[-59.37816,-33.22976],[-59.3741,-33.22754],[-59.3706,-33.22506],[-59.36742,-33.22388],[-59.36468,-33.2231],[-59.36274,-33.22355],[-59.36185,-33.2254],[-59.36093,-33.22785],[-59.35954,-33.22982],[-59.35737,-33.23075],[-59.35455,-33.23086],[-59.35115,-33.23046],[-59.34497,-33.22931],[-59.34129,-33.22889],[-59.33781,-33.22917],[-59.33569,-33.22888],[-59.33447,-33.2276],[-59.33366,-33.22614],[-59.33382,-33.22468],[-59.33468,-33.22301],[-59.33642,-33.22163],[-59.33941,-33.2207],[-59.34229,-33.21926],[-59.34374,-33.21442],[-59.34337,-33.209],[-59.3436,-33.20704],[-59.34334,-33.20586],[-59.34204,-33.2051],[-59.3402,-33.20445],[-59.33874,-33.20453],[-59.3367,-33.20557],[-59.33425,-33.20623],[-59.3319,-33.20589],[-59.32927,-33.20483],[-59.32551,-33.20252],[-59.32356,-33.20195],[-59.32254,-33.20215],[-59.32149,-33.20305],[-59.32019,-33.20668],[-59.31975,-33.20872],[-59.31923,-33.20946],[-59.31708,-33.2098],[-59.31531,-33.20947],[-59.31399,-33.20842],[-59.31295,-33.20622],[-59.31242,-33.20336],[-59.31284,-33.20131],[-59.31432,-33.20001],[-59.31645,-33.19888],[-59.31961,-33.19834],[-59.32355,-33.1972],[-59.32833,-33.1943],[-59.33113,-33.19192],[-59.33323,-33.18997],[-59.33506,-33.18685],[-59.33592,-33.18539],[-59.33695,-33.18456],[-59.33727,-33.18403],[-59.33705,-33.18351],[-59.33641,-33.18309],[-59.33455,-33.18287],[-59.33185,-33.18244],[-59.3295,-33.18151],[-59.3262,-33.17917]]}},{"type":"Feature","properties":{"name":"Zanjon El Ceibo","layer":"Rios y Arroyos"},"geometry":{"type":"LineString","coordinates":[[-59.60289,-33.38572],[-59.60341,-33.38742],[-59.60369,-33.38844],[-59.60428,-33.38973],[-59.60489,-33.39056],[-59.60585,-33.39228],[-59.60671,-33.39409],[-59.60689,-33.39575],[-59.60673,-33.39836],[-59.60663,-33.4003],[-59.60639,-33.4027],[-59.60641,-33.40373],[-59.60658,-33.4046],[-59.60698,-33.40704],[-59.60712,-33.40913],[-59.60693,-33.41],[-59.60648,-33.41057],[-59.60571,-33.4109],[-59.60466,-33.41095],[-59.60286,-33.41085],[-59.60184,-33.41097],[-59.60106,-33.41123],[-59.60034,-33.4118],[-59.59906,-33.41311],[-59.59777,-33.41491],[-59.59726,-33.41596],[-59.59714,-33.41693],[-59.59719,-33.41786],[-59.59741,-33.4188],[-59.59808,-33.42078],[-59.59871,-33.42229],[-59.5993,-33.4235],[-59.60043,-33.4257],[-59.60086,-33.42697],[-59.60114,-33.4284],[-59.60118,-33.42935],[-59.60109,-33.43113],[-59.6009,-33.43366],[-59.60077,-33.43703],[-59.60077,-33.43975],[-59.60083,-33.44226],[-59.60069,-33.44329],[-59.60043,-33.44422],[-59.60034,-33.44449]]}},{"type":"Feature","properties":{"name":"Zanjon El Espinillar","layer":"Rios y Arroyos"},"geometry":{"type":"LineString","coordinates":[[-59.64861,-33.37742],[-59.64881,-33.37776],[-59.64886,-33.37904],[-59.64894,-33.38007],[-59.65006,-33.38207],[-59.65086,-33.38399],[-59.65101,-33.38458],[-59.65096,-33.38599],[-59.65048,-33.388],[-59.65016,-33.39019],[-59.64998,-33.39238],[-59.64978,-33.39368],[-59.6493,-33.39611],[-59.64849,-33.39893],[-59.64827,-33.3999],[-59.64826,-33.4017],[-59.64836,-33.40535],[-59.64833,-33.40591],[-59.64838,-33.40722],[-59.64852,-33.40864],[-59.64859,-33.40992],[-59.6482,-33.41134],[-59.64762,-33.41325],[-59.64703,-33.41523],[-59.64603,-33.41811],[-59.64557,-33.41953],[-59.64505,-33.42181],[-59.64442,-33.42391],[-59.64349,-33.42492],[-59.64215,-33.42575],[-59.64136,-33.42599],[-59.63951,-33.4262],[-59.63881,-33.42649],[-59.63829,-33.42706],[-59.63811,-33.428],[-59.63772,-33.42889],[-59.63724,-33.4295],[-59.63623,-33.43046],[-59.63508,-33.43119],[-59.63385,-33.43176],[-59.63197,-33.43232],[-59.63009,-33.43257],[-59.62834,-33.43257],[-59.62657,-33.43238],[-59.62501,-33.43234],[-59.62396,-33.43247],[-59.62253,-33.43288],[-59.62062,-33.43345],[-59.61921,-33.43376],[-59.61768,-33.43435],[-59.61652,-33.43504],[-59.61579,-33.4357],[-59.61525,-33.43661],[-59.61478,-33.43792],[-59.61462,-33.43938],[-59.61442,-33.44124],[-59.61421,-33.44301],[-59.61391,-33.44403],[-59.61292,-33.44551],[-59.61148,-33.44698],[-59.60971,-33.44818],[-59.60788,-33.44923],[-59.60639,-33.44955],[-59.60546,-33.4498]]}},{"type":"Feature","properties":{"name":"Arroyo del Talar","layer":"Rios y Arroyos"},"geometry":{"type":"LineString","coordinates":[[-60.28336,-33.2247],[-60.28309,-33.22531],[-60.28304,-33.22619],[-60.28316,-33.22723],[-60.28311,-33.22792],[-60.28274,-33.22849],[-60.28189,-33.22919],[-60.28072,-33.22976],[-60.27931,-33.2302],[-60.27814,-33.23044],[-60.27616,-33.23083],[-60.27483,-33.23129],[-60.27345,-33.23211],[-60.27169,-33.23338],[-60.26948,-33.23493],[-60.26784,-33.23609],[-60.26628,-33.23718],[-60.26421,-33.23869],[-60.26243,-33.2398],[-60.26141,-33.24047],[-60.25829,-33.24291],[-60.2551,-33.24507],[-60.25264,-33.24675],[-60.24865,-33.24928],[-60.24609,-33.25095],[-60.24175,-33.25438],[-60.23949,-33.25587],[-60.2362,-33.25802]]}},{"type":"Feature","properties":{"name":"Arroyo El Colorado","layer":"Rios y Arroyos"},"geometry":{"type":"LineString","coordinates":[[-60.31051,-33.00149],[-60.31071,-33.00164],[-60.31101,-33.00182],[-60.31123,-33.00203],[-60.31132,-33.00224],[-60.31136,-33.00253],[-60.3113,-33.00294],[-60.31113,-33.00339],[-60.31092,-33.00375],[-60.31071,-33.00399],[-60.3103,-33.00435],[-60.30971,-33.00481],[-60.3087,-33.00555],[-60.30787,-33.00614],[-60.30757,-33.00644],[-60.30737,-33.00674],[-60.30722,-33.00713],[-60.30716,-33.00746],[-60.30718,-33.00779],[-60.30718,-33.0083],[-60.30716,-33.00865],[-60.30708,-33.00892],[-60.30695,-33.00953],[-60.30696,-33.01011],[-60.30802,-33.01155],[-60.30819,-33.01165],[-60.30854,-33.01172],[-60.30907,-33.01174],[-60.30972,-33.01178],[-60.31002,-33.01175],[-60.31027,-33.0116],[-60.3105,-33.01137],[-60.31065,-33.01105],[-60.31066,-33.01081],[-60.31058,-33.01055],[-60.31043,-33.01031],[-60.30998,-33.00958],[-60.30976,-33.00911],[-60.30973,-33.00889],[-60.30985,-33.00864],[-60.31023,-33.00843],[-60.31084,-33.00809],[-60.31129,-33.00796],[-60.31167,-33.00778],[-60.31205,-33.00755],[-60.31238,-33.00728],[-60.31269,-33.00707],[-60.313,-33.007],[-60.31328,-33.00702],[-60.31357,-33.00715],[-60.31373,-33.00735],[-60.31395,-33.00768],[-60.3142,-33.00818],[-60.31431,-33.00852],[-60.31436,-33.0089],[-60.31432,-33.00942],[-60.31437,-33.00965],[-60.31455,-33.00988],[-60.31484,-33.01004],[-60.31541,-33.01016],[-60.31603,-33.01019],[-60.31659,-33.01012],[-60.31708,-33.00996],[-60.31743,-33.0098],[-60.31771,-33.0097],[-60.31794,-33.00972],[-60.31814,-33.00984],[-60.31832,-33.01005],[-60.31852,-33.01035],[-60.31883,-33.01066],[-60.31906,-33.01082],[-60.31941,-33.01097],[-60.31977,-33.01113],[-60.31987,-33.01125],[-60.31989,-33.01146],[-60.31985,-33.01167],[-60.31966,-33.01193],[-60.31937,-33.01236],[-60.31905,-33.01272],[-60.3188,-33.01296],[-60.31864,-33.01314],[-60.31859,-33.01338],[-60.31866,-33.01356],[-60.31887,-33.01381],[-60.31947,-33.01432],[-60.32004,-33.01474],[-60.32026,-33.01492],[-60.32049,-33.01519],[-60.32062,-33.01542],[-60.3207,-33.01572],[-60.32066,-33.016],[-60.32051,-33.0162],[-60.3203,-33.01634],[-60.3201,-33.01638],[-60.31984,-33.01637],[-60.31955,-33.01624],[-60.31848,-33.01555],[-60.31828,-33.01545],[-60.31803,-33.01542],[-60.31776,-33.01546],[-60.31745,-33.01556],[-60.31689,-33.01579],[-60.31678,-33.0159],[-60.31664,-33.0162],[-60.31669,-33.01635],[-60.31691,-33.01651],[-60.31716,-33.01656],[-60.31819,-33.01638],[-60.31839,-33.01638],[-60.31861,-33.01642],[-60.31924,-33.01677],[-60.31938,-33.01687],[-60.31955,-33.01707],[-60.31962,-33.01729],[-60.31956,-33.01752],[-60.31941,-33.01767],[-60.31923,-33.01777],[-60.3188,-33.01788],[-60.31831,-33.01793],[-60.31809,-33.01797],[-60.31793,-33.01809],[-60.31787,-33.0183],[-60.31794,-33.01852],[-60.31808,-33.01871],[-60.31832,-33.01898],[-60.31847,-33.01926],[-60.31855,-33.01951],[-60.31857,-33.01981],[-60.31855,-33.02005],[-60.31863,-33.0202],[-60.31878,-33.0203],[-60.31897,-33.02034],[-60.3194,-33.02036],[-60.32103,-33.02035],[-60.32131,-33.0203],[-60.32163,-33.02016],[-60.32205,-33.01994],[-60.32298,-33.01932],[-60.32322,-33.01921],[-60.32353,-33.0191],[-60.32387,-33.01908],[-60.32418,-33.01908],[-60.32442,-33.0192],[-60.32453,-33.01942],[-60.32452,-33.01964],[-60.32438,-33.01993],[-60.32415,-33.02018],[-60.32353,-33.02068],[-60.32325,-33.02081],[-60.32299,-33.02094],[-60.32288,-33.02106],[-60.32292,-33.02125],[-60.32307,-33.02145],[-60.32328,-33.02168],[-60.32386,-33.02195],[-60.32408,-33.0221],[-60.32448,-33.02258],[-60.32479,-33.02296],[-60.32487,-33.02317],[-60.32495,-33.02342],[-60.32515,-33.02366],[-60.32545,-33.02378],[-60.32585,-33.02381],[-60.32617,-33.02373],[-60.32675,-33.02352],[-60.32739,-33.02321],[-60.32796,-33.02297],[-60.32849,-33.02282],[-60.32897,-33.02277],[-60.32931,-33.02284],[-60.32957,-33.02303],[-60.3297,-33.02333],[-60.32972,-33.02363],[-60.32966,-33.02394],[-60.32938,-33.02423],[-60.32891,-33.02465],[-60.32812,-33.02527],[-60.32757,-33.02572],[-60.32721,-33.02616],[-60.32667,-33.02696],[-60.32632,-33.02747],[-60.32583,-33.02815],[-60.32532,-33.02869],[-60.32452,-33.02967],[-60.32411,-33.03029],[-60.32375,-33.03122],[-60.32332,-33.03212],[-60.32272,-33.03323],[-60.3222,-33.03431],[-60.32176,-33.0353],[-60.32153,-33.03624],[-60.32125,-33.03755],[-60.32091,-33.03874],[-60.32053,-33.03964],[-60.32011,-33.04052],[-60.31948,-33.04193],[-60.31888,-33.04314],[-60.31848,-33.04407],[-60.31824,-33.0449],[-60.31823,-33.04532],[-60.31824,-33.04626],[-60.31823,-33.04656],[-60.31812,-33.04693],[-60.31777,-33.04766],[-60.31773,-33.04792],[-60.31783,-33.04814],[-60.31802,-33.04841],[-60.32011,-33.05031],[-60.3212,-33.05121],[-60.3215,-33.05138],[-60.32288,-33.05183],[-60.32337,-33.05206],[-60.32377,-33.05219],[-60.32432,-33.05228],[-60.32483,-33.05225],[-60.32561,-33.05201],[-60.32588,-33.05202],[-60.32625,-33.05216],[-60.32667,-33.05242],[-60.32723,-33.05275],[-60.32769,-33.05299],[-60.32813,-33.05334],[-60.32854,-33.05381],[-60.32884,-33.05428],[-60.32908,-33.05482],[-60.32944,-33.05597],[-60.32956,-33.05617],[-60.32981,-33.05631],[-60.33016,-33.05639],[-60.33056,-33.05636],[-60.33095,-33.05622],[-60.33124,-33.05617],[-60.33146,-33.05625],[-60.3316,-33.05647],[-60.33163,-33.05677],[-60.33174,-33.05783],[-60.33186,-33.05802],[-60.33209,-33.05826],[-60.33251,-33.05858],[-60.33279,-33.05867],[-60.33343,-33.05877],[-60.33363,-33.05889],[-60.33384,-33.05904],[-60.33407,-33.0592],[-60.33423,-33.05935],[-60.33434,-33.05952],[-60.3344,-33.05965],[-60.33442,-33.05984],[-60.33445,-33.06011],[-60.33448,-33.0603],[-60.33448,-33.06045],[-60.3344,-33.0606],[-60.33428,-33.06071],[-60.33412,-33.06078],[-60.33392,-33.06081],[-60.33368,-33.06079],[-60.33281,-33.06058],[-60.33251,-33.06049],[-60.33202,-33.06029],[-60.33167,-33.06017],[-60.33118,-33.05994],[-60.33084,-33.05975],[-60.33072,-33.05974],[-60.3304,-33.05974],[-60.33034,-33.05976],[-60.33017,-33.05977],[-60.33006,-33.05981],[-60.3299,-33.05991],[-60.32977,-33.06002],[-60.32967,-33.06015],[-60.3296,-33.06032],[-60.32957,-33.0605],[-60.32959,-33.06069],[-60.32964,-33.06085],[-60.32975,-33.06102],[-60.32985,-33.06118],[-60.33046,-33.06163],[-60.33055,-33.06175],[-60.33067,-33.06195],[-60.33075,-33.06215],[-60.33078,-33.06235],[-60.33076,-33.06252],[-60.33067,-33.06265],[-60.33053,-33.06274],[-60.33035,-33.06281],[-60.33011,-33.06286],[-60.32972,-33.06289],[-60.32948,-33.06288],[-60.32915,-33.06288],[-60.32891,-33.06284],[-60.32866,-33.06278],[-60.32844,-33.0627],[-60.3282,-33.06259],[-60.32799,-33.06248],[-60.32767,-33.06226],[-60.32744,-33.06208],[-60.32727,-33.06193],[-60.32715,-33.0619],[-60.32701,-33.06188],[-60.32687,-33.06191],[-60.32677,-33.06196],[-60.32661,-33.06204],[-60.32649,-33.06211],[-60.32641,-33.06222],[-60.32634,-33.06237],[-60.32629,-33.06254],[-60.32628,-33.06269],[-60.32627,-33.06285],[-60.32629,-33.06305],[-60.32633,-33.06325],[-60.32637,-33.06341],[-60.32645,-33.06361],[-60.32646,-33.06378],[-60.3264,-33.06394],[-60.32632,-33.06407],[-60.32619,-33.06421],[-60.32597,-33.06436],[-60.32578,-33.06444],[-60.32556,-33.06447],[-60.3254,-33.06445],[-60.32532,-33.06439],[-60.32523,-33.06433],[-60.32507,-33.06412],[-60.32475,-33.06361],[-60.32461,-33.06351],[-60.32445,-33.06344],[-60.32429,-33.06344],[-60.32408,-33.06347],[-60.32384,-33.06359],[-60.32364,-33.06372],[-60.32346,-33.0639],[-60.32331,-33.06403],[-60.32312,-33.0642],[-60.32294,-33.06432],[-60.32274,-33.06442],[-60.3225,-33.06451],[-60.32226,-33.06458],[-60.32204,-33.06462],[-60.32185,-33.06467],[-60.32162,-33.06479],[-60.32143,-33.06487],[-60.32124,-33.065],[-60.32099,-33.06521],[-60.32093,-33.06533],[-60.32093,-33.06546],[-60.32098,-33.06558],[-60.32106,-33.06569],[-60.32117,-33.06582],[-60.32131,-33.06596],[-60.32147,-33.06609],[-60.32161,-33.06617],[-60.32176,-33.06625],[-60.32188,-33.06634],[-60.32204,-33.0665],[-60.32213,-33.06662],[-60.32219,-33.06677],[-60.3222,-33.06689],[-60.32214,-33.067],[-60.32206,-33.06712],[-60.3219,-33.06724],[-60.3217,-33.06733],[-60.32147,-33.06742],[-60.32126,-33.06749],[-60.32106,-33.06751],[-60.32075,-33.06753],[-60.3204,-33.06748],[-60.32006,-33.0674],[-60.31951,-33.0673],[-60.31933,-33.06729],[-60.31921,-33.06731],[-60.31905,-33.06739],[-60.3188,-33.06757],[-60.31863,-33.06773],[-60.31841,-33.06796],[-60.31829,-33.06808],[-60.31815,-33.06816],[-60.31796,-33.06834],[-60.31762,-33.06864],[-60.31744,-33.0688],[-60.31701,-33.06916],[-60.31687,-33.06931],[-60.31676,-33.06945],[-60.31669,-33.06958],[-60.31667,-33.0697],[-60.31663,-33.06991],[-60.31662,-33.07011],[-60.31656,-33.07032],[-60.31647,-33.0705],[-60.31636,-33.07072],[-60.31628,-33.07086],[-60.31618,-33.07096],[-60.31604,-33.07103],[-60.31584,-33.07114],[-60.31562,-33.07121],[-60.31539,-33.07123],[-60.31518,-33.0712],[-60.31483,-33.07116],[-60.31462,-33.07118],[-60.31441,-33.07123],[-60.31422,-33.07135]]}},{"type":"Feature","properties":{"name":"Arroyo Correntoso","layer":"Rios y Arroyos"},"geometry":{"type":"LineString","coordinates":[[-60.34428,-33.18409],[-60.34516,-33.18499],[-60.34531,-33.18558],[-60.34534,-33.18844],[-60.345,-33.19215],[-60.34443,-33.1939],[-60.3431,-33.19566],[-60.34182,-33.19655],[-60.34064,-33.19762],[-60.33838,-33.20018],[-60.33764,-33.20116],[-60.33641,-33.20168],[-60.33487,-33.20202],[-60.33336,-33.20257],[-60.33082,-33.20357],[-60.32938,-33.20385],[-60.32801,-33.20383],[-60.32696,-33.20354],[-60.32648,-33.20304],[-60.32616,-33.20221],[-60.32603,-33.20114],[-60.3258,-33.19999],[-60.32533,-33.19913],[-60.32435,-33.19831],[-60.32309,-33.19779],[-60.32183,-33.19753],[-60.32094,-33.19763],[-60.31981,-33.19802],[-60.31818,-33.1989],[-60.31664,-33.19988],[-60.31565,-33.20075],[-60.31489,-33.20187],[-60.31426,-33.20339],[-60.31381,-33.20507],[-60.31335,-33.2068],[-60.31322,-33.20834],[-60.3135,-33.21031],[-60.31409,-33.21285],[-60.31471,-33.21505],[-60.31508,-33.21733],[-60.31516,-33.21971],[-60.31484,-33.22054],[-60.3143,-33.22095],[-60.31316,-33.2216],[-60.31187,-33.22262]]}},{"type":"Feature","properties":{"name":"Riacho El Brasilero","layer":"Rios y Arroyos"},"geometry":{"type":"LineString","coordinates":[[-60.50605,-33.09851],[-60.50361,-33.09877],[-60.5016,-33.09855],[-60.49735,-33.09782],[-60.49288,-33.09806],[-60.48904,-33.09909],[-60.48611,-33.10059],[-60.48162,-33.10326],[-60.47581,-33.10733],[-60.47228,-33.10984],[-60.47016,-33.1108],[-60.46796,-33.11103],[-60.46438,-33.11077],[-60.46106,-33.11032],[-60.45759,-33.10948],[-60.45478,-33.10901],[-60.45052,-33.10894],[-60.44659,-33.10912],[-60.44478,-33.10936],[-60.44321,-33.10997],[-60.44179,-33.11099],[-60.44075,-33.11234],[-60.44044,-33.11374],[-60.44032,-33.11506],[-60.44016,-33.11781],[-60.44031,-33.12058],[-60.44018,-33.12261],[-60.43878,-33.12695],[-60.43755,-33.13023],[-60.43547,-33.13375],[-60.43263,-33.13685],[-60.4287,-33.13824],[-60.42373,-33.13929],[-60.42071,-33.14033]]}},{"type":"Feature","properties":{"name":"Riacho La Brava","layer":"Rios y Arroyos"},"geometry":{"type":"LineString","coordinates":[[-60.55606,-32.99769],[-60.55414,-33.00131],[-60.55118,-33.00574],[-60.54991,-33.0085],[-60.54948,-33.01119],[-60.54959,-33.01565],[-60.54982,-33.02108],[-60.55038,-33.02546],[-60.5514,-33.02902],[-60.55246,-33.03096],[-60.55411,-33.03253]]}},{"type":"Feature","properties":{"name":"Arroyo Ratoncito","layer":"Rios y Arroyos"},"geometry":{"type":"LineString","coordinates":[[-59.74094,-33.59801],[-59.73974,-33.59723],[-59.73866,-33.59656],[-59.7369,-33.59525],[-59.73548,-33.59438],[-59.73423,-33.5937],[-59.73347,-33.59336],[-59.73158,-33.59233],[-59.73081,-33.59178],[-59.7299,-33.59143],[-59.72822,-33.59031],[-59.72589,-33.58889],[-59.72323,-33.58704],[-59.72231,-33.58648],[-59.72133,-33.58615],[-59.7194,-33.58652],[-59.71822,-33.5866],[-59.71699,-33.58649],[-59.71597,-33.58648],[-59.71459,-33.58659],[-59.71364,-33.58689],[-59.71301,-33.58729],[-59.7124,-33.58797],[-59.71214,-33.5883],[-59.71184,-33.58857],[-59.71124,-33.58936],[-59.71032,-33.59052],[-59.70974,-33.59121],[-59.70927,-33.59196],[-59.70927,-33.59227],[-59.70843,-33.59357],[-59.70744,-33.59479],[-59.70693,-33.59531],[-59.70682,-33.59548],[-59.70652,-33.59561],[-59.70425,-33.5973]]}},{"type":"Feature","properties":{"name":"Arroyo de Los Laureles","layer":"Rios y Arroyos"},"geometry":{"type":"LineString","coordinates":[[-59.35374,-33.74724],[-59.3518,-33.74724],[-59.35076,-33.74703],[-59.34877,-33.74651],[-59.34685,-33.74575],[-59.34443,-33.74479],[-59.3431,-33.74402],[-59.34166,-33.74305],[-59.33947,-33.74201],[-59.33742,-33.74155],[-59.3346,-33.74099],[-59.32948,-33.74019],[-59.32454,-33.73982],[-59.32167,-33.73965],[-59.3176,-33.73912],[-59.31399,-33.73866],[-59.31102,-33.73861],[-59.30731,-33.73911],[-59.30407,-33.73962],[-59.29999,-33.73932],[-59.29633,-33.73914],[-59.29291,-33.73927],[-59.29047,-33.74003],[-59.28776,-33.74131],[-59.28574,-33.74287],[-59.28384,-33.74425],[-59.28245,-33.74533],[-59.28178,-33.746],[-59.28115,-33.74634],[-59.27973,-33.74756],[-59.27598,-33.75109],[-59.27371,-33.75384],[-59.27266,-33.75597],[-59.27183,-33.75919],[-59.27132,-33.76192],[-59.27107,-33.76575],[-59.27103,-33.76769]]}},{"type":"Feature","properties":{"name":"Arroyo El Mosquito","layer":"Rios y Arroyos"},"geometry":{"type":"LineString","coordinates":[[-59.8078,-33.22581],[-59.81029,-33.22583],[-59.81137,-33.22595],[-59.81235,-33.22654],[-59.81333,-33.22698],[-59.81437,-33.22691],[-59.8151,-33.22617],[-59.81549,-33.22498],[-59.81626,-33.2239],[-59.81741,-33.22359],[-59.81947,-33.22392],[-59.8206,-33.22395],[-59.82193,-33.22334],[-59.8244,-33.22185],[-59.82655,-33.22138],[-59.82947,-33.22064],[-59.83264,-33.2189],[-59.83786,-33.21669],[-59.84101,-33.21567],[-59.84421,-33.21349],[-59.84785,-33.21214],[-59.85436,-33.21154],[-59.86106,-33.21106],[-59.86365,-33.21038],[-59.86754,-33.20894],[-59.87093,-33.20845],[-59.87534,-33.20708],[-59.87819,-33.20578],[-59.87946,-33.20536],[-59.88076,-33.20465],[-59.88194,-33.20257],[-59.8827,-33.20017],[-59.88267,-33.19955],[-59.88322,-33.19691],[-59.88365,-33.19489],[-59.88463,-33.19175],[-59.88562,-33.18909],[-59.88702,-33.18664],[-59.88817,-33.1846],[-59.88872,-33.18341],[-59.88904,-33.18282],[-59.88976,-33.18192],[-59.89122,-33.18032],[-59.89281,-33.17849],[-59.89367,-33.17751],[-59.89418,-33.17666],[-59.89461,-33.17527],[-59.89493,-33.17347],[-59.89521,-33.17208],[-59.8955,-33.1712],[-59.89592,-33.17043],[-59.89634,-33.17029],[-59.89745,-33.17095],[-59.89928,-33.17235],[-59.90058,-33.17324],[-59.90243,-33.17404],[-59.90367,-33.17447],[-59.90483,-33.17449],[-59.90542,-33.17389],[-59.90592,-33.1724],[-59.90649,-33.17069],[-59.90718,-33.16956],[-59.90778,-33.1689],[-59.90881,-33.16829],[-59.91002,-33.16813],[-59.91029,-33.16783],[-59.91041,-33.16661],[-59.91024,-33.16502],[-59.90985,-33.16299],[-59.90958,-33.16226],[-59.90969,-33.16166],[-59.91017,-33.16108],[-59.91183,-33.16116],[-59.91306,-33.16151],[-59.91549,-33.16201],[-59.91859,-33.16257],[-59.9195,-33.1624],[-59.92024,-33.16175],[-59.92069,-33.16074],[-59.92055,-33.1598],[-59.9198,-33.15921],[-59.91806,-33.15835],[-59.91697,-33.15796],[-59.91645,-33.15764],[-59.91584,-33.15692],[-59.91548,-33.15607],[-59.91508,-33.1555],[-59.91495,-33.15493],[-59.9155,-33.15421],[-59.91587,-33.15394],[-59.91595,-33.15366],[-59.91567,-33.15333],[-59.91509,-33.15312],[-59.91384,-33.15311],[-59.91247,-33.15302],[-59.9119,-33.15275],[-59.91156,-33.15234],[-59.91172,-33.15194],[-59.91189,-33.15159],[-59.91185,-33.15132],[-59.91192,-33.15078],[-59.9119,-33.15048],[-59.91122,-33.15017],[-59.91093,-33.14984],[-59.91066,-33.1493],[-59.9105,-33.14906],[-59.90961,-33.14897],[-59.90907,-33.14876],[-59.90875,-33.1483],[-59.90861,-33.14762],[-59.90833,-33.14741],[-59.90775,-33.14722],[-59.90749,-33.14694],[-59.90751,-33.14637],[-59.90749,-33.14606]]}},{"type":"Feature","properties":{"name":"Arroyo Solitario","layer":"Rios y Arroyos"},"geometry":{"type":"LineString","coordinates":[[-59.93828,-33.4064],[-59.93814,-33.4063],[-59.93814,-33.40618],[-59.93805,-33.40609],[-59.93791,-33.40605],[-59.9378,-33.40614],[-59.93766,-33.40633],[-59.93755,-33.40637],[-59.9372,-33.4062],[-59.93714,-33.40597],[-59.93733,-33.40579],[-59.93744,-33.40563],[-59.9374,-33.40545],[-59.93747,-33.4053],[-59.93758,-33.40518],[-59.93758,-33.40504],[-59.93743,-33.4049],[-59.93716,-33.40442],[-59.93694,-33.40431],[-59.93661,-33.40424],[-59.93666,-33.40398],[-59.93672,-33.40386],[-59.93662,-33.40367],[-59.93611,-33.40344],[-59.93597,-33.40334],[-59.93554,-33.4032],[-59.93517,-33.40276],[-59.93494,-33.40257],[-59.9346,-33.40244],[-59.93431,-33.40211],[-59.93408,-33.40185],[-59.9342,-33.40173],[-59.93431,-33.40135],[-59.93434,-33.40086],[-59.93436,-33.40069],[-59.93455,-33.40045],[-59.93457,-33.40031],[-59.93437,-33.40011],[-59.93411,-33.40002],[-59.93366,-33.39999],[-59.93354,-33.39992],[-59.93329,-33.39969],[-59.93323,-33.39938],[-59.93324,-33.39898],[-59.93319,-33.39866],[-59.93307,-33.39847],[-59.93283,-33.39833],[-59.93254,-33.39821],[-59.93234,-33.39816],[-59.93213,-33.39803],[-59.93188,-33.39778],[-59.93164,-33.39741],[-59.93147,-33.39699],[-59.93149,-33.39662],[-59.93158,-33.39624],[-59.93203,-33.39576],[-59.93335,-33.39456],[-59.93486,-33.39324],[-59.93577,-33.39257],[-59.93691,-33.39203],[-59.93819,-33.39158],[-59.93846,-33.39152],[-59.93874,-33.39139],[-59.93946,-33.39115],[-59.94025,-33.39085],[-59.94136,-33.39047],[-59.94286,-33.38991],[-59.94324,-33.3897],[-59.94396,-33.38954],[-59.94456,-33.38948],[-59.94512,-33.38953],[-59.94622,-33.38974],[-59.94786,-33.39015],[-59.94927,-33.39052],[-59.95085,-33.39088],[-59.95233,-33.39112],[-59.95358,-33.39129],[-59.955,-33.39138],[-59.95578,-33.3914],[-59.95801,-33.39137],[-59.95858,-33.39147],[-59.95913,-33.39166],[-59.95945,-33.39192],[-59.95978,-33.39244],[-59.96032,-33.39278],[-59.96093,-33.39298],[-59.96167,-33.39306],[-59.96252,-33.39296],[-59.96337,-33.39277],[-59.96421,-33.39239],[-59.96494,-33.39194],[-59.96588,-33.39124],[-59.96668,-33.39054],[-59.96717,-33.38998],[-59.96711,-33.38948],[-59.96668,-33.38883],[-59.96578,-33.38806],[-59.96471,-33.38751],[-59.96329,-33.38664],[-59.96219,-33.38591],[-59.96065,-33.38436]]}},{"type":"Feature","properties":{"name":"Zanjon de los Negros","layer":"Rios y Arroyos"},"geometry":{"type":"LineString","coordinates":[[-60.35871,-33.10684],[-60.35986,-33.10619],[-60.36008,-33.10528],[-60.35956,-33.10387],[-60.35866,-33.10189],[-60.35864,-33.09983],[-60.36035,-33.09799],[-60.36295,-33.09647],[-60.36644,-33.09458],[-60.36949,-33.09296],[-60.37379,-33.09134],[-60.37739,-33.09062],[-60.37937,-33.09032],[-60.38123,-33.09025],[-60.38363,-33.09043],[-60.38546,-33.09061],[-60.3885,-33.0914],[-60.39015,-33.09204],[-60.39093,-33.09246],[-60.39357,-33.09358],[-60.39502,-33.09455],[-60.39601,-33.09509],[-60.39758,-33.09544],[-60.39802,-33.09574]]}},{"type":"Feature","properties":{"name":"Arroyo Intupa","layer":"Rios y Arroyos"},"geometry":{"type":"LineString","coordinates":[[-60.39594,-33.08506],[-60.39584,-33.08523],[-60.39587,-33.08553],[-60.39604,-33.08589],[-60.39644,-33.08621],[-60.39687,-33.08652],[-60.39737,-33.08699],[-60.39802,-33.08772],[-60.39856,-33.08844],[-60.39887,-33.08873],[-60.39916,-33.08913],[-60.39946,-33.0898],[-60.39977,-33.09049],[-60.40077,-33.09183],[-60.40253,-33.09392],[-60.40343,-33.09484],[-60.40521,-33.09571],[-60.40726,-33.0964],[-60.40883,-33.09696],[-60.41071,-33.09777],[-60.41217,-33.09846],[-60.41407,-33.09921],[-60.41548,-33.09972],[-60.41824,-33.10064],[-60.4196,-33.10111]]}},{"type":"Feature","properties":{"name":"Arroyo Frias","layer":"Rios y Arroyos"},"geometry":{"type":"LineString","coordinates":[[-60.57301,-33.05376],[-60.57366,-33.05398],[-60.57421,-33.05401],[-60.57481,-33.05405],[-60.57532,-33.05432],[-60.57574,-33.05444],[-60.57651,-33.05476],[-60.57711,-33.05505],[-60.57728,-33.05519],[-60.5774,-33.05539],[-60.57754,-33.05545],[-60.57767,-33.0554],[-60.57774,-33.05529],[-60.57785,-33.05522],[-60.57808,-33.05527],[-60.5783,-33.05535],[-60.57867,-33.05533],[-60.57898,-33.05546],[-60.57944,-33.05567],[-60.57969,-33.05582],[-60.57985,-33.05596],[-60.58029,-33.0561],[-60.58061,-33.05617],[-60.58099,-33.05628],[-60.58114,-33.05634],[-60.58131,-33.0565],[-60.58141,-33.05665],[-60.58156,-33.05673],[-60.58183,-33.05683],[-60.58206,-33.05688],[-60.58228,-33.05703],[-60.58246,-33.05718],[-60.58269,-33.05766],[-60.58279,-33.05791],[-60.58278,-33.05826],[-60.58304,-33.05869],[-60.58315,-33.05912],[-60.5833,-33.05955],[-60.58369,-33.06056],[-60.58395,-33.06107],[-60.58426,-33.06142],[-60.58466,-33.06179],[-60.585,-33.06242],[-60.58516,-33.06258],[-60.58541,-33.06302],[-60.58547,-33.06337],[-60.58564,-33.06374],[-60.58599,-33.06412],[-60.58627,-33.06464],[-60.58656,-33.0653],[-60.5867,-33.06568],[-60.5871,-33.06629],[-60.58737,-33.06655],[-60.58749,-33.06684],[-60.5875,-33.06711],[-60.58768,-33.06754],[-60.58826,-33.06839],[-60.58881,-33.0692],[-60.58927,-33.06985],[-60.58981,-33.07029],[-60.59032,-33.07073],[-60.59119,-33.07148],[-60.59149,-33.07179],[-60.59204,-33.07225],[-60.59251,-33.0727],[-60.59263,-33.0729],[-60.59266,-33.07324],[-60.59272,-33.07358],[-60.59288,-33.07379],[-60.59314,-33.07397],[-60.59338,-33.0742],[-60.59356,-33.07434],[-60.59436,-33.07508],[-60.59572,-33.07633],[-60.59733,-33.07779],[-60.59804,-33.07839],[-60.59871,-33.07917],[-60.59926,-33.07969],[-60.59986,-33.08026],[-60.60075,-33.0812],[-60.60285,-33.08332],[-60.60443,-33.0848],[-60.60487,-33.08527],[-60.60567,-33.08581],[-60.60634,-33.08659],[-60.60663,-33.0869],[-60.6074,-33.08752],[-60.60849,-33.08843],[-60.60908,-33.08906],[-60.60935,-33.0892],[-60.60975,-33.08927],[-60.61004,-33.08925],[-60.61053,-33.08939],[-60.61097,-33.08973],[-60.61253,-33.09101],[-60.61413,-33.09239],[-60.61621,-33.09426],[-60.61689,-33.09492],[-60.61725,-33.09553],[-60.61747,-33.09581]]}},{"type":"Feature","properties":{"name":"Arroyo Barrancoso","layer":"Rios y Arroyos"},"geometry":{"type":"LineString","coordinates":[[-60.71164,-32.46048],[-60.71062,-32.46085],[-60.70967,-32.46105],[-60.70936,-32.46117],[-60.70909,-32.46118],[-60.70881,-32.46131],[-60.70857,-32.46154],[-60.70855,-32.46193],[-60.70858,-32.46226],[-60.70873,-32.46261],[-60.7089,-32.46299],[-60.70902,-32.46357],[-60.70886,-32.46413],[-60.7085,-32.46445],[-60.70819,-32.46484],[-60.70772,-32.4649],[-60.7071,-32.46469],[-60.70649,-32.46421],[-60.70616,-32.46388],[-60.70567,-32.46351],[-60.70514,-32.46347],[-60.7047,-32.46361],[-60.70448,-32.46387],[-60.70445,-32.46427],[-60.70445,-32.46486],[-60.70453,-32.46534],[-60.70456,-32.46557],[-60.7044,-32.46577],[-60.70432,-32.46596],[-60.7042,-32.46603],[-60.70324,-32.46547],[-60.70287,-32.46528],[-60.70238,-32.46529],[-60.70181,-32.46536],[-60.70149,-32.46565],[-60.70119,-32.46625],[-60.70096,-32.46823],[-60.70075,-32.46888],[-60.70006,-32.46977],[-60.69949,-32.47052],[-60.69886,-32.47079],[-60.69768,-32.47068],[-60.69726,-32.47073],[-60.69696,-32.47091],[-60.69696,-32.47136],[-60.69744,-32.47231],[-60.69826,-32.47344],[-60.69857,-32.47541],[-60.69826,-32.47633],[-60.69744,-32.47706],[-60.69676,-32.47733],[-60.69649,-32.47772],[-60.6964,-32.47876],[-60.69654,-32.4793],[-60.69633,-32.47977],[-60.69573,-32.48001],[-60.69495,-32.47986],[-60.6937,-32.47904],[-60.69319,-32.47845],[-60.69292,-32.47729],[-60.69303,-32.47635],[-60.69251,-32.47582],[-60.69166,-32.47572],[-60.6908,-32.47617],[-60.69011,-32.47683],[-60.68952,-32.4777],[-60.689,-32.47799],[-60.68775,-32.47816],[-60.68605,-32.47815],[-60.68529,-32.4783],[-60.68492,-32.47869],[-60.68488,-32.47905],[-60.68568,-32.48001],[-60.68731,-32.48113],[-60.6877,-32.48232],[-60.6885,-32.48274],[-60.68902,-32.48296],[-60.68974,-32.48336],[-60.69005,-32.48344],[-60.69004,-32.48347],[-60.69012,-32.48361],[-60.69023,-32.48472],[-60.69134,-32.48726],[-60.69153,-32.48794],[-60.69134,-32.4883],[-60.69094,-32.48864],[-60.69059,-32.48868],[-60.6896,-32.48866],[-60.68935,-32.48883],[-60.68914,-32.48912],[-60.68857,-32.49014],[-60.68788,-32.49038],[-60.68702,-32.4904],[-60.68655,-32.49054],[-60.68622,-32.49076],[-60.68606,-32.4911],[-60.68592,-32.49165],[-60.6858,-32.4922],[-60.68581,-32.49347],[-60.68547,-32.49566],[-60.68541,-32.4962],[-60.68534,-32.49692],[-60.68507,-32.4976],[-60.68419,-32.49849],[-60.68313,-32.49908],[-60.68123,-32.49956],[-60.6806,-32.49919],[-60.68004,-32.49817],[-60.67933,-32.49626],[-60.67946,-32.49539],[-60.67994,-32.49473],[-60.67999,-32.49425],[-60.67931,-32.49332],[-60.6784,-32.49265],[-60.6781,-32.49198],[-60.67838,-32.49136],[-60.67903,-32.4909],[-60.67941,-32.49056],[-60.6793,-32.48996],[-60.67883,-32.48956],[-60.67766,-32.48947],[-60.67689,-32.48917],[-60.67555,-32.48867],[-60.67501,-32.48845],[-60.67423,-32.48888],[-60.67224,-32.4912],[-60.67138,-32.49296],[-60.67095,-32.49435],[-60.67034,-32.4959],[-60.67004,-32.49707],[-60.6697,-32.49818],[-60.66977,-32.49865],[-60.67013,-32.49917],[-60.67098,-32.50006],[-60.67138,-32.50101],[-60.67144,-32.50182],[-60.67151,-32.50275],[-60.6713,-32.50384],[-60.67141,-32.50525],[-60.67152,-32.50668],[-60.67217,-32.50827],[-60.67304,-32.51012],[-60.67358,-32.51094],[-60.67471,-32.51211],[-60.67577,-32.51297],[-60.67701,-32.51395],[-60.6778,-32.51435],[-60.67874,-32.51509],[-60.68086,-32.51743],[-60.67986,-32.51884],[-60.67876,-32.51936],[-60.67793,-32.51928],[-60.677,-32.51893],[-60.67673,-32.51868],[-60.67641,-32.51782],[-60.67566,-32.5173],[-60.67518,-32.51732],[-60.67476,-32.51734],[-60.67364,-32.51734],[-60.67305,-32.51744],[-60.67263,-32.51765],[-60.67244,-32.51806],[-60.67258,-32.51845],[-60.67289,-32.51872],[-60.67321,-32.51936],[-60.67342,-32.51978],[-60.67365,-32.51984],[-60.67431,-32.51972],[-60.67484,-32.51971],[-60.67536,-32.51988],[-60.67562,-32.52015],[-60.67571,-32.52041],[-60.67569,-32.52076],[-60.67551,-32.52137],[-60.67524,-32.52172],[-60.67459,-32.52185],[-60.67349,-32.52181],[-60.67261,-32.5218],[-60.67178,-32.52213],[-60.67072,-32.5228],[-60.67023,-32.52305],[-60.66971,-32.52351],[-60.66936,-32.52376],[-60.66884,-32.524],[-60.66824,-32.52417],[-60.66773,-32.52427],[-60.66737,-32.52432],[-60.66696,-32.5243],[-60.6662,-32.52415],[-60.66524,-32.52404],[-60.66476,-32.52355],[-60.66446,-32.52274],[-60.66296,-32.52172],[-60.66209,-32.52176],[-60.66155,-32.52226],[-60.66188,-32.5237],[-60.66173,-32.52441],[-60.6619,-32.52494],[-60.66302,-32.52623],[-60.66396,-32.52686],[-60.66387,-32.52766],[-60.66371,-32.52822],[-60.66328,-32.52915],[-60.66222,-32.52944],[-60.6607,-32.52947],[-60.66015,-32.52986],[-60.65984,-32.5311],[-60.66017,-32.53164],[-60.66098,-32.53204],[-60.66157,-32.53208],[-60.66233,-32.53181],[-60.66415,-32.53146],[-60.66583,-32.53093],[-60.66696,-32.53077],[-60.66752,-32.53087],[-60.66938,-32.53179],[-60.6694,-32.53237],[-60.66859,-32.53344],[-60.66746,-32.53353],[-60.66672,-32.53342],[-60.6656,-32.53368],[-60.66487,-32.53393],[-60.66262,-32.53395],[-60.66197,-32.53377],[-60.66121,-32.53276],[-60.6607,-32.5323],[-60.66005,-32.5323],[-60.65892,-32.53337],[-60.65884,-32.53387],[-60.65893,-32.53427],[-60.65904,-32.53489],[-60.6589,-32.53564],[-60.65887,-32.53676],[-60.65948,-32.53829],[-60.65831,-32.53889],[-60.6567,-32.53852],[-60.65427,-32.53778],[-60.65002,-32.53631],[-60.64827,-32.53608],[-60.64719,-32.53628],[-60.64624,-32.53652],[-60.64575,-32.53689],[-60.64522,-32.53768],[-60.64471,-32.53863],[-60.64429,-32.53938],[-60.64421,-32.54013],[-60.6446,-32.54165],[-60.64507,-32.54383],[-60.64536,-32.5451],[-60.645,-32.54628],[-60.64437,-32.54718],[-60.64364,-32.54853],[-60.64292,-32.54942],[-60.64197,-32.55007],[-60.64042,-32.55073],[-60.63884,-32.55171],[-60.63806,-32.55243],[-60.63716,-32.55379],[-60.63675,-32.55478],[-60.63651,-32.55571],[-60.63621,-32.55697],[-60.63619,-32.55774],[-60.63623,-32.55822],[-60.6366,-32.5588],[-60.63696,-32.5592],[-60.63747,-32.55939],[-60.63851,-32.55994],[-60.63918,-32.55992],[-60.63932,-32.55958],[-60.6407,-32.55885],[-60.64112,-32.55933],[-60.6408,-32.56027],[-60.64021,-32.56175],[-60.64044,-32.56366],[-60.64015,-32.56566],[-60.63936,-32.56595],[-60.63547,-32.56459],[-60.63426,-32.56414],[-60.63043,-32.56341],[-60.62783,-32.56321],[-60.62576,-32.56286],[-60.62432,-32.56321],[-60.62319,-32.56419],[-60.62114,-32.56544],[-60.61847,-32.56602],[-60.6178,-32.56659],[-60.61807,-32.56703],[-60.61944,-32.56759],[-60.61969,-32.56828],[-60.61908,-32.56934],[-60.6182,-32.57039],[-60.61823,-32.57105],[-60.61914,-32.57151],[-60.62001,-32.57143],[-60.62266,-32.57219],[-60.6231,-32.57291],[-60.62256,-32.57353],[-60.62002,-32.57369],[-60.61456,-32.57368],[-60.61297,-32.57446],[-60.61165,-32.57538],[-60.61052,-32.57621],[-60.60392,-32.57826],[-60.60183,-32.57856],[-60.60059,-32.57832],[-60.59942,-32.57717],[-60.59741,-32.57529],[-60.59559,-32.57418],[-60.59329,-32.5736],[-60.59056,-32.5737],[-60.58876,-32.57444],[-60.5869,-32.57486],[-60.58442,-32.57477],[-60.57988,-32.57371],[-60.57602,-32.57256],[-60.57538,-32.57272],[-60.57557,-32.57404],[-60.57582,-32.57555],[-60.57447,-32.57697],[-60.57413,-32.57778],[-60.57594,-32.57898],[-60.57655,-32.58023],[-60.57587,-32.5813],[-60.57407,-32.58148],[-60.57125,-32.58095],[-60.57004,-32.58023],[-60.56745,-32.58005],[-60.56619,-32.58047],[-60.56448,-32.58108],[-60.56106,-32.58286],[-60.56028,-32.58362],[-60.55979,-32.5858],[-60.56106,-32.5871],[-60.5617,-32.58859],[-60.56274,-32.58934],[-60.56545,-32.58913],[-60.56679,-32.58962],[-60.56823,-32.59139],[-60.56899,-32.5929],[-60.56978,-32.59363],[-60.57113,-32.59356],[-60.57335,-32.5934],[-60.57513,-32.59415],[-60.5747,-32.59635],[-60.57244,-32.59757],[-60.56933,-32.59746],[-60.56657,-32.59634],[-60.56551,-32.59636],[-60.56435,-32.59766],[-60.56306,-32.59852],[-60.56019,-32.59937],[-60.55878,-32.60045],[-60.55824,-32.60179],[-60.55885,-32.60282],[-60.56146,-32.60382],[-60.56374,-32.60454],[-60.56464,-32.60518],[-60.56487,-32.60686],[-60.56435,-32.60876],[-60.56333,-32.60941],[-60.56229,-32.6094],[-60.56095,-32.60891],[-60.55926,-32.60841],[-60.55846,-32.60856],[-60.55824,-32.609],[-60.5585,-32.60957],[-60.55898,-32.61004],[-60.56036,-32.61033],[-60.5635,-32.60984],[-60.5652,-32.60957],[-60.56618,-32.60971],[-60.56711,-32.61026],[-60.56769,-32.61149],[-60.56786,-32.61267],[-60.56892,-32.61444],[-60.56912,-32.61541],[-60.56855,-32.61622]]}},{"type":"Feature","properties":{"name":"Arroyo El Colorado","layer":"Rios y Arroyos"},"geometry":{"type":"LineString","coordinates":[[-60.31422,-33.07135],[-60.31407,-33.07152],[-60.31398,-33.07168],[-60.31394,-33.07178],[-60.31395,-33.07188],[-60.31402,-33.07197],[-60.31414,-33.07202],[-60.31434,-33.07207],[-60.31464,-33.07212],[-60.3148,-33.07215],[-60.31494,-33.07221],[-60.31518,-33.07238],[-60.31531,-33.07251],[-60.3155,-33.07268],[-60.31568,-33.07285],[-60.3159,-33.07301],[-60.31614,-33.07314],[-60.31645,-33.07321],[-60.31667,-33.07326],[-60.31687,-33.07339],[-60.31708,-33.07355],[-60.31724,-33.07369],[-60.31728,-33.07382],[-60.31727,-33.07393],[-60.31718,-33.07402],[-60.31703,-33.07411],[-60.31684,-33.07419],[-60.31663,-33.07426],[-60.31644,-33.07434],[-60.31628,-33.07442],[-60.31613,-33.0745],[-60.31593,-33.07456],[-60.31573,-33.07463],[-60.31538,-33.07478],[-60.31522,-33.07489],[-60.31509,-33.07498],[-60.31496,-33.07506],[-60.31485,-33.0751],[-60.31472,-33.07518],[-60.31453,-33.07534],[-60.31428,-33.0756],[-60.31417,-33.0758],[-60.3141,-33.07597],[-60.31403,-33.07613],[-60.31399,-33.07632],[-60.31398,-33.07646],[-60.31396,-33.07664],[-60.31393,-33.07685],[-60.3139,-33.07707],[-60.31383,-33.07721],[-60.31374,-33.07732],[-60.3132,-33.07771],[-60.31279,-33.07801],[-60.31251,-33.0782],[-60.31239,-33.07826],[-60.31218,-33.07833],[-60.31207,-33.07842],[-60.31193,-33.07854],[-60.31163,-33.07895],[-60.31114,-33.07971],[-60.3111,-33.07985],[-60.31111,-33.07997],[-60.31108,-33.08008],[-60.31108,-33.08017],[-60.31113,-33.08029],[-60.31172,-33.08094],[-60.31175,-33.08103],[-60.31173,-33.08113],[-60.31171,-33.08124],[-60.31175,-33.08131],[-60.31202,-33.08158]]}},{"type":"Feature","properties":{"name":"Arroyo Seco","layer":"Rios y Arroyos"},"geometry":{"type":"LineString","coordinates":[[-60.50789,-33.12853],[-60.50816,-33.12896],[-60.50898,-33.12962],[-60.50935,-33.12993],[-60.50982,-33.13056],[-60.51101,-33.13106],[-60.51167,-33.13171],[-60.51209,-33.13187],[-60.51314,-33.1321],[-60.51368,-33.13254],[-60.51401,-33.13287],[-60.51438,-33.1336],[-60.51526,-33.13435],[-60.51555,-33.13446],[-60.51625,-33.13447],[-60.51678,-33.1346],[-60.51708,-33.13486],[-60.51726,-33.13517],[-60.51787,-33.13572],[-60.51807,-33.1361],[-60.5184,-33.13643],[-60.5188,-33.13672],[-60.51911,-33.13689],[-60.51958,-33.13708],[-60.5199,-33.13727],[-60.52032,-33.13765],[-60.52078,-33.13826],[-60.52096,-33.13842],[-60.5213,-33.13929],[-60.52147,-33.13952],[-60.52179,-33.13975],[-60.52203,-33.14001],[-60.5223,-33.14042],[-60.52282,-33.14109],[-60.52285,-33.1415],[-60.52297,-33.14181],[-60.52323,-33.14216],[-60.52369,-33.14241],[-60.52409,-33.14264],[-60.52457,-33.14306],[-60.52554,-33.14382],[-60.52573,-33.14394],[-60.52629,-33.14464],[-60.52699,-33.14547],[-60.52733,-33.14572],[-60.52795,-33.14589],[-60.52844,-33.14603],[-60.52872,-33.14635],[-60.52886,-33.14674],[-60.529,-33.14697],[-60.52924,-33.14719],[-60.52965,-33.14728],[-60.53008,-33.1472],[-60.53045,-33.14716],[-60.53086,-33.14733],[-60.53119,-33.14778],[-60.53151,-33.14801],[-60.53216,-33.14833],[-60.53278,-33.14829],[-60.53344,-33.1484],[-60.53414,-33.14866],[-60.53442,-33.14879],[-60.5353,-33.14947],[-60.53578,-33.14979],[-60.53688,-33.14995],[-60.53751,-33.15013],[-60.53798,-33.15058],[-60.5382,-33.15088],[-60.53884,-33.1513],[-60.53917,-33.15179],[-60.54171,-33.15315],[-60.54201,-33.15345],[-60.54238,-33.15395],[-60.54284,-33.1545],[-60.5433,-33.15491],[-60.54375,-33.1552],[-60.54439,-33.15557],[-60.54498,-33.15583]]}},{"type":"Feature","properties":{"name":"Arroyo Pavon","layer":"Rios y Arroyos"},"geometry":{"type":"LineString","coordinates":[[-60.34575,-33.21387],[-60.3461,-33.21293],[-60.34657,-33.21214],[-60.34637,-33.21118],[-60.34669,-33.21069],[-60.34739,-33.21057],[-60.34915,-33.21086],[-60.35056,-33.21077],[-60.35193,-33.21046],[-60.35352,-33.21037],[-60.35437,-33.21007],[-60.3551,-33.21001],[-60.35594,-33.21017],[-60.35741,-33.21054],[-60.35827,-33.2104],[-60.35912,-33.21026],[-60.36015,-33.2102],[-60.3606,-33.21002],[-60.36207,-33.21008],[-60.36314,-33.21019],[-60.36446,-33.20989],[-60.36524,-33.20982],[-60.36617,-33.20939],[-60.36788,-33.20858],[-60.36847,-33.20817],[-60.36894,-33.2076],[-60.36951,-33.20719],[-60.3702,-33.2069],[-60.37116,-33.20672],[-60.37245,-33.2066],[-60.37338,-33.20647],[-60.37416,-33.20681],[-60.37503,-33.20717],[-60.37543,-33.2069],[-60.37599,-33.20608],[-60.37645,-33.20575],[-60.37684,-33.2051],[-60.37729,-33.20493],[-60.37804,-33.205],[-60.37845,-33.20557],[-60.37873,-33.20626],[-60.38046,-33.20689],[-60.38175,-33.20744],[-60.38246,-33.20723],[-60.38312,-33.20681],[-60.38432,-33.20683],[-60.38567,-33.20757],[-60.38609,-33.20752],[-60.38673,-33.20698],[-60.3873,-33.2064],[-60.38835,-33.20597],[-60.38932,-33.20584],[-60.38986,-33.20577],[-60.3903,-33.20538],[-60.39033,-33.20484],[-60.39013,-33.20439],[-60.39029,-33.20403],[-60.39125,-33.20302],[-60.39147,-33.20273],[-60.39152,-33.20243],[-60.39155,-33.20211],[-60.39187,-33.20171],[-60.39248,-33.20125],[-60.39301,-33.20097],[-60.39329,-33.20081],[-60.39332,-33.20055],[-60.39327,-33.2003],[-60.3933,-33.20012],[-60.39507,-33.20003],[-60.39663,-33.20052],[-60.39789,-33.20118],[-60.39858,-33.20229],[-60.40006,-33.20268],[-60.40175,-33.20273],[-60.40263,-33.20288],[-60.40323,-33.20355],[-60.40349,-33.20428],[-60.40456,-33.20552],[-60.40565,-33.20634],[-60.40702,-33.20772],[-60.40794,-33.20824],[-60.40874,-33.20974],[-60.41004,-33.21224],[-60.41091,-33.21339],[-60.41237,-33.21521],[-60.41401,-33.21675],[-60.41452,-33.21719],[-60.41448,-33.21823],[-60.41433,-33.21903],[-60.41456,-33.21956],[-60.41445,-33.221],[-60.41458,-33.22158],[-60.41509,-33.22211],[-60.41619,-33.22268],[-60.4167,-33.22321],[-60.41684,-33.22363],[-60.41733,-33.22408],[-60.41813,-33.22412],[-60.41996,-33.22423],[-60.42123,-33.22432],[-60.42263,-33.225],[-60.42351,-33.22555],[-60.42445,-33.22584],[-60.42524,-33.22609],[-60.42591,-33.22651],[-60.42729,-33.22804],[-60.42892,-33.22939],[-60.42905,-33.23069],[-60.4296,-33.2316],[-60.43143,-33.23255],[-60.43268,-33.23295],[-60.43389,-33.23249],[-60.43443,-33.23281],[-60.43475,-33.2334],[-60.43439,-33.23429],[-60.43421,-33.23515],[-60.43476,-33.23599],[-60.43518,-33.23701],[-60.43608,-33.23769],[-60.43736,-33.23832],[-60.43835,-33.23862],[-60.43969,-33.2397],[-60.44011,-33.24112]]}},{"type":"Feature","properties":{"name":"Arroyo del Medio","layer":"Rios y Arroyos"},"geometry":{"type":"LineString","coordinates":[[-60.25243,-33.27578],[-60.2538,-33.27521],[-60.25635,-33.2738],[-60.25765,-33.27271],[-60.25885,-33.27201],[-60.26115,-33.27098],[-60.26213,-33.27032],[-60.26461,-33.26934],[-60.26619,-33.26766],[-60.26679,-33.26646],[-60.26771,-33.26566],[-60.2693,-33.26487],[-60.27138,-33.26367],[-60.27239,-33.26364],[-60.27317,-33.26423],[-60.27317,-33.26537],[-60.27255,-33.26617],[-60.27158,-33.2664],[-60.27067,-33.26615],[-60.26994,-33.26549],[-60.26926,-33.26572],[-60.26892,-33.26627],[-60.26936,-33.26685],[-60.27049,-33.26724],[-60.27094,-33.2679],[-60.27107,-33.26919],[-60.27065,-33.27008],[-60.27005,-33.27038],[-60.26958,-33.27031],[-60.26935,-33.27004],[-60.26937,-33.2696],[-60.26892,-33.26912],[-60.26803,-33.26911],[-60.26665,-33.26957],[-60.26561,-33.27026],[-60.26518,-33.27108],[-60.26537,-33.27168],[-60.26594,-33.27217],[-60.26613,-33.27303],[-60.26563,-33.27375],[-60.26561,-33.27419],[-60.26615,-33.2747],[-60.26606,-33.27518],[-60.26545,-33.27556],[-60.26492,-33.27602],[-60.26492,-33.27654],[-60.2655,-33.27695],[-60.26604,-33.27683],[-60.26648,-33.27637],[-60.26737,-33.27626],[-60.26816,-33.27652],[-60.26845,-33.27717],[-60.2684,-33.27805],[-60.26805,-33.27891],[-60.26776,-33.27967],[-60.26713,-33.28008],[-60.26623,-33.28],[-60.26546,-33.28012],[-60.26474,-33.28053],[-60.2646,-33.28111],[-60.26492,-33.28186],[-60.26557,-33.2825],[-60.2673,-33.28345],[-60.26769,-33.28393],[-60.2694,-33.28527],[-60.26976,-33.28601],[-60.27043,-33.28664],[-60.27062,-33.28741],[-60.27142,-33.28797],[-60.27317,-33.2886],[-60.2745,-33.28916],[-60.27547,-33.29004],[-60.27612,-33.29071],[-60.27625,-33.29161],[-60.27615,-33.2927],[-60.27622,-33.29348],[-60.27649,-33.29443],[-60.27668,-33.29525],[-60.27712,-33.29695],[-60.27746,-33.29754],[-60.27877,-33.29865],[-60.28012,-33.2994],[-60.28044,-33.2998],[-60.28028,-33.30111],[-60.28003,-33.30152],[-60.28034,-33.30286],[-60.28045,-33.30365],[-60.28097,-33.30439],[-60.28163,-33.30513],[-60.28174,-33.30573],[-60.28244,-33.3062],[-60.28368,-33.30626],[-60.28376,-33.30759],[-60.28383,-33.30815],[-60.28429,-33.30884],[-60.28433,-33.30975],[-60.28401,-33.31047],[-60.28368,-33.31108],[-60.28362,-33.31147],[-60.28322,-33.3122],[-60.28307,-33.31298],[-60.28285,-33.31339],[-60.28302,-33.31384],[-60.2845,-33.3151],[-60.28461,-33.31598],[-60.28501,-33.31653],[-60.28588,-33.31705],[-60.2871,-33.318],[-60.28759,-33.31877],[-60.28821,-33.31955],[-60.2889,-33.32061],[-60.28974,-33.32229],[-60.29094,-33.32333],[-60.29242,-33.32388],[-60.29397,-33.32492],[-60.29536,-33.32586],[-60.29689,-33.3265],[-60.29828,-33.32744],[-60.29961,-33.32788],[-60.30111,-33.3285],[-60.30224,-33.3293],[-60.30338,-33.33026],[-60.30353,-33.33061]]}},{"type":"Feature","properties":{"name":"Arroyo Yaguaron","layer":"Rios y Arroyos"},"geometry":{"type":"LineString","coordinates":[[-60.25584,-33.26984],[-60.25241,-33.27502],[-60.25215,-33.27603],[-60.25021,-33.27809],[-60.24943,-33.27939],[-60.24769,-33.2809],[-60.24683,-33.28206],[-60.24546,-33.28528],[-60.24394,-33.28752],[-60.24255,-33.28878],[-60.24085,-33.28988],[-60.24008,-33.29055],[-60.2382,-33.2926],[-60.23667,-33.29415],[-60.2361,-33.295],[-60.23504,-33.29737],[-60.23397,-33.29905],[-60.23373,-33.30091],[-60.23117,-33.30776],[-60.23043,-33.30944],[-60.2287,-33.31151],[-60.2281,-33.31212],[-60.22779,-33.31204],[-60.22754,-33.31177],[-60.2273,-33.31062],[-60.22689,-33.30977],[-60.22628,-33.30922],[-60.22576,-33.30911],[-60.22523,-33.30972],[-60.22504,-33.31127],[-60.22483,-33.31251],[-60.2243,-33.31373],[-60.22359,-33.3154],[-60.22343,-33.3165],[-60.22348,-33.31757],[-60.22338,-33.3188],[-60.22323,-33.31944],[-60.22243,-33.3203],[-60.21998,-33.32207],[-60.2191,-33.32251],[-60.21728,-33.32361],[-60.21502,-33.32502],[-60.21177,-33.32745],[-60.20891,-33.32953]]}},{"type":"Feature","properties":{"name":"Riacho San Pedro","layer":"Rios y Arroyos"},"geometry":{"type":"LineString","coordinates":[[-59.7415,-33.64548],[-59.73649,-33.64815],[-59.73167,-33.65136],[-59.72598,-33.65345],[-59.72113,-33.65434],[-59.71533,-33.6557],[-59.71303,-33.65692],[-59.70989,-33.65754],[-59.70313,-33.65819],[-59.69912,-33.65874],[-59.69225,-33.66049],[-59.6868,-33.66268],[-59.67996,-33.66545],[-59.67705,-33.66591],[-59.67405,-33.6662],[-59.67172,-33.6672],[-59.6677,-33.66828],[-59.66373,-33.6688],[-59.65821,-33.6692]]}},{"type":"Feature","properties":{"name":"Arroyo Pintos","layer":"Rios y Arroyos"},"geometry":{"type":"LineString","coordinates":[[-59.57943,-33.68718],[-59.57852,-33.68806],[-59.57788,-33.68886],[-59.57686,-33.69005],[-59.57612,-33.69126],[-59.57527,-33.69345],[-59.57456,-33.69622],[-59.57393,-33.69902],[-59.57352,-33.70102],[-59.57294,-33.70252],[-59.57215,-33.70462],[-59.57184,-33.70546],[-59.57134,-33.70586],[-59.56996,-33.70789],[-59.5673,-33.71163],[-59.56517,-33.7128],[-59.56171,-33.71473],[-59.55748,-33.71732],[-59.55522,-33.71847],[-59.55418,-33.71919],[-59.55237,-33.72129],[-59.5503,-33.72277],[-59.54901,-33.72352],[-59.54678,-33.72409],[-59.5437,-33.72427],[-59.54216,-33.72413],[-59.54049,-33.72441],[-59.53878,-33.72497],[-59.53568,-33.72642],[-59.53315,-33.7278],[-59.53124,-33.72926],[-59.52982,-33.73149],[-59.52819,-33.7348],[-59.52721,-33.73827],[-59.52697,-33.73981],[-59.52656,-33.74251],[-59.52628,-33.74455],[-59.52541,-33.74579],[-59.52377,-33.74779],[-59.5217,-33.74943],[-59.51901,-33.75072],[-59.51588,-33.75115],[-59.51451,-33.75164],[-59.51256,-33.75164],[-59.51,-33.75133],[-59.50843,-33.75123],[-59.50583,-33.7511],[-59.50283,-33.75141],[-59.4992,-33.75229],[-59.49636,-33.75362],[-59.49459,-33.75512],[-59.49444,-33.75635],[-59.49491,-33.75732],[-59.4943,-33.75821],[-59.4931,-33.75941],[-59.49219,-33.76091],[-59.49055,-33.76209],[-59.48749,-33.7646],[-59.48372,-33.76789],[-59.48188,-33.76974],[-59.48042,-33.77173],[-59.48005,-33.77336],[-59.47812,-33.7763],[-59.47643,-33.77899],[-59.47538,-33.78303],[-59.47384,-33.78548],[-59.47154,-33.78746],[-59.4675,-33.79095],[-59.46135,-33.7961],[-59.45541,-33.80006],[-59.45361,-33.80132],[-59.44991,-33.80553],[-59.44746,-33.80801],[-59.44481,-33.81072],[-59.44244,-33.81209],[-59.43955,-33.81298],[-59.43669,-33.81332],[-59.43337,-33.81294],[-59.43103,-33.81254],[-59.42824,-33.81277],[-59.4248,-33.81398],[-59.42104,-33.81574],[-59.41758,-33.81702],[-59.41437,-33.81752],[-59.40922,-33.81804]]}},{"type":"Feature","properties":{"name":"Rio Baradero","layer":"Rios y Arroyos"},"geometry":{"type":"LineString","coordinates":[[-59.62983,-33.69643],[-59.62991,-33.69893],[-59.62859,-33.70238],[-59.62604,-33.70701],[-59.62434,-33.70936],[-59.62094,-33.71269],[-59.61497,-33.71826],[-59.61153,-33.72133],[-59.60855,-33.7234],[-59.60402,-33.72854],[-59.603,-33.73024],[-59.603,-33.73158],[-59.60365,-33.73353],[-59.60432,-33.7347],[-59.60452,-33.73718],[-59.60404,-33.74048],[-59.60329,-33.74123],[-59.60234,-33.74145],[-59.60087,-33.74134],[-59.59904,-33.74202],[-59.59797,-33.74274],[-59.59425,-33.74366],[-59.58887,-33.74415],[-59.58587,-33.74495],[-59.58423,-33.74581],[-59.58084,-33.74809],[-59.57138,-33.75343],[-59.56842,-33.75521],[-59.5659,-33.75721],[-59.56409,-33.75864],[-59.56064,-33.75992],[-59.55643,-33.76145],[-59.5544,-33.76139],[-59.55199,-33.76158],[-59.54546,-33.76296],[-59.54024,-33.76402],[-59.53707,-33.76499],[-59.53351,-33.76554],[-59.53134,-33.76662],[-59.52566,-33.7691],[-59.52156,-33.77079],[-59.5183,-33.77318],[-59.51519,-33.7744],[-59.51324,-33.77518],[-59.51045,-33.77785],[-59.5092,-33.78077],[-59.50816,-33.78375],[-59.50805,-33.7854],[-59.50695,-33.78878],[-59.50558,-33.79012],[-59.5051,-33.79086],[-59.50522,-33.79163],[-59.50563,-33.79345],[-59.50285,-33.79541],[-59.49983,-33.79753],[-59.49763,-33.79861],[-59.49599,-33.79976],[-59.49494,-33.80184],[-59.49401,-33.80347],[-59.49206,-33.80488],[-59.48818,-33.80628],[-59.48578,-33.80758],[-59.48321,-33.8099],[-59.47861,-33.81348],[-59.47571,-33.81548],[-59.47061,-33.81724],[-59.4685,-33.81872],[-59.4654,-33.82154],[-59.46359,-33.82261],[-59.46079,-33.82257],[-59.45762,-33.82195],[-59.45406,-33.82227],[-59.44455,-33.82267],[-59.43898,-33.824],[-59.43588,-33.82576],[-59.4327,-33.82731],[-59.42915,-33.82816],[-59.42455,-33.8278],[-59.41823,-33.82657],[-59.41553,-33.82658],[-59.4114,-33.82806],[-59.40542,-33.82883],[-59.40217,-33.83005],[-59.4004,-33.83202],[-59.39927,-33.83354],[-59.39704,-33.83446],[-59.39162,-33.83579],[-59.3884,-33.83723],[-59.38448,-33.83928],[-59.37823,-33.84218],[-59.37213,-33.84394],[-59.37042,-33.84461],[-59.3683,-33.84634],[-59.36738,-33.84798],[-59.36509,-33.8506],[-59.36313,-33.85328],[-59.36208,-33.85592],[-59.36033,-33.85738],[-59.35603,-33.85961],[-59.35443,-33.86125],[-59.35345,-33.86321],[-59.35052,-33.86572],[-59.34553,-33.8711],[-59.34192,-33.8736],[-59.34008,-33.87567],[-59.33983,-33.87662],[-59.3406,-33.8775],[-59.34103,-33.87837],[-59.34045,-33.88034],[-59.33826,-33.88344],[-59.33518,-33.88571],[-59.33254,-33.88657],[-59.3309,-33.88649],[-59.32959,-33.88601],[-59.32718,-33.88626],[-59.3255,-33.88698],[-59.32463,-33.88815],[-59.32427,-33.8901],[-59.32325,-33.89132],[-59.32153,-33.89257],[-59.31963,-33.89402],[-59.31848,-33.896],[-59.31618,-33.89951],[-59.31386,-33.90143],[-59.31167,-33.90214],[-59.31048,-33.90212],[-59.30669,-33.90421],[-59.30068,-33.90629],[-59.29765,-33.90792],[-59.29606,-33.90986],[-59.29344,-33.91434],[-59.29163,-33.91589],[-59.28981,-33.91676],[-59.28842,-33.91818],[-59.28395,-33.92163],[-59.28209,-33.92256],[-59.27985,-33.92306],[-59.27653,-33.92408],[-59.27495,-33.9252],[-59.27354,-33.92707],[-59.27232,-33.92915],[-59.27151,-33.93226],[-59.27108,-33.93329],[-59.26992,-33.93413],[-59.26829,-33.93512],[-59.26672,-33.93659],[-59.265,-33.93868],[-59.26301,-33.94029],[-59.26119,-33.94126]]}},{"type":"Feature","properties":{"name":"Arroyo Tala","layer":"Rios y Arroyos"},"geometry":{"type":"LineString","coordinates":[[-59.56697,-33.75703],[-59.56863,-33.75662],[-59.57024,-33.75539],[-59.57212,-33.75564],[-59.57391,-33.75566],[-59.57472,-33.75607],[-59.57577,-33.75688],[-59.57771,-33.75737],[-59.58007,-33.75755],[-59.58075,-33.75813],[-59.58076,-33.75933],[-59.58125,-33.76004],[-59.5824,-33.76011],[-59.58381,-33.75992],[-59.58563,-33.75912],[-59.58606,-33.75853],[-59.58626,-33.75745],[-59.58676,-33.75707],[-59.58786,-33.75689],[-59.5892,-33.75732],[-59.59055,-33.75905],[-59.59159,-33.7601],[-59.59264,-33.76048],[-59.59329,-33.76024],[-59.59426,-33.75852],[-59.59483,-33.75804],[-59.59539,-33.75791],[-59.59626,-33.75822],[-59.59711,-33.75847],[-59.59842,-33.75884],[-59.59886,-33.75928],[-59.59853,-33.75998],[-59.59772,-33.76073],[-59.5972,-33.76088],[-59.59596,-33.76082],[-59.59544,-33.76116],[-59.59503,-33.76204],[-59.59491,-33.76304],[-59.59465,-33.76351],[-59.59395,-33.7637],[-59.59333,-33.76399],[-59.59302,-33.76486],[-59.59376,-33.76699],[-59.5941,-33.76755],[-59.59472,-33.76799],[-59.59552,-33.76815],[-59.59651,-33.76767],[-59.5973,-33.76792],[-59.59804,-33.76833],[-59.59838,-33.76928],[-59.59821,-33.76984],[-59.5986,-33.7702],[-59.59983,-33.77043],[-59.6005,-33.77055],[-59.60087,-33.77089],[-59.60076,-33.77162],[-59.60021,-33.77227],[-59.59967,-33.77269],[-59.59963,-33.77314],[-59.60011,-33.77366],[-59.60057,-33.77441],[-59.60014,-33.77505],[-59.59875,-33.77605],[-59.59784,-33.7764],[-59.59744,-33.77685],[-59.59714,-33.77782],[-59.59666,-33.77819],[-59.59509,-33.7791],[-59.59498,-33.7799],[-59.59558,-33.78071],[-59.59542,-33.78118],[-59.59489,-33.78183],[-59.59528,-33.78216],[-59.59585,-33.7823],[-59.59595,-33.7828],[-59.59569,-33.78358],[-59.59579,-33.7843],[-59.59644,-33.78497],[-59.59708,-33.7863],[-59.59789,-33.78697],[-59.59877,-33.78729],[-59.60014,-33.78717],[-59.60111,-33.78755],[-59.60214,-33.78881],[-59.60282,-33.79066],[-59.60282,-33.79172],[-59.60237,-33.79222],[-59.60146,-33.79265],[-59.60079,-33.79308],[-59.60059,-33.7936],[-59.6007,-33.79405],[-59.60115,-33.79439],[-59.6015,-33.79484],[-59.60162,-33.79624],[-59.6019,-33.79791],[-59.60294,-33.79931],[-59.6031,-33.79991],[-59.60324,-33.80108],[-59.60361,-33.80163],[-59.60437,-33.80193],[-59.60495,-33.8026],[-59.60491,-33.80311],[-59.60469,-33.80358],[-59.60479,-33.80395],[-59.60507,-33.80442],[-59.60495,-33.8051],[-59.60522,-33.80561],[-59.60487,-33.80647],[-59.60391,-33.8073],[-59.60339,-33.80759],[-59.60353,-33.80783],[-59.60417,-33.80817],[-59.60497,-33.80831],[-59.60619,-33.80848],[-59.607,-33.80893]]}},{"type":"Feature","properties":{"name":"Rio Arrecifes","layer":"Rios y Arroyos"},"geometry":{"type":"LineString","coordinates":[[-59.51075,-33.77902],[-59.51128,-33.7792],[-59.51182,-33.77967],[-59.51232,-33.77989],[-59.51291,-33.7798],[-59.51412,-33.7796],[-59.5147,-33.7793],[-59.51518,-33.77883],[-59.51576,-33.77786],[-59.51791,-33.77573],[-59.51852,-33.77547],[-59.51934,-33.77542],[-59.52023,-33.77551],[-59.52098,-33.77559],[-59.52177,-33.77555],[-59.52227,-33.77517],[-59.52263,-33.77461],[-59.523,-33.77445],[-59.52359,-33.77472],[-59.52524,-33.77593],[-59.52559,-33.77601],[-59.52612,-33.77577],[-59.52675,-33.77508],[-59.52727,-33.77448],[-59.5276,-33.77444],[-59.52795,-33.77462],[-59.52812,-33.77624],[-59.52842,-33.77643],[-59.52909,-33.7763],[-59.52952,-33.77587],[-59.52975,-33.77544],[-59.53026,-33.77514],[-59.53088,-33.7752],[-59.53114,-33.77559],[-59.53119,-33.77674],[-59.53139,-33.77693],[-59.5323,-33.77695],[-59.53272,-33.77677],[-59.53331,-33.77672],[-59.53392,-33.77697],[-59.53497,-33.77783],[-59.53548,-33.77801],[-59.53613,-33.778],[-59.53659,-33.77768],[-59.5369,-33.77666],[-59.53692,-33.77624],[-59.53728,-33.77607],[-59.53762,-33.77628],[-59.53805,-33.77714],[-59.53834,-33.77735],[-59.53881,-33.77728],[-59.53903,-33.77711],[-59.53956,-33.77637],[-59.53954,-33.77585],[-59.53965,-33.7754],[-59.53997,-33.77525],[-59.54058,-33.77543],[-59.54165,-33.77642],[-59.54199,-33.77653],[-59.54244,-33.77648],[-59.54275,-33.77619],[-59.54322,-33.77509],[-59.54351,-33.77494],[-59.54387,-33.7751],[-59.54419,-33.77545],[-59.54451,-33.77591],[-59.5451,-33.77601],[-59.54558,-33.77563],[-59.54563,-33.77504],[-59.54575,-33.77455],[-59.54626,-33.77411],[-59.54695,-33.7739],[-59.54832,-33.77397],[-59.5491,-33.77388],[-59.5496,-33.77348],[-59.55003,-33.77322],[-59.55051,-33.77331],[-59.55099,-33.77357],[-59.55134,-33.77381],[-59.55177,-33.77402],[-59.55246,-33.77398],[-59.55552,-33.77335],[-59.55652,-33.77263],[-59.55763,-33.77241],[-59.56008,-33.77315],[-59.5608,-33.77345],[-59.56163,-33.77328],[-59.56258,-33.77273],[-59.56287,-33.77223],[-59.56327,-33.77199],[-59.56384,-33.77243],[-59.56413,-33.77417],[-59.56444,-33.77454],[-59.56502,-33.77464],[-59.56547,-33.77428],[-59.5658,-33.77378],[-59.56613,-33.77324],[-59.56734,-33.77252],[-59.56801,-33.77249],[-59.56906,-33.77331],[-59.56972,-33.77386],[-59.57032,-33.77446],[-59.57151,-33.775],[-59.57368,-33.77675],[-59.57411,-33.77812],[-59.57468,-33.77879],[-59.57585,-33.77906],[-59.57632,-33.77944],[-59.5763,-33.78081],[-59.57876,-33.784],[-59.57749,-33.78551],[-59.57751,-33.78597],[-59.57811,-33.78623],[-59.57895,-33.78643],[-59.57925,-33.78682],[-59.57886,-33.78735],[-59.57903,-33.78777],[-59.58018,-33.7878],[-59.58039,-33.78802],[-59.5804,-33.7884],[-59.57973,-33.78972],[-59.57981,-33.79017],[-59.58036,-33.79066],[-59.581,-33.79081],[-59.58152,-33.7903],[-59.58205,-33.78883],[-59.5824,-33.78867],[-59.58295,-33.78887],[-59.58355,-33.78942],[-59.5846,-33.79072],[-59.58512,-33.79082],[-59.58561,-33.79047],[-59.58596,-33.7898],[-59.58651,-33.78959],[-59.58758,-33.78962],[-59.58817,-33.78987],[-59.58841,-33.79044],[-59.58803,-33.79124],[-59.58807,-33.79184],[-59.58881,-33.79265],[-59.58978,-33.79324],[-59.59038,-33.79385],[-59.59131,-33.79443],[-59.59237,-33.79476],[-59.59234,-33.79524],[-59.59105,-33.7954],[-59.59089,-33.79573],[-59.59119,-33.79615],[-59.59158,-33.79668],[-59.59144,-33.79708],[-59.5907,-33.79738],[-59.59059,-33.79769],[-59.59088,-33.79793],[-59.59168,-33.79796],[-59.59199,-33.79836],[-59.59138,-33.8008],[-59.59052,-33.80156],[-59.58987,-33.80226],[-59.59004,-33.80337],[-59.59032,-33.80556],[-59.59125,-33.80812],[-59.59174,-33.80873],[-59.59251,-33.80897],[-59.59313,-33.80957],[-59.5932,-33.80991],[-59.59275,-33.81038],[-59.59164,-33.81079],[-59.59065,-33.81083],[-59.59018,-33.81116],[-59.59002,-33.81205],[-59.59026,-33.81348],[-59.59092,-33.81438],[-59.59149,-33.81459],[-59.59197,-33.81495],[-59.59191,-33.81543],[-59.59127,-33.8157],[-59.59054,-33.816],[-59.59012,-33.81651],[-59.59024,-33.81709],[-59.59082,-33.81736],[-59.59178,-33.81743],[-59.59262,-33.81776]]}},{"type":"Feature","properties":{"name":"Arroyo Areco","layer":"Rios y Arroyos"},"geometry":{"type":"LineString","coordinates":[[-59.27174,-33.93317],[-59.27254,-33.93367],[-59.27396,-33.93343],[-59.27496,-33.93279],[-59.27586,-33.9321],[-59.27662,-33.93186],[-59.27823,-33.93164],[-59.2796,-33.93139],[-59.28104,-33.93101],[-59.28256,-33.93055],[-59.28416,-33.93045],[-59.28629,-33.93051],[-59.28855,-33.93078],[-59.28999,-33.93116],[-59.29186,-33.93151],[-59.29337,-33.93207],[-59.2955,-33.9322],[-59.29717,-33.93176],[-59.2985,-33.93104],[-59.30036,-33.92975],[-59.3021,-33.9283],[-59.30373,-33.9269],[-59.30456,-33.92615],[-59.30584,-33.92533],[-59.30787,-33.92454],[-59.3092,-33.92401],[-59.31043,-33.92398],[-59.31289,-33.92418],[-59.31367,-33.92442],[-59.31461,-33.92509],[-59.31659,-33.92696],[-59.31772,-33.92857],[-59.31829,-33.92914],[-59.31994,-33.93],[-59.32072,-33.93046],[-59.32162,-33.9309],[-59.32253,-33.93106],[-59.32544,-33.93093],[-59.32683,-33.93047],[-59.32862,-33.92947],[-59.32934,-33.92857],[-59.32993,-33.92729],[-59.3306,-33.92636],[-59.33122,-33.92595],[-59.33161,-33.92573],[-59.33177,-33.92541],[-59.33173,-33.92501],[-59.33201,-33.92482],[-59.33258,-33.92493],[-59.3344,-33.9262],[-59.33517,-33.92679],[-59.33613,-33.92719],[-59.33718,-33.92722],[-59.33833,-33.92686],[-59.33879,-33.92677],[-59.33945,-33.92683],[-59.34004,-33.92658],[-59.34014,-33.92619],[-59.34,-33.92566],[-59.3403,-33.92536],[-59.34084,-33.92546],[-59.34157,-33.92766],[-59.34201,-33.92843],[-59.34211,-33.92917],[-59.34173,-33.92974],[-59.3417,-33.93031],[-59.34215,-33.93121],[-59.34283,-33.93191],[-59.34322,-33.93241],[-59.34366,-33.93303],[-59.34437,-33.93375],[-59.34495,-33.93388],[-59.34553,-33.93377],[-59.34604,-33.93379],[-59.34656,-33.93422],[-59.34688,-33.93531],[-59.34685,-33.9365],[-59.34616,-33.93733],[-59.34584,-33.93793],[-59.34582,-33.93865],[-59.34584,-33.93924],[-59.34534,-33.93936],[-59.34459,-33.93935],[-59.34414,-33.93956],[-59.34381,-33.94006],[-59.34416,-33.94059],[-59.34487,-33.94081],[-59.34624,-33.94083],[-59.34721,-33.9411],[-59.34743,-33.94134],[-59.34731,-33.94171],[-59.34688,-33.94187],[-59.34642,-33.94176],[-59.34584,-33.9417],[-59.34521,-33.94203],[-59.34487,-33.94234],[-59.34502,-33.94285],[-59.3453,-33.94347],[-59.34564,-33.94397],[-59.34611,-33.94435],[-59.34622,-33.94469],[-59.34595,-33.94512],[-59.34524,-33.94586],[-59.34484,-33.94622],[-59.34454,-33.9462],[-59.34416,-33.94613],[-59.34377,-33.94625],[-59.34349,-33.94654],[-59.34365,-33.94683],[-59.34411,-33.94713],[-59.34429,-33.94739],[-59.3442,-33.94768],[-59.3439,-33.94783],[-59.3434,-33.94781],[-59.34288,-33.94754],[-59.34226,-33.94737],[-59.34169,-33.94739],[-59.34121,-33.94757],[-59.34092,-33.94784],[-59.34074,-33.94826],[-59.34083,-33.94871],[-59.3412,-33.94908],[-59.34172,-33.94899],[-59.34223,-33.94873],[-59.34272,-33.94866],[-59.34294,-33.94876],[-59.34292,-33.94902],[-59.34258,-33.94921],[-59.3422,-33.94946],[-59.34201,-33.9498],[-59.34209,-33.95022],[-59.34236,-33.95059],[-59.34274,-33.95066],[-59.34307,-33.95081],[-59.34316,-33.95111],[-59.34302,-33.95136],[-59.34269,-33.95155],[-59.34247,-33.95182],[-59.34237,-33.95209],[-59.34262,-33.95235],[-59.343,-33.9525],[-59.34361,-33.95246],[-59.34402,-33.9521],[-59.34429,-33.95197],[-59.34469,-33.95185],[-59.34509,-33.95202],[-59.34531,-33.95237],[-59.34501,-33.95272],[-59.34449,-33.95293],[-59.34391,-33.95303],[-59.34332,-33.95287],[-59.34257,-33.95282],[-59.34204,-33.95296],[-59.34171,-33.95316],[-59.34172,-33.95338],[-59.34206,-33.95365],[-59.34256,-33.95405],[-59.34295,-33.95455],[-59.343,-33.95484],[-59.34269,-33.95508],[-59.34191,-33.95531],[-59.34149,-33.9553],[-59.34123,-33.95504],[-59.34101,-33.9548],[-59.34059,-33.95467],[-59.34031,-33.95476],[-59.33975,-33.95534],[-59.33939,-33.95571],[-59.33934,-33.956],[-59.33962,-33.9565],[-59.34009,-33.95681],[-59.34058,-33.95719],[-59.34052,-33.95759],[-59.34009,-33.95786],[-59.33943,-33.95795],[-59.33871,-33.95794],[-59.33826,-33.95818],[-59.33805,-33.95856],[-59.33814,-33.959],[-59.33794,-33.95973],[-59.33761,-33.96029],[-59.33756,-33.96061],[-59.33788,-33.96129],[-59.33863,-33.96315],[-59.33845,-33.96362],[-59.33791,-33.96442],[-59.33786,-33.96475],[-59.338,-33.965],[-59.33832,-33.96526],[-59.33847,-33.96544],[-59.33842,-33.96565],[-59.33809,-33.96587],[-59.33774,-33.96629],[-59.33773,-33.96672],[-59.33792,-33.96711],[-59.33788,-33.96755],[-59.33754,-33.96809],[-59.33723,-33.96863],[-59.3372,-33.96903],[-59.33739,-33.96963],[-59.33729,-33.96986],[-59.33671,-33.97012],[-59.33623,-33.97044],[-59.33631,-33.97084],[-59.33626,-33.97145],[-59.33569,-33.97216],[-59.33485,-33.97383],[-59.33392,-33.97436],[-59.33323,-33.97472],[-59.33292,-33.97521],[-59.33301,-33.97575],[-59.33327,-33.97657],[-59.33355,-33.97747],[-59.333,-33.9783],[-59.33237,-33.97912],[-59.33151,-33.97983],[-59.33136,-33.98017],[-59.33145,-33.98057],[-59.33172,-33.98076],[-59.33211,-33.98074],[-59.33303,-33.98059],[-59.33383,-33.98067],[-59.33459,-33.9808],[-59.33477,-33.98109],[-59.33423,-33.98146],[-59.33376,-33.98183],[-59.3334,-33.98239],[-59.33282,-33.98313],[-59.33252,-33.98383],[-59.33233,-33.98447],[-59.33202,-33.98476],[-59.33142,-33.98492],[-59.33028,-33.98496],[-59.32968,-33.98503],[-59.32936,-33.98519],[-59.32921,-33.98549],[-59.32932,-33.98611],[-59.32911,-33.9864],[-59.32842,-33.9868],[-59.32828,-33.9871],[-59.32845,-33.98748],[-59.32899,-33.98818],[-59.32885,-33.98911],[-59.32895,-33.98976],[-59.32863,-33.9901],[-59.32809,-33.99013],[-59.32771,-33.99005],[-59.32746,-33.99033],[-59.32711,-33.991],[-59.32571,-33.99251],[-59.32564,-33.99298],[-59.32571,-33.99348],[-59.32531,-33.99411],[-59.32479,-33.99452],[-59.32454,-33.99498],[-59.32439,-33.9957],[-59.3241,-33.99598],[-59.32367,-33.99621],[-59.32319,-33.99618],[-59.3225,-33.99594],[-59.32193,-33.99603],[-59.32147,-33.99644],[-59.32097,-33.99729],[-59.32047,-33.99805],[-59.31974,-33.99871],[-59.31938,-33.9993],[-59.31912,-33.99994],[-59.31739,-34.0017],[-59.31596,-34.00218],[-59.31569,-34.00239],[-59.31584,-34.00293],[-59.31574,-34.00326],[-59.31529,-34.00381],[-59.31444,-34.00447],[-59.31398,-34.00501],[-59.31378,-34.00563],[-59.31394,-34.00609],[-59.31371,-34.00678],[-59.31323,-34.0072],[-59.31331,-34.00747],[-59.3139,-34.00777],[-59.31407,-34.00806],[-59.31401,-34.00904],[-59.31383,-34.00956],[-59.31403,-34.0099],[-59.31436,-34.01015],[-59.31438,-34.01044],[-59.31394,-34.01065],[-59.3137,-34.01094],[-59.3136,-34.01167],[-59.31355,-34.01202],[-59.31378,-34.01222],[-59.31408,-34.01216],[-59.31474,-34.01217],[-59.31495,-34.01239],[-59.31497,-34.01279],[-59.3147,-34.01352],[-59.31471,-34.01413],[-59.31449,-34.0144],[-59.31363,-34.0146],[-59.31164,-34.01514],[-59.31104,-34.01517],[-59.31068,-34.01514],[-59.31042,-34.01524],[-59.31036,-34.01547],[-59.31049,-34.01593],[-59.31041,-34.0165],[-59.31007,-34.01693],[-59.30991,-34.01725],[-59.30995,-34.0176],[-59.30982,-34.01791],[-59.30948,-34.01806],[-59.30875,-34.01801],[-59.30827,-34.01824],[-59.30801,-34.01869],[-59.30826,-34.01903],[-59.30865,-34.01914],[-59.30921,-34.01925],[-59.30948,-34.01963],[-59.30937,-34.02017],[-59.30913,-34.02057],[-59.30914,-34.02098],[-59.30934,-34.02139],[-59.30965,-34.02159],[-59.30978,-34.02186],[-59.30964,-34.02215],[-59.30874,-34.02252],[-59.30764,-34.02337],[-59.30729,-34.02419],[-59.30703,-34.02452],[-59.307,-34.02498],[-59.30725,-34.02546],[-59.30733,-34.02584],[-59.30712,-34.02604],[-59.3068,-34.02621],[-59.30634,-34.02627],[-59.30615,-34.02643],[-59.30624,-34.02749],[-59.30622,-34.02859],[-59.3062,-34.02954],[-59.30586,-34.0299],[-59.30553,-34.03002],[-59.30536,-34.03024],[-59.30527,-34.03075],[-59.30537,-34.03151],[-59.30567,-34.03208],[-59.3056,-34.03242],[-59.30518,-34.03293],[-59.30432,-34.03366],[-59.30426,-34.03399],[-59.30438,-34.03466],[-59.30432,-34.03528],[-59.30441,-34.03642],[-59.30462,-34.03755],[-59.30446,-34.03801],[-59.30406,-34.03852],[-59.3034,-34.03926],[-59.30323,-34.03983],[-59.30298,-34.04087],[-59.30253,-34.04116],[-59.30222,-34.04136],[-59.30194,-34.04204],[-59.30096,-34.04359],[-59.30082,-34.04408],[-59.30084,-34.04466],[-59.30075,-34.04514],[-59.30063,-34.04543],[-59.30078,-34.04577],[-59.30145,-34.0461],[-59.30179,-34.0467],[-59.302,-34.04825],[-59.30193,-34.04881],[-59.30211,-34.04931],[-59.30258,-34.04981],[-59.30276,-34.05045],[-59.30265,-34.05103],[-59.30242,-34.05222],[-59.30208,-34.05267],[-59.30188,-34.05315],[-59.30187,-34.0542],[-59.30187,-34.05504],[-59.30174,-34.05552],[-59.30203,-34.05595],[-59.30254,-34.05656]]}},{"type":"Feature","properties":{"name":"Arroyo de Los Chanchos","layer":"Rios y Arroyos"},"geometry":{"type":"LineString","coordinates":[[-60.58696,-32.541],[-60.58568,-32.53825],[-60.58551,-32.5374],[-60.58574,-32.53722],[-60.58627,-32.53731],[-60.58668,-32.53728],[-60.58845,-32.53629],[-60.58971,-32.53475],[-60.59021,-32.53372],[-60.59025,-32.53218],[-60.58993,-32.53028],[-60.5903,-32.52975],[-60.59087,-32.52939],[-60.59194,-32.52881],[-60.59338,-32.52871],[-60.59576,-32.52898],[-60.59759,-32.52891],[-60.59938,-32.52876],[-60.6014,-32.52866],[-60.60392,-32.52874],[-60.60531,-32.52892],[-60.60603,-32.52931],[-60.60699,-32.53025],[-60.60782,-32.53151],[-60.60799,-32.53264],[-60.608,-32.5336],[-60.60833,-32.53477],[-60.60841,-32.53615],[-60.60837,-32.53801],[-60.60806,-32.53915],[-60.60776,-32.54009],[-60.60771,-32.54069],[-60.60786,-32.54141]]}},{"type":"Feature","properties":{"name":"Rio Los Reyes","layer":"Rios y Arroyos"},"geometry":{"type":"LineString","coordinates":[[-60.70707,-32.19609],[-60.70681,-32.22677],[-60.70744,-32.24371],[-60.71218,-32.25904],[-60.71477,-32.2668],[-60.72494,-32.27808],[-60.73698,-32.29503],[-60.7472,-32.30475],[-60.75495,-32.31343],[-60.76026,-32.32754],[-60.76583,-32.34046],[-60.76716,-32.3513],[-60.76103,-32.36317],[-60.74406,-32.38118],[-60.73162,-32.38474],[-60.71956,-32.38699]]}},{"type":"Feature","properties":{"name":"Riacho Romero","layer":"Rios y Arroyos"},"geometry":{"type":"LineString","coordinates":[[-59.31858,-33.79234],[-59.31962,-33.79375],[-59.31999,-33.79416],[-59.32039,-33.79457],[-59.32057,-33.79481],[-59.32084,-33.79514],[-59.32113,-33.79556],[-59.32158,-33.79618],[-59.32212,-33.79687],[-59.32224,-33.79701],[-59.3225,-33.79751],[-59.32257,-33.79809],[-59.32265,-33.79836],[-59.32273,-33.79862],[-59.32279,-33.79898],[-59.32275,-33.79949],[-59.32279,-33.79977],[-59.3229,-33.80003],[-59.32294,-33.80024],[-59.32296,-33.80041],[-59.32294,-33.80069],[-59.32296,-33.80107],[-59.32305,-33.80149],[-59.32321,-33.8021],[-59.32335,-33.80273],[-59.32354,-33.80342],[-59.32368,-33.80404],[-59.32377,-33.80434],[-59.32383,-33.80463],[-59.32407,-33.80534],[-59.32425,-33.80606],[-59.32451,-33.80715],[-59.32461,-33.80745],[-59.32475,-33.80822],[-59.32484,-33.809],[-59.32478,-33.80953],[-59.32478,-33.80979],[-59.3248,-33.81025],[-59.32479,-33.81133],[-59.32481,-33.81289],[-59.32502,-33.81464],[-59.32529,-33.81681],[-59.32542,-33.81955],[-59.3243,-33.82334],[-59.32327,-33.82533],[-59.32269,-33.826],[-59.32157,-33.82744],[-59.32127,-33.82774],[-59.3209,-33.82789],[-59.31958,-33.82847],[-59.31943,-33.82866],[-59.31943,-33.82881],[-59.31956,-33.82891],[-59.31985,-33.82894],[-59.32035,-33.82894],[-59.32057,-33.829],[-59.32082,-33.82907]]}},{"type":"Feature","properties":{"name":"Zanja Mercadal","layer":"Rios y Arroyos"},"geometry":{"type":"LineString","coordinates":[[-59.29354,-33.82978],[-59.29093,-33.82756],[-59.28529,-33.82435],[-59.27811,-33.82091],[-59.27182,-33.81858],[-59.2623,-33.81627],[-59.2555,-33.8148],[-59.2489,-33.81444],[-59.24103,-33.81464]]}},{"type":"Feature","properties":{"name":"Paraná de las Palmas","layer":"Rios y Arroyos"},"geometry":{"type":"LineString","coordinates":[[-59.28446,-33.73278],[-59.27279,-33.74447],[-59.26649,-33.75694],[-59.26684,-33.76855],[-59.26942,-33.77391],[-59.29107,-33.78466],[-59.31352,-33.78918],[-59.33353,-33.79425],[-59.3441,-33.80341],[-59.34624,-33.81309],[-59.34383,-33.82169],[-59.3373,-33.82707],[-59.32249,-33.83254],[-59.30783,-33.8319],[-59.29825,-33.83074],[-59.29343,-33.83194],[-59.29205,-33.83448],[-59.29304,-33.83886],[-59.29922,-33.84595],[-59.30331,-33.85132],[-59.30147,-33.85667],[-59.29545,-33.86254],[-59.28533,-33.86534],[-59.27479,-33.8705],[-59.26259,-33.88153],[-59.2577,-33.88867],[-59.25309,-33.89158],[-59.24587,-33.89348],[-59.24117,-33.89577],[-59.23899,-33.89785],[-59.23629,-33.90501],[-59.23404,-33.90891],[-59.2296,-33.91488],[-59.22771,-33.92067],[-59.22994,-33.92605],[-59.23664,-33.92959],[-59.24736,-33.93015],[-59.2535,-33.93136],[-59.25783,-33.93412],[-59.25945,-33.93863],[-59.25797,-33.94296],[-59.25385,-33.94657],[-59.24651,-33.94897],[-59.23436,-33.95075],[-59.22679,-33.95252],[-59.2164,-33.95205],[-59.21271,-33.95338],[-59.20988,-33.95712],[-59.20781,-33.96058],[-59.20253,-33.96241],[-59.19657,-33.9616],[-59.18713,-33.95886],[-59.18166,-33.95922],[-59.17793,-33.96236],[-59.17485,-33.97255],[-59.17152,-33.97493],[-59.16394,-33.97702],[-59.1588,-33.97922],[-59.15311,-33.98522],[-59.14232,-33.99045],[-59.13956,-33.99353],[-59.14189,-33.99731],[-59.14742,-34.00148],[-59.14615,-34.0046],[-59.1379,-34.00954],[-59.13104,-34.01287],[-59.12413,-34.01759],[-59.11026,-34.02496],[-59.10196,-34.03259],[-59.09796,-34.0396],[-59.08763,-34.04205],[-59.07465,-34.0435],[-59.06499,-34.04184],[-59.05663,-34.0395],[-59.04842,-34.0406],[-59.04148,-34.04463],[-59.03789,-34.05041],[-59.0361,-34.05756],[-59.03361,-34.06398],[-59.02649,-34.07264],[-59.01724,-34.081],[-59.01306,-34.08764],[-59.00922,-34.09859],[-59.00449,-34.10271],[-58.99606,-34.10609],[-58.98709,-34.10813],[-58.97939,-34.1115],[-58.97324,-34.11882],[-58.9716,-34.12537],[-58.97295,-34.13049],[-58.97742,-34.13285],[-58.98258,-34.13436],[-58.9843,-34.13705],[-58.98223,-34.14036],[-58.97508,-34.14593],[-58.96473,-34.15167],[-58.95586,-34.15336],[-58.94548,-34.15208],[-58.938,-34.14937],[-58.93215,-34.14923],[-58.92529,-34.1506],[-58.91608,-34.15715],[-58.91081,-34.1658],[-58.90197,-34.18306],[-58.89883,-34.18437],[-58.89244,-34.18352],[-58.88261,-34.17993],[-58.87242,-34.17818],[-58.86185,-34.17922],[-58.85447,-34.18182],[-58.84345,-34.19505],[-58.82269,-34.20924],[-58.79834,-34.22667],[-58.78611,-34.23283],[-58.77419,-34.23704],[-58.75957,-34.23935],[-58.73286,-34.24486],[-58.70971,-34.24872],[-58.69555,-34.25294],[-58.65671,-34.26374],[-58.61321,-34.27265],[-58.58336,-34.28229],[-58.54884,-34.29874],[-58.53612,-34.29986],[-58.52219,-34.29957],[-58.51152,-34.30369],[-58.49822,-34.31401],[-58.48618,-34.32304],[-58.47554,-34.32388],[-58.46402,-34.32205]]}},{"type":"Feature","properties":{"name":"Arroyo Pantanoso","layer":"Rios y Arroyos"},"geometry":{"type":"LineString","coordinates":[[-59.49009,-33.76346],[-59.49142,-33.76348],[-59.49272,-33.76312],[-59.49374,-33.76283],[-59.49501,-33.76264],[-59.49619,-33.76242],[-59.49724,-33.76261],[-59.49821,-33.763],[-59.49883,-33.7637],[-59.49936,-33.76454],[-59.50058,-33.76484],[-59.50182,-33.76483],[-59.50371,-33.76432],[-59.50706,-33.76334],[-59.50966,-33.76252],[-59.51183,-33.76188],[-59.51516,-33.76073],[-59.51631,-33.7603],[-59.51799,-33.75954],[-59.52115,-33.75783],[-59.52388,-33.7561],[-59.52697,-33.75406],[-59.53,-33.75218],[-59.53211,-33.75098],[-59.53455,-33.74952],[-59.5387,-33.74677],[-59.5419,-33.74418],[-59.54413,-33.7426],[-59.54748,-33.74047],[-59.55147,-33.73811],[-59.5559,-33.73567],[-59.55692,-33.73515],[-59.55852,-33.73471],[-59.56142,-33.7341],[-59.56397,-33.73364],[-59.566,-33.73294],[-59.5673,-33.73219],[-59.56867,-33.73106],[-59.56994,-33.72952],[-59.57028,-33.72898],[-59.57062,-33.72869]]}},{"type":"Feature","properties":{"name":"Arroyo Seco","layer":"Rios y Arroyos"},"geometry":{"type":"LineString","coordinates":[[-59.57754,-33.66389],[-59.57816,-33.66382],[-59.57852,-33.66346],[-59.57911,-33.66328],[-59.57956,-33.66349],[-59.58026,-33.66364],[-59.58158,-33.66446],[-59.58324,-33.66467],[-59.58778,-33.66671],[-59.59203,-33.66884],[-59.59505,-33.67054],[-59.59869,-33.67228]]}},{"type":"Feature","properties":{"name":"Pasaje Talavera","layer":"Rios y Arroyos"},"geometry":{"type":"LineString","coordinates":[[-59.21582,-33.81809],[-59.21037,-33.82597],[-59.20731,-33.83358],[-59.20861,-33.84635],[-59.20672,-33.85647],[-59.19936,-33.86515],[-59.18265,-33.87266],[-59.16077,-33.87847],[-59.11815,-33.8995],[-59.09101,-33.91263],[-59.05841,-33.91911],[-59.03513,-33.92543],[-59.02242,-33.93289],[-59.01365,-33.9408],[-59.00624,-33.94268],[-58.98913,-33.93939],[-58.97125,-33.93057],[-58.94354,-33.91089],[-58.93286,-33.90118],[-58.92289,-33.89348],[-58.91122,-33.88859]]}},{"type":"Feature","properties":{"name":"Arroyo Guazucito","layer":"Rios y Arroyos"},"geometry":{"type":"LineString","coordinates":[[-59.2954,-33.84579],[-59.29514,-33.84734],[-59.29417,-33.84895],[-59.29282,-33.85042],[-59.29109,-33.85146],[-59.28906,-33.85222],[-59.28663,-33.85223],[-59.2843,-33.85162],[-59.28132,-33.85038],[-59.27951,-33.84895],[-59.27731,-33.84649],[-59.27664,-33.84524],[-59.27568,-33.84338],[-59.27519,-33.84126],[-59.27525,-33.83976],[-59.27517,-33.83799],[-59.27483,-33.83632],[-59.27348,-33.83517],[-59.27042,-33.83438],[-59.26676,-33.83418],[-59.26121,-33.83475],[-59.25751,-33.83486],[-59.25515,-33.83469],[-59.25346,-33.83375],[-59.2518,-33.83241],[-59.25104,-33.83079],[-59.25097,-33.82877],[-59.2521,-33.82669],[-59.25397,-33.82395],[-59.25543,-33.82216],[-59.25584,-33.82094]]}},{"type":"Feature","properties":{"name":"Arroyo Ciego","layer":"Rios y Arroyos"},"geometry":{"type":"LineString","coordinates":[[-59.15736,-33.95667],[-59.15675,-33.95655],[-59.15631,-33.95634],[-59.15606,-33.95612],[-59.15584,-33.95585],[-59.15559,-33.9554],[-59.15519,-33.95496],[-59.15471,-33.95468],[-59.15379,-33.95429],[-59.15313,-33.95413],[-59.15231,-33.95391],[-59.15121,-33.95381],[-59.15045,-33.95392],[-59.14955,-33.95426],[-59.14859,-33.95472],[-59.14778,-33.95524],[-59.14754,-33.95532],[-59.14737,-33.95556],[-59.14703,-33.95588],[-59.14565,-33.95713],[-59.14456,-33.95808],[-59.14421,-33.95838],[-59.14349,-33.95893],[-59.14316,-33.95917],[-59.14248,-33.9596],[-59.14204,-33.95989],[-59.14138,-33.96038],[-59.14069,-33.96091],[-59.14039,-33.96118],[-59.13995,-33.96163],[-59.13909,-33.96267],[-59.13837,-33.96343],[-59.13746,-33.96419],[-59.13679,-33.96468],[-59.13606,-33.96518],[-59.13559,-33.96546],[-59.13395,-33.96648],[-59.13355,-33.96657],[-59.13313,-33.96673],[-59.13075,-33.9671],[-59.13053,-33.96715],[-59.12934,-33.96805],[-59.12908,-33.96821],[-59.12866,-33.96855],[-59.12803,-33.96899],[-59.12759,-33.96943],[-59.12737,-33.96962],[-59.12722,-33.96984],[-59.12679,-33.97049],[-59.12623,-33.97133],[-59.1258,-33.97199],[-59.12565,-33.97242],[-59.12547,-33.97272],[-59.12497,-33.97323],[-59.1246,-33.97342],[-59.12441,-33.97352],[-59.12388,-33.97367]]}},{"type":"Feature","properties":{"name":"Arroyo Negro","layer":"Rios y Arroyos"},"geometry":{"type":"LineString","coordinates":[[-59.13984,-33.99038],[-59.13871,-33.99007],[-59.13713,-33.98939],[-59.13578,-33.98868],[-59.13391,-33.98782],[-59.13124,-33.9868],[-59.13002,-33.9865],[-59.12752,-33.98618],[-59.12591,-33.98592],[-59.12501,-33.98555],[-59.12335,-33.98541],[-59.12312,-33.98524],[-59.1231,-33.98504],[-59.12347,-33.98469],[-59.12368,-33.9843],[-59.12408,-33.98298],[-59.12415,-33.98244],[-59.12415,-33.982],[-59.12435,-33.98146],[-59.12435,-33.98095],[-59.12446,-33.98064],[-59.12452,-33.98019],[-59.12449,-33.97989],[-59.12464,-33.97943],[-59.12474,-33.97817],[-59.1248,-33.97754],[-59.12464,-33.97704],[-59.12449,-33.97672],[-59.12421,-33.97572],[-59.12414,-33.97452],[-59.12394,-33.97414],[-59.12379,-33.97363],[-59.12366,-33.97331],[-59.12312,-33.9724],[-59.12265,-33.97172],[-59.12253,-33.97111],[-59.12224,-33.9709],[-59.12206,-33.97054],[-59.12157,-33.97014],[-59.12094,-33.96925],[-59.12088,-33.96871],[-59.12062,-33.96848],[-59.1202,-33.96786],[-59.11972,-33.96686],[-59.11922,-33.96634],[-59.11859,-33.96549],[-59.11821,-33.9653],[-59.11803,-33.96498],[-59.11801,-33.96475],[-59.11835,-33.96435],[-59.11842,-33.96406],[-59.11861,-33.96372],[-59.11854,-33.9635],[-59.11842,-33.96331],[-59.11847,-33.96315],[-59.11867,-33.96296],[-59.11897,-33.96218],[-59.11913,-33.96151],[-59.11953,-33.96085],[-59.11954,-33.96064],[-59.11947,-33.96047],[-59.11952,-33.96005],[-59.11958,-33.95975],[-59.11987,-33.95944],[-59.11999,-33.95907],[-59.12024,-33.95878],[-59.12033,-33.95845],[-59.1202,-33.95812],[-59.12007,-33.95789],[-59.12009,-33.95773],[-59.12046,-33.95763],[-59.12094,-33.95727],[-59.12137,-33.95697],[-59.12175,-33.95648],[-59.12186,-33.9561],[-59.12209,-33.95567],[-59.12256,-33.95493],[-59.12296,-33.95461],[-59.12313,-33.95428],[-59.12316,-33.95402],[-59.12351,-33.95349],[-59.12389,-33.95291],[-59.12417,-33.95229],[-59.12481,-33.95123],[-59.12499,-33.95074],[-59.12515,-33.95056],[-59.12535,-33.9504],[-59.12562,-33.9501],[-59.12596,-33.94983],[-59.12642,-33.94912],[-59.12695,-33.94855],[-59.12785,-33.94752],[-59.12856,-33.94681],[-59.12918,-33.94609],[-59.12938,-33.94597],[-59.12945,-33.94585]]}},{"type":"Feature","properties":{"name":"Arroyo Lechiguanas","layer":"Rios y Arroyos"},"geometry":{"type":"LineString","coordinates":[[-60.63038,-32.90802],[-60.62981,-32.90841],[-60.62896,-32.90899],[-60.62826,-32.90965],[-60.62746,-32.91048],[-60.62678,-32.91129],[-60.62629,-32.91175],[-60.62558,-32.91218],[-60.62464,-32.91264],[-60.62371,-32.91309],[-60.62256,-32.91359],[-60.6215,-32.91425],[-60.62043,-32.91483],[-60.61943,-32.91542],[-60.61896,-32.91572],[-60.61819,-32.91607],[-60.61758,-32.91685],[-60.61673,-32.91775],[-60.61592,-32.91866],[-60.6153,-32.91962],[-60.61455,-32.92033],[-60.61366,-32.92121],[-60.61262,-32.92223],[-60.60992,-32.92504],[-60.60877,-32.92629],[-60.60713,-32.92833],[-60.60623,-32.9295],[-60.60489,-32.93097],[-60.60407,-32.93171],[-60.60365,-32.9322],[-60.60345,-32.93256],[-60.60324,-32.93306],[-60.60292,-32.93459],[-60.60272,-32.93518],[-60.60238,-32.93588],[-60.60231,-32.93626],[-60.60249,-32.93654],[-60.60279,-32.93664],[-60.60362,-32.93685],[-60.60379,-32.93702],[-60.6038,-32.93725],[-60.60371,-32.93749],[-60.60329,-32.93789],[-60.60277,-32.93824],[-60.60226,-32.9386],[-60.60187,-32.93901],[-60.60149,-32.93946]]}},{"type":"Feature","properties":{"name":"Arroyo Ñacurutú","layer":"Rios y Arroyos"},"geometry":{"type":"LineString","coordinates":[[-59.02802,-34.06773],[-59.02769,-34.06614],[-59.02733,-34.06512],[-59.02634,-34.06383],[-59.02485,-34.06188],[-59.0239,-34.06063],[-59.02362,-34.0601],[-59.0239,-34.05975],[-59.02487,-34.05929],[-59.027,-34.0575],[-59.02886,-34.05578],[-59.03078,-34.05396],[-59.03208,-34.0524],[-59.03443,-34.0496],[-59.03482,-34.04866],[-59.03477,-34.04728],[-59.03458,-34.04552],[-59.0341,-34.04351],[-59.03342,-34.04197],[-59.03231,-34.04077],[-59.03063,-34.03981],[-59.02873,-34.0392],[-59.02794,-34.03934],[-59.02714,-34.03989],[-59.02502,-34.04184],[-59.02358,-34.04296],[-59.02141,-34.04395],[-59.0196,-34.04417],[-59.01767,-34.04411],[-59.01602,-34.04373],[-59.01488,-34.04297],[-59.01455,-34.04246],[-59.0141,-34.04077],[-59.01406,-34.03961],[-59.01431,-34.03746],[-59.01461,-34.0357],[-59.01528,-34.03367],[-59.01589,-34.03256],[-59.01706,-34.03183],[-59.01899,-34.0308],[-59.02121,-34.02986],[-59.02267,-34.0291],[-59.02305,-34.02837],[-59.02311,-34.02753],[-59.02309,-34.02615],[-59.02298,-34.02484],[-59.0226,-34.02312],[-59.02231,-34.02119],[-59.02238,-34.01992],[-59.0228,-34.01931],[-59.02334,-34.01884],[-59.02427,-34.01765],[-59.02635,-34.01519],[-59.02832,-34.01306],[-59.02942,-34.01211],[-59.0306,-34.01089],[-59.03117,-34.01037],[-59.03166,-34.00975],[-59.03166,-34.00935],[-59.0313,-34.00865],[-59.03113,-34.00813],[-59.03108,-34.00764],[-59.03039,-34.00628],[-59.02981,-34.00525],[-59.02948,-34.00488],[-59.02902,-34.00323],[-59.02902,-34.00181],[-59.02905,-34.00117],[-59.02941,-33.99938],[-59.02991,-33.99794],[-59.0299,-33.99648],[-59.03004,-33.99543],[-59.03034,-33.99422],[-59.03037,-33.99381],[-59.03101,-33.99338],[-59.03151,-33.99285],[-59.03194,-33.99224],[-59.03253,-33.99152],[-59.03278,-33.9914],[-59.03323,-33.99148],[-59.03403,-33.99187],[-59.03452,-33.99205],[-59.03527,-33.99213],[-59.03665,-33.99258],[-59.03705,-33.99274],[-59.03741,-33.99271],[-59.03912,-33.99305],[-59.04021,-33.99313],[-59.04125,-33.99309],[-59.04175,-33.99312],[-59.0444,-33.99283],[-59.04563,-33.9926],[-59.04734,-33.99205],[-59.04825,-33.9919],[-59.04917,-33.99143],[-59.0501,-33.99096],[-59.05056,-33.99061],[-59.05174,-33.9895],[-59.05202,-33.98925],[-59.05227,-33.98886],[-59.05244,-33.98868],[-59.05258,-33.98837],[-59.05283,-33.9881],[-59.05308,-33.9877],[-59.05322,-33.98723],[-59.05327,-33.98667],[-59.05337,-33.98636],[-59.05355,-33.98598],[-59.05365,-33.98448],[-59.05372,-33.9835],[-59.05387,-33.9832],[-59.05407,-33.98288],[-59.05409,-33.98245],[-59.05388,-33.98223],[-59.05366,-33.98196],[-59.05317,-33.98155],[-59.05261,-33.98121]]}},{"type":"Feature","properties":{"name":"Arroyo de las Botijas","layer":"Rios y Arroyos"},"geometry":{"type":"LineString","coordinates":[[-58.98633,-33.86636],[-58.9907,-33.86766],[-58.99482,-33.86899],[-58.99959,-33.87125],[-59.00126,-33.87216],[-59.00368,-33.87419],[-59.00582,-33.87707],[-59.00609,-33.87826],[-59.01024,-33.8835],[-59.01429,-33.88853],[-59.01832,-33.89173],[-59.02239,-33.8949],[-59.02561,-33.89684],[-59.03132,-33.89924],[-59.03481,-33.90029],[-59.03724,-33.90053],[-59.03991,-33.90035],[-59.04156,-33.89994],[-59.04463,-33.89849],[-59.04742,-33.89612],[-59.04859,-33.89469],[-59.0493,-33.89252],[-59.04931,-33.89064],[-59.0484,-33.88783],[-59.04659,-33.88401],[-59.04431,-33.88104],[-59.04154,-33.87767],[-59.03817,-33.87419],[-59.0357,-33.87116],[-59.03355,-33.86766],[-59.03295,-33.86638],[-59.03167,-33.86063],[-59.03062,-33.85519],[-59.03007,-33.85336],[-59.02947,-33.85194],[-59.02919,-33.84897]]}},{"type":"Feature","properties":{"name":"Arroyo Aguila Negra","layer":"Rios y Arroyos"},"geometry":{"type":"LineString","coordinates":[[-58.96079,-33.96376],[-58.96022,-33.96373],[-58.95972,-33.96367],[-58.95726,-33.96381],[-58.95578,-33.96381],[-58.95327,-33.96357],[-58.95047,-33.96313],[-58.94923,-33.96268],[-58.94622,-33.96161],[-58.94467,-33.96087],[-58.94183,-33.95977],[-58.93959,-33.95891],[-58.93833,-33.9586],[-58.93559,-33.95781],[-58.93449,-33.95767],[-58.93272,-33.95748],[-58.93188,-33.95749],[-58.92974,-33.9576],[-58.92836,-33.95764],[-58.92518,-33.95814],[-58.92273,-33.95812],[-58.92032,-33.95808],[-58.91575,-33.95806],[-58.91377,-33.95795],[-58.90844,-33.9577],[-58.90257,-33.95739],[-58.89783,-33.95716],[-58.89579,-33.95721],[-58.89469,-33.95711],[-58.8932,-33.95739],[-58.89145,-33.95771],[-58.8899,-33.95804]]}},{"type":"Feature","properties":{"name":"Rio Carabelas Grande","layer":"Rios y Arroyos"},"geometry":{"type":"LineString","coordinates":[[-58.85374,-33.95194],[-58.85572,-33.95265],[-58.85702,-33.95363],[-58.85804,-33.95464],[-58.85912,-33.95549],[-58.85983,-33.9561],[-58.86173,-33.9572],[-58.86276,-33.95752],[-58.87172,-33.95771],[-58.8799,-33.95771],[-58.88809,-33.95825],[-58.88838,-33.95847],[-58.88844,-33.95912],[-58.88926,-33.95982],[-58.89015,-33.96006],[-58.89079,-33.96039],[-58.89146,-33.96104],[-58.89167,-33.96163],[-58.89178,-33.9626],[-58.89221,-33.96319],[-58.89438,-33.96541],[-58.8946,-33.9661],[-58.89454,-33.9667],[-58.89419,-33.96721],[-58.89343,-33.96752],[-58.89281,-33.96779],[-58.89218,-33.96829],[-58.89138,-33.96915],[-58.88955,-33.97173],[-58.88942,-33.97248],[-58.88923,-33.97362],[-58.88906,-33.97445],[-58.88909,-33.97497],[-58.88934,-33.97532],[-58.8897,-33.97545],[-58.89023,-33.97542],[-58.89059,-33.97565],[-58.89098,-33.97624],[-58.89206,-33.97773],[-58.89272,-33.97814],[-58.89321,-33.97839],[-58.89374,-33.97871],[-58.89518,-33.97995],[-58.89558,-33.98032],[-58.8956,-33.98094],[-58.89521,-33.98129],[-58.8939,-33.98223],[-58.89261,-33.98272],[-58.89096,-33.9837],[-58.89006,-33.98393],[-58.88951,-33.98383],[-58.88917,-33.9837],[-58.88884,-33.98335],[-58.8885,-33.98269],[-58.88769,-33.98214],[-58.88688,-33.98206],[-58.88547,-33.98205],[-58.88263,-33.98229],[-58.88137,-33.98262],[-58.88048,-33.98319],[-58.88015,-33.9838],[-58.87945,-33.98542],[-58.87709,-33.98885],[-58.87667,-33.98989],[-58.87552,-33.99206],[-58.87485,-33.99283],[-58.87385,-33.9937],[-58.87284,-33.99426],[-58.87229,-33.9942],[-58.87179,-33.99391],[-58.87129,-33.99341],[-58.86803,-33.99265],[-58.86647,-33.99253],[-58.86533,-33.99247],[-58.86283,-33.99194],[-58.86201,-33.99202],[-58.86174,-33.9924],[-58.86166,-33.9939],[-58.86131,-33.99531],[-58.86155,-33.9959],[-58.86214,-33.99634],[-58.86413,-33.9978],[-58.8656,-33.99841],[-58.86703,-33.99979],[-58.86877,-34.00224],[-58.87034,-34.00395],[-58.87223,-34.00529],[-58.87369,-34.0065],[-58.87407,-34.00703],[-58.87442,-34.00809],[-58.87442,-34.00914],[-58.87409,-34.01083],[-58.87358,-34.01127],[-58.87265,-34.01146],[-58.8716,-34.01158],[-58.86958,-34.01216],[-58.86651,-34.01277],[-58.8629,-34.01316],[-58.86165,-34.01357],[-58.86081,-34.01415],[-58.85992,-34.01508],[-58.85982,-34.01602],[-58.85968,-34.01707],[-58.85832,-34.01958],[-58.85675,-34.02223],[-58.85595,-34.02481],[-58.85542,-34.02612],[-58.85413,-34.02801],[-58.85146,-34.03039],[-58.85041,-34.03166],[-58.8487,-34.03397],[-58.84672,-34.03612],[-58.84436,-34.0383],[-58.8419,-34.04106],[-58.84112,-34.04224],[-58.84027,-34.04316],[-58.83928,-34.04379],[-58.83788,-34.04438],[-58.83404,-34.04609],[-58.83316,-34.0466],[-58.83268,-34.04724],[-58.83259,-34.04793],[-58.83289,-34.04952],[-58.83287,-34.05137],[-58.83341,-34.0528],[-58.83413,-34.05401],[-58.83511,-34.05642],[-58.8354,-34.05837],[-58.83508,-34.05893],[-58.83446,-34.05906],[-58.83357,-34.05907],[-58.83268,-34.05942],[-58.83148,-34.05961],[-58.83033,-34.05958],[-58.82801,-34.05931],[-58.82519,-34.05906],[-58.82292,-34.05899],[-58.82131,-34.05921],[-58.82059,-34.05958],[-58.81985,-34.06091],[-58.81789,-34.06362],[-58.81688,-34.06539],[-58.8158,-34.06685],[-58.81513,-34.06725],[-58.81289,-34.06778],[-58.80932,-34.06845],[-58.80635,-34.069],[-58.80499,-34.06932],[-58.80304,-34.07014],[-58.79979,-34.07164],[-58.79902,-34.0722],[-58.79726,-34.0748],[-58.79492,-34.07824],[-58.79501,-34.0787],[-58.79556,-34.07904],[-58.79688,-34.07921],[-58.79943,-34.07944],[-58.8014,-34.0798],[-58.80274,-34.08018],[-58.8037,-34.08052],[-58.80455,-34.08126],[-58.80493,-34.08382],[-58.80487,-34.08664],[-58.80461,-34.08826],[-58.80408,-34.08934],[-58.80143,-34.09205],[-58.79775,-34.09553],[-58.79462,-34.09788],[-58.79288,-34.09915],[-58.7904,-34.10191],[-58.78746,-34.10577],[-58.78031,-34.11281],[-58.77374,-34.11933],[-58.77045,-34.12221],[-58.76721,-34.12441],[-58.76516,-34.12563],[-58.76402,-34.12697],[-58.76444,-34.12782],[-58.76667,-34.12982],[-58.76793,-34.13074],[-58.7684,-34.13195],[-58.76756,-34.13401],[-58.76605,-34.13993],[-58.7649,-34.14374],[-58.76458,-34.14452],[-58.76193,-34.14865],[-58.75959,-34.15117],[-58.75684,-34.15264],[-58.75412,-34.15345],[-58.74968,-34.15398],[-58.74706,-34.15459],[-58.74665,-34.1558],[-58.7468,-34.15898],[-58.74733,-34.16168],[-58.74744,-34.16328],[-58.74721,-34.16526],[-58.74647,-34.16593],[-58.74127,-34.16732],[-58.7361,-34.16826],[-58.73013,-34.16907],[-58.72593,-34.16896],[-58.72134,-34.1683],[-58.71938,-34.16835],[-58.71679,-34.16876],[-58.71041,-34.17044],[-58.70726,-34.17115],[-58.70589,-34.17134],[-58.69681,-34.17193],[-58.69362,-34.17212],[-58.69185,-34.17214],[-58.69154,-34.17238],[-58.69163,-34.17287],[-58.69228,-34.17404],[-58.69296,-34.17589],[-58.69322,-34.17749],[-58.69362,-34.18155],[-58.69394,-34.18283],[-58.69511,-34.1867],[-58.69521,-34.18796],[-58.69497,-34.1901],[-58.69427,-34.19209],[-58.69399,-34.1946],[-58.69396,-34.19675],[-58.69427,-34.19974],[-58.69489,-34.20154],[-58.6964,-34.20438],[-58.69761,-34.20694],[-58.69933,-34.21043],[-58.70178,-34.21336],[-58.70436,-34.21525],[-58.70793,-34.2173],[-58.71046,-34.21863],[-58.7111,-34.21952],[-58.71117,-34.22077],[-58.71005,-34.22491],[-58.70951,-34.22848],[-58.70961,-34.23018],[-58.71011,-34.23266],[-58.71094,-34.23632],[-58.71129,-34.23858],[-58.71172,-34.24237],[-58.71166,-34.24601]]}},{"type":"Feature","properties":{"name":"Arroyo Mikler","layer":"Rios y Arroyos"},"geometry":{"type":"LineString","coordinates":[[-58.60699,-34.1666],[-58.60792,-34.16614],[-58.60887,-34.16564],[-58.60986,-34.16516],[-58.61064,-34.16474],[-58.61143,-34.16391],[-58.61204,-34.1628],[-58.61255,-34.16156],[-58.61274,-34.16067],[-58.61278,-34.15993],[-58.61306,-34.15902],[-58.61342,-34.1582],[-58.61367,-34.15745],[-58.61353,-34.15683],[-58.61319,-34.15635],[-58.61229,-34.1553],[-58.61197,-34.15497],[-58.61155,-34.15477],[-58.61106,-34.15438],[-58.6108,-34.15403],[-58.61076,-34.1538],[-58.6109,-34.15357],[-58.61157,-34.15323],[-58.61219,-34.15285],[-58.61284,-34.15259],[-58.61307,-34.15223],[-58.61323,-34.15142],[-58.61333,-34.151],[-58.61355,-34.15058],[-58.61358,-34.15003],[-58.61348,-34.14942],[-58.61344,-34.14895],[-58.61344,-34.148],[-58.61343,-34.14724],[-58.61327,-34.14681],[-58.61301,-34.14584],[-58.61271,-34.14498],[-58.61248,-34.14455],[-58.61131,-34.14318],[-58.61061,-34.14249],[-58.61009,-34.14204],[-58.60981,-34.14149],[-58.60968,-34.14059],[-58.60972,-34.14],[-58.60992,-34.1387],[-58.61012,-34.13784],[-58.61008,-34.13728],[-58.60993,-34.13614],[-58.60983,-34.13452],[-58.60972,-34.13308],[-58.60997,-34.13274],[-58.6106,-34.13248],[-58.61419,-34.13135]]}},{"type":"Feature","properties":{"name":"Arroyo Grande","layer":"Rios y Arroyos"},"geometry":{"type":"LineString","coordinates":[[-58.62582,-34.16743],[-58.62589,-34.16682],[-58.62631,-34.16589],[-58.62606,-34.16417],[-58.62597,-34.16166],[-58.6257,-34.16112],[-58.62569,-34.16066],[-58.62591,-34.16004],[-58.62638,-34.15936],[-58.62739,-34.15867],[-58.62833,-34.15774],[-58.62952,-34.15583],[-58.62994,-34.15448],[-58.6298,-34.15345],[-58.62945,-34.15276],[-58.62826,-34.15112],[-58.62674,-34.14961],[-58.62614,-34.149],[-58.62587,-34.1485],[-58.62573,-34.14802],[-58.62573,-34.14611],[-58.62581,-34.14509],[-58.62587,-34.14356],[-58.62557,-34.14267],[-58.62489,-34.14176],[-58.62316,-34.13974],[-58.62166,-34.13733],[-58.61987,-34.13493],[-58.61832,-34.13286],[-58.61616,-34.13188],[-58.61453,-34.13131],[-58.61405,-34.1309],[-58.61348,-34.12983],[-58.61324,-34.12835],[-58.61258,-34.12672],[-58.61183,-34.12549],[-58.61015,-34.12393],[-58.609,-34.12292],[-58.60798,-34.12151],[-58.60759,-34.12049],[-58.60743,-34.11898],[-58.60707,-34.11749],[-58.60626,-34.11618],[-58.6051,-34.11511],[-58.60388,-34.11379],[-58.60306,-34.11243],[-58.60177,-34.10977],[-58.60078,-34.10742],[-58.60032,-34.10653],[-58.59906,-34.10491],[-58.59847,-34.10427],[-58.59784,-34.10397],[-58.59681,-34.10386],[-58.59629,-34.10381],[-58.59588,-34.10345],[-58.59571,-34.103],[-58.5957,-34.10233],[-58.59605,-34.10139],[-58.59722,-34.0986],[-58.59752,-34.09776],[-58.59807,-34.09515],[-58.59829,-34.09264],[-58.59813,-34.09137],[-58.59664,-34.0883],[-58.59553,-34.08625],[-58.59514,-34.08522],[-58.595,-34.08409],[-58.59451,-34.08207],[-58.59458,-34.08149],[-58.59475,-34.08051],[-58.5947,-34.07991],[-58.59439,-34.07929],[-58.59277,-34.07746],[-58.5923,-34.07703],[-58.59138,-34.07659],[-58.58922,-34.07552]]}},{"type":"Feature","properties":{"name":"Rio Paraná Miní","layer":"Rios y Arroyos"},"geometry":{"type":"LineString","coordinates":[[-58.60855,-34.04136],[-58.60872,-34.05031],[-58.60446,-34.05532],[-58.60389,-34.05703],[-58.60605,-34.06208],[-58.60553,-34.06404],[-58.60454,-34.06514],[-58.60115,-34.06627],[-58.59745,-34.06701],[-58.59391,-34.06961],[-58.58773,-34.07623],[-58.58413,-34.08118],[-58.58013,-34.08586],[-58.57682,-34.09132],[-58.57469,-34.10001],[-58.57319,-34.10478],[-58.5728,-34.11188],[-58.57382,-34.11645],[-58.57636,-34.12128],[-58.57973,-34.12531],[-58.58388,-34.13026],[-58.5855,-34.13372],[-58.58541,-34.13683],[-58.58319,-34.14037],[-58.5792,-34.14343],[-58.57527,-34.14361],[-58.57169,-34.1431],[-58.56889,-34.14356],[-58.56443,-34.14506],[-58.55896,-34.14784],[-58.54985,-34.15138],[-58.54427,-34.15322],[-58.54015,-34.15367],[-58.53493,-34.1532],[-58.52669,-34.1514],[-58.52105,-34.15097],[-58.51824,-34.15157],[-58.5171,-34.1532],[-58.51758,-34.1561],[-58.51882,-34.15922],[-58.5192,-34.16375],[-58.51761,-34.16714],[-58.51533,-34.16992],[-58.51143,-34.17471],[-58.5069,-34.17964],[-58.49881,-34.18585],[-58.49042,-34.19103],[-58.48206,-34.19552],[-58.47861,-34.19819],[-58.46717,-34.20752],[-58.45904,-34.2137],[-58.45405,-34.21708],[-58.44871,-34.21963],[-58.43483,-34.22271],[-58.41725,-34.22659],[-58.40836,-34.22862],[-58.39995,-34.22965],[-58.3879,-34.2343]]}},{"type":"Feature","properties":{"name":"Horqueta del Arroyo Grande","layer":"Rios y Arroyos"},"geometry":{"type":"LineString","coordinates":[[-58.61827,-34.13273],[-58.61856,-34.13174],[-58.61883,-34.13058],[-58.61899,-34.12882],[-58.61871,-34.12808],[-58.61828,-34.12742],[-58.61774,-34.12613],[-58.61703,-34.12481],[-58.61636,-34.1233],[-58.61619,-34.12259],[-58.6155,-34.12123],[-58.61485,-34.12062],[-58.61457,-34.11932],[-58.61423,-34.1183],[-58.61428,-34.11795],[-58.61462,-34.11746],[-58.61554,-34.11657],[-58.61627,-34.11626],[-58.61699,-34.11606],[-58.61772,-34.11592],[-58.61817,-34.11587],[-58.61851,-34.11591],[-58.61986,-34.11586],[-58.62104,-34.11586],[-58.62194,-34.11617],[-58.62222,-34.11644],[-58.62239,-34.11685],[-58.62258,-34.117],[-58.62312,-34.11717],[-58.62383,-34.11724],[-58.62501,-34.1173],[-58.62745,-34.11755],[-58.62856,-34.11759],[-58.62917,-34.11746],[-58.63065,-34.11724],[-58.63144,-34.11698],[-58.63227,-34.11611],[-58.63301,-34.1155]]}},{"type":"Feature","properties":{"name":"Arroyo Pay Carabi","layer":"Rios y Arroyos"},"geometry":{"type":"LineString","coordinates":[[-58.60619,-34.16722],[-58.60399,-34.16741],[-58.60189,-34.16775],[-58.60018,-34.16827],[-58.59817,-34.16895],[-58.59701,-34.16962],[-58.59604,-34.17056],[-58.59469,-34.172],[-58.59345,-34.17412],[-58.59337,-34.17495],[-58.59348,-34.17588],[-58.59408,-34.1771],[-58.59502,-34.17836],[-58.59683,-34.18075],[-58.59771,-34.18191],[-58.59872,-34.1827],[-58.5998,-34.18423],[-58.60101,-34.1864],[-58.60172,-34.18817],[-58.60244,-34.19006],[-58.60299,-34.19085],[-58.60448,-34.19251],[-58.60661,-34.19432],[-58.6076,-34.19514],[-58.60847,-34.19648],[-58.60922,-34.19769],[-58.60865,-34.19887],[-58.60762,-34.20004],[-58.60645,-34.20152],[-58.60599,-34.20244],[-58.60573,-34.20358],[-58.60562,-34.20527],[-58.60537,-34.20666],[-58.60492,-34.20782],[-58.60387,-34.20923],[-58.6028,-34.21038],[-58.6018,-34.21175],[-58.60074,-34.21388],[-58.60038,-34.21511],[-58.60022,-34.21709],[-58.60037,-34.2186],[-58.60059,-34.22156],[-58.60049,-34.22205],[-58.59997,-34.22236],[-58.59671,-34.22402],[-58.59463,-34.2249],[-58.59372,-34.22511],[-58.59353,-34.22537],[-58.59354,-34.2261],[-58.59345,-34.22848],[-58.5938,-34.23083],[-58.59401,-34.23199],[-58.59556,-34.23547],[-58.59654,-34.23833],[-58.59737,-34.24097],[-58.59769,-34.24257],[-58.59758,-34.24361],[-58.59669,-34.24582],[-58.59567,-34.24822],[-58.59459,-34.24927],[-58.5931,-34.24979],[-58.59172,-34.24973],[-58.5906,-34.24946],[-58.58953,-34.24915],[-58.58711,-34.24949],[-58.58532,-34.24977],[-58.58411,-34.24988],[-58.58246,-34.25019],[-58.58029,-34.2507],[-58.57934,-34.25077],[-58.57842,-34.25112],[-58.57786,-34.25167],[-58.57691,-34.25312],[-58.57704,-34.2536],[-58.57744,-34.25399],[-58.57824,-34.25453],[-58.5788,-34.25502],[-58.57903,-34.25557],[-58.57911,-34.2562],[-58.57906,-34.25641],[-58.57933,-34.25696],[-58.58046,-34.25777],[-58.58159,-34.2582],[-58.58199,-34.25862],[-58.58188,-34.26019],[-58.58152,-34.26174],[-58.58093,-34.2626],[-58.57944,-34.26391],[-58.57936,-34.26536],[-58.57953,-34.26629],[-58.58051,-34.26807],[-58.58266,-34.27057],[-58.58412,-34.27152],[-58.58651,-34.27339],[-58.58756,-34.27458],[-58.58788,-34.27598]]}},{"type":"Feature","properties":{"name":"Arroyo Pacifico","layer":"Rios y Arroyos"},"geometry":{"type":"LineString","coordinates":[[-58.68155,-34.17174],[-58.68177,-34.17267],[-58.68208,-34.17373],[-58.68248,-34.17486],[-58.68285,-34.17594],[-58.68293,-34.17668],[-58.68285,-34.17759],[-58.68273,-34.17826],[-58.68223,-34.17936],[-58.68162,-34.18015],[-58.68093,-34.18101],[-58.67994,-34.18226],[-58.67921,-34.18313],[-58.67831,-34.18451],[-58.67729,-34.18602],[-58.67636,-34.1872],[-58.67536,-34.18819],[-58.67377,-34.18958],[-58.67247,-34.19074],[-58.67174,-34.19141],[-58.67101,-34.19241],[-58.67034,-34.19368],[-58.66997,-34.19484],[-58.66948,-34.19628],[-58.6692,-34.19725],[-58.66898,-34.19808],[-58.66851,-34.1996],[-58.66831,-34.20056],[-58.66811,-34.20185],[-58.66801,-34.20241],[-58.66786,-34.20495],[-58.66774,-34.20624],[-58.66754,-34.20748],[-58.66701,-34.20842],[-58.66607,-34.20929],[-58.66478,-34.2101],[-58.6637,-34.21067],[-58.66317,-34.21124],[-58.66274,-34.21211],[-58.66273,-34.21288],[-58.66305,-34.21371],[-58.66342,-34.21453],[-58.66419,-34.21567],[-58.66507,-34.21681],[-58.66532,-34.21728],[-58.66544,-34.21786],[-58.66536,-34.21894],[-58.66512,-34.22014],[-58.66484,-34.22085],[-58.66447,-34.22116],[-58.66392,-34.22132],[-58.663,-34.22127],[-58.6619,-34.22118],[-58.66154,-34.22124],[-58.66131,-34.22156],[-58.66057,-34.22258],[-58.66039,-34.22294],[-58.66043,-34.2233],[-58.66062,-34.22377],[-58.66091,-34.22431],[-58.66166,-34.22512],[-58.66224,-34.22567],[-58.66294,-34.22611],[-58.66305,-34.2264],[-58.6629,-34.22718],[-58.66262,-34.22748],[-58.66245,-34.22799],[-58.66248,-34.2285],[-58.66268,-34.22893],[-58.66334,-34.22975],[-58.66354,-34.23019],[-58.66388,-34.23176],[-58.66384,-34.23207],[-58.66359,-34.2323],[-58.66328,-34.23239],[-58.66297,-34.23228],[-58.66191,-34.23168],[-58.66146,-34.23157],[-58.66098,-34.23153],[-58.66072,-34.23161],[-58.66052,-34.23187],[-58.66039,-34.23238],[-58.66011,-34.23302],[-58.66007,-34.23335],[-58.6602,-34.23371],[-58.66044,-34.23389],[-58.66095,-34.23403],[-58.66154,-34.23416],[-58.66194,-34.23437],[-58.66208,-34.23478],[-58.6621,-34.23531],[-58.66204,-34.23632],[-58.66204,-34.23721],[-58.66183,-34.23767],[-58.6614,-34.23806],[-58.66099,-34.23837],[-58.66076,-34.23866],[-58.66074,-34.23902],[-58.66101,-34.23962],[-58.6612,-34.24003],[-58.66116,-34.24033],[-58.66081,-34.2406],[-58.66018,-34.24088],[-58.65935,-34.24119],[-58.65884,-34.24126],[-58.65842,-34.24132],[-58.658,-34.24163],[-58.65771,-34.24204],[-58.65765,-34.24253],[-58.6578,-34.24287],[-58.65813,-34.24305],[-58.65841,-34.24331],[-58.65848,-34.24368],[-58.6583,-34.24455],[-58.65779,-34.2455],[-58.65753,-34.24612],[-58.65746,-34.24714],[-58.6572,-34.24893],[-58.65712,-34.24974],[-58.65658,-34.25021],[-58.65603,-34.25051],[-58.65503,-34.25077],[-58.65406,-34.25098],[-58.65322,-34.25106],[-58.65234,-34.25118],[-58.65095,-34.25118],[-58.64969,-34.25127],[-58.64844,-34.25148],[-58.64719,-34.25183],[-58.64658,-34.25213],[-58.64581,-34.25277],[-58.64517,-34.25362],[-58.64493,-34.2543],[-58.64515,-34.25494],[-58.64516,-34.25528],[-58.64485,-34.256],[-58.64462,-34.25653]]}},{"type":"Feature","properties":{"name":"Arroyo Lechiguanitas (Tapiado)","layer":"Rios y Arroyos"},"geometry":{"type":"LineString","coordinates":[[-60.61818,-32.91585],[-60.61813,-32.91576],[-60.61814,-32.91562],[-60.61823,-32.91544],[-60.61844,-32.91508],[-60.61857,-32.91475],[-60.61874,-32.91437],[-60.61897,-32.91388],[-60.61934,-32.91303],[-60.61957,-32.91254],[-60.61995,-32.91185],[-60.62042,-32.91085],[-60.62058,-32.91034],[-60.62063,-32.90971],[-60.62053,-32.90894],[-60.62037,-32.90819],[-60.62047,-32.90734],[-60.62058,-32.90649],[-60.62021,-32.90577],[-60.6196,-32.90484],[-60.61909,-32.90397],[-60.61811,-32.90278],[-60.61744,-32.90181],[-60.61696,-32.90071],[-60.61658,-32.89924],[-60.6162,-32.89691],[-60.61603,-32.89517],[-60.61625,-32.89402],[-60.61696,-32.89267],[-60.61804,-32.89088],[-60.61911,-32.88944]]}},{"type":"Feature","properties":{"name":"Arroyo Pay Carabicito","layer":"Rios y Arroyos"},"geometry":{"type":"LineString","coordinates":[[-58.56447,-34.14594],[-58.56543,-34.14622],[-58.56638,-34.14632],[-58.56723,-34.14623],[-58.5678,-34.14622],[-58.56889,-34.14651],[-58.56983,-34.14689],[-58.57053,-34.14744],[-58.57119,-34.14837],[-58.57209,-34.14952],[-58.57299,-34.15082],[-58.57386,-34.15223],[-58.57529,-34.15392],[-58.57664,-34.15546],[-58.57796,-34.15687],[-58.5795,-34.15846],[-58.58057,-34.15942],[-58.58126,-34.15998],[-58.5824,-34.16085],[-58.58283,-34.16155],[-58.58362,-34.16282],[-58.58395,-34.16345],[-58.5848,-34.16516],[-58.58565,-34.16659],[-58.58645,-34.16799],[-58.58715,-34.169],[-58.58787,-34.17023],[-58.58828,-34.17124],[-58.58839,-34.17164],[-58.58874,-34.17191],[-58.58956,-34.17224],[-58.59326,-34.17393]]}},{"type":"Feature","properties":{"name":"Arroyo Negro","layer":"Rios y Arroyos"},"geometry":{"type":"LineString","coordinates":[[-58.64914,-34.18901],[-58.6481,-34.18934],[-58.64725,-34.18971],[-58.64634,-34.19003],[-58.64576,-34.19038],[-58.64543,-34.19062],[-58.64511,-34.19118],[-58.64487,-34.19201],[-58.64466,-34.19305],[-58.6443,-34.19412],[-58.64402,-34.19473],[-58.64391,-34.19505],[-58.6441,-34.19551],[-58.6446,-34.19631],[-58.6451,-34.19697],[-58.64575,-34.19796],[-58.64717,-34.19936],[-58.64743,-34.19966],[-58.64803,-34.20052],[-58.64855,-34.2013],[-58.64914,-34.20242],[-58.6494,-34.20293],[-58.64938,-34.20309],[-58.64902,-34.20345],[-58.64817,-34.20407],[-58.64749,-34.20448],[-58.64709,-34.20482],[-58.64679,-34.20533],[-58.64645,-34.20624],[-58.64608,-34.20669],[-58.64554,-34.20695],[-58.64495,-34.2069],[-58.64444,-34.20675],[-58.64408,-34.20684],[-58.64339,-34.20723],[-58.64268,-34.20778],[-58.64179,-34.20846],[-58.64101,-34.20884],[-58.64018,-34.20915],[-58.63988,-34.20928],[-58.63972,-34.20949],[-58.63963,-34.2099],[-58.63967,-34.21046],[-58.63982,-34.21093],[-58.64056,-34.21262],[-58.64078,-34.21326],[-58.64115,-34.21396],[-58.64166,-34.21461],[-58.64218,-34.21513],[-58.64224,-34.2153],[-58.64205,-34.21555],[-58.64158,-34.2159]]}},{"type":"Feature","properties":{"name":"Arroyo del Ciervo","layer":"Rios y Arroyos"},"geometry":{"type":"LineString","coordinates":[[-58.65417,-34.19058],[-58.65377,-34.19099],[-58.65362,-34.19129],[-58.65359,-34.19169],[-58.65366,-34.19231],[-58.65373,-34.19293],[-58.65369,-34.19333],[-58.6537,-34.19359],[-58.65389,-34.19387],[-58.65382,-34.19402],[-58.65364,-34.19429],[-58.65352,-34.19458],[-58.65343,-34.1949],[-58.65353,-34.19522],[-58.6537,-34.19547],[-58.65415,-34.19585],[-58.65434,-34.19603],[-58.65434,-34.19618],[-58.65426,-34.19666],[-58.65528,-34.19805],[-58.65533,-34.19826],[-58.65516,-34.19863],[-58.65466,-34.19942],[-58.65458,-34.1996],[-58.6544,-34.20024],[-58.65473,-34.20068],[-58.65503,-34.20089],[-58.65526,-34.20117],[-58.65555,-34.20172],[-58.65567,-34.20194],[-58.65558,-34.20254],[-58.65556,-34.20283],[-58.6556,-34.20343],[-58.65556,-34.20364],[-58.6554,-34.20384],[-58.6551,-34.20413],[-58.65474,-34.20433],[-58.65432,-34.20451],[-58.65385,-34.20467],[-58.65305,-34.20492],[-58.65278,-34.20505],[-58.65245,-34.20526],[-58.65206,-34.20547],[-58.6519,-34.20554],[-58.65156,-34.2056],[-58.65141,-34.20569],[-58.65123,-34.20592],[-58.65103,-34.20635],[-58.65101,-34.20669],[-58.65105,-34.20714],[-58.65118,-34.20746],[-58.6514,-34.2078],[-58.65167,-34.20811],[-58.65198,-34.2085],[-58.65216,-34.20884],[-58.65228,-34.20909],[-58.65246,-34.20926],[-58.65237,-34.20939],[-58.65185,-34.21],[-58.6516,-34.21019],[-58.65082,-34.21072],[-58.65042,-34.21091],[-58.65018,-34.21101],[-58.64961,-34.21097],[-58.64942,-34.21102],[-58.64931,-34.21115],[-58.64928,-34.21135],[-58.64927,-34.21221],[-58.64938,-34.21239],[-58.64955,-34.21255],[-58.64984,-34.21275],[-58.6504,-34.21304],[-58.65063,-34.21322],[-58.65092,-34.21357],[-58.65124,-34.21408],[-58.65165,-34.21447],[-58.65208,-34.21488],[-58.65232,-34.21506],[-58.6524,-34.21522],[-58.65228,-34.21548],[-58.65215,-34.21579],[-58.65197,-34.21615],[-58.65176,-34.21641],[-58.65148,-34.21664],[-58.65123,-34.21682],[-58.65112,-34.21698],[-58.65103,-34.21722],[-58.65091,-34.21737],[-58.65074,-34.21743],[-58.65039,-34.21746],[-58.65,-34.21746],[-58.64949,-34.2174],[-58.64892,-34.21727],[-58.64853,-34.2172],[-58.64806,-34.21714],[-58.64766,-34.21704],[-58.64718,-34.21686],[-58.64677,-34.21661],[-58.64648,-34.2164],[-58.64615,-34.21625],[-58.64574,-34.21618],[-58.64525,-34.21613],[-58.64481,-34.21628]]}},{"type":"Feature","properties":{"name":"Arroyo Nutria","layer":"Rios y Arroyos"},"geometry":{"type":"LineString","coordinates":[[-58.6475,-34.16636],[-58.64735,-34.16735],[-58.64743,-34.16769],[-58.64778,-34.16799],[-58.6482,-34.16844],[-58.64838,-34.1689],[-58.64824,-34.16924],[-58.64766,-34.16972],[-58.64733,-34.17026],[-58.64693,-34.17111],[-58.64653,-34.17213],[-58.6461,-34.17311],[-58.6458,-34.17401],[-58.64548,-34.17516],[-58.64521,-34.17627],[-58.645,-34.17755],[-58.64505,-34.17859],[-58.64534,-34.18041],[-58.64536,-34.18147],[-58.64508,-34.18212],[-58.64456,-34.18272],[-58.64374,-34.18305],[-58.64268,-34.18335],[-58.64184,-34.18349],[-58.64092,-34.18359],[-58.63999,-34.18392],[-58.63875,-34.18447],[-58.63776,-34.1851],[-58.6373,-34.18574],[-58.63708,-34.18606]]}},{"type":"Feature","properties":{"name":"Arroyo Rico","layer":"Rios y Arroyos"},"geometry":{"type":"LineString","coordinates":[[-58.62911,-34.22208],[-58.62924,-34.22145],[-58.62936,-34.22084],[-58.62997,-34.22006],[-58.63106,-34.21892],[-58.63146,-34.21867],[-58.6323,-34.21874],[-58.63316,-34.21864],[-58.63355,-34.21841],[-58.63364,-34.21816],[-58.63306,-34.21673],[-58.6328,-34.21598],[-58.6328,-34.2153],[-58.63307,-34.21408],[-58.63358,-34.21313],[-58.6343,-34.21232],[-58.63558,-34.21115],[-58.63573,-34.21083],[-58.63567,-34.21053],[-58.63538,-34.21031],[-58.63502,-34.20983],[-58.63481,-34.20911],[-58.63481,-34.20832],[-58.63502,-34.20764],[-58.6352,-34.20701],[-58.63517,-34.20652],[-58.63501,-34.20615],[-58.63448,-34.20563],[-58.63378,-34.20493],[-58.63317,-34.20419],[-58.63264,-34.20342],[-58.63222,-34.20234],[-58.63193,-34.20172],[-58.63176,-34.20144],[-58.63161,-34.20133],[-58.63142,-34.20135],[-58.63105,-34.20146],[-58.63055,-34.20161],[-58.63008,-34.20166],[-58.62975,-34.20162],[-58.62946,-34.20145],[-58.62928,-34.20106],[-58.6291,-34.20023],[-58.62904,-34.19978],[-58.62908,-34.19946],[-58.62931,-34.19881],[-58.62953,-34.19803],[-58.62967,-34.19716],[-58.62971,-34.19653],[-58.62962,-34.19617],[-58.62935,-34.19547],[-58.62928,-34.19514],[-58.62938,-34.19449],[-58.6297,-34.19299],[-58.62988,-34.19266],[-58.63025,-34.1923],[-58.63183,-34.19125],[-58.63319,-34.19053],[-58.6339,-34.19023],[-58.63474,-34.18999],[-58.63542,-34.18961],[-58.63603,-34.18871],[-58.63644,-34.18784],[-58.63694,-34.18655],[-58.63702,-34.18616],[-58.63697,-34.18564]]}},{"type":"Feature","properties":{"name":"Arroyo Toledo","layer":"Rios y Arroyos"},"geometry":{"type":"LineString","coordinates":[[-58.66267,-34.25895],[-58.66287,-34.25362],[-58.66315,-34.25316],[-58.66414,-34.25216],[-58.66472,-34.25149],[-58.66537,-34.25109],[-58.66618,-34.25015],[-58.66651,-34.24842],[-58.66681,-34.24729],[-58.66675,-34.24691],[-58.66695,-34.24653],[-58.66764,-34.2463],[-58.66857,-34.24605],[-58.67281,-34.24537],[-58.67319,-34.24507],[-58.67354,-34.24384],[-58.67386,-34.24336],[-58.67393,-34.24297],[-58.67344,-34.24227],[-58.67346,-34.24193],[-58.67395,-34.24115],[-58.67464,-34.24018],[-58.675,-34.23925],[-58.67507,-34.23815],[-58.67505,-34.2371],[-58.67543,-34.23631],[-58.67604,-34.23572],[-58.67689,-34.2356],[-58.67812,-34.23572],[-58.6793,-34.23587],[-58.67992,-34.23556],[-58.68067,-34.23485],[-58.68123,-34.23431],[-58.68144,-34.23388],[-58.68129,-34.23346],[-58.68075,-34.23291],[-58.68046,-34.2324],[-58.68065,-34.23173],[-58.68093,-34.23115],[-58.68094,-34.23071],[-58.68054,-34.22982],[-58.68011,-34.22872],[-58.67995,-34.22771],[-58.67994,-34.22702],[-58.6795,-34.22643],[-58.67856,-34.22569],[-58.67835,-34.22533],[-58.67824,-34.22445],[-58.67803,-34.22281],[-58.67844,-34.22094],[-58.67869,-34.21944],[-58.67907,-34.21768],[-58.6794,-34.21695],[-58.67937,-34.2155],[-58.67927,-34.21456],[-58.67952,-34.21431],[-58.68026,-34.21424],[-58.68121,-34.21402],[-58.68198,-34.21372],[-58.68259,-34.21379],[-58.68352,-34.21405],[-58.68411,-34.21406],[-58.6846,-34.21377],[-58.68487,-34.21329],[-58.68486,-34.2129],[-58.68444,-34.2124],[-58.68395,-34.2116],[-58.68368,-34.2109],[-58.68344,-34.21036],[-58.68254,-34.20896],[-58.6822,-34.20834],[-58.68187,-34.20752],[-58.68182,-34.20712],[-58.68262,-34.20651],[-58.6837,-34.20614],[-58.68482,-34.20596],[-58.68534,-34.20588],[-58.68591,-34.20574],[-58.68682,-34.20582],[-58.68784,-34.2058],[-58.68877,-34.2057],[-58.68973,-34.20555],[-58.69016,-34.2053],[-58.69065,-34.20457],[-58.69105,-34.20408],[-58.6919,-34.20347],[-58.69311,-34.20271],[-58.69456,-34.20181]]}},{"type":"Feature","properties":{"name":"Arroyo Durazno","layer":"Rios y Arroyos"},"geometry":{"type":"LineString","coordinates":[[-58.64419,-34.25832],[-58.64075,-34.25786],[-58.63788,-34.25735],[-58.63594,-34.2571],[-58.63445,-34.25675],[-58.63293,-34.25598],[-58.63075,-34.25507],[-58.62801,-34.25439],[-58.62629,-34.25428],[-58.6249,-34.25444],[-58.62372,-34.25444],[-58.62233,-34.25466],[-58.62054,-34.25495],[-58.6191,-34.25458],[-58.61736,-34.25402],[-58.61639,-34.25386],[-58.61532,-34.25398],[-58.61445,-34.25379],[-58.61263,-34.25287],[-58.61085,-34.25199],[-58.60998,-34.25158],[-58.609,-34.25163],[-58.6078,-34.25172],[-58.60652,-34.25203],[-58.60439,-34.25254],[-58.60288,-34.25291],[-58.6027,-34.25314],[-58.60288,-34.25353],[-58.60406,-34.25589],[-58.60451,-34.2566],[-58.6045,-34.25723],[-58.60429,-34.25803],[-58.60376,-34.25917],[-58.60356,-34.26013],[-58.6031,-34.26076],[-58.60245,-34.26132],[-58.60165,-34.26175],[-58.60071,-34.2619],[-58.60037,-34.2618],[-58.60002,-34.26205],[-58.59915,-34.26275],[-58.59859,-34.26367],[-58.59794,-34.26461],[-58.59765,-34.26541],[-58.5976,-34.2663],[-58.59741,-34.26701],[-58.59675,-34.26773],[-58.59566,-34.26834],[-58.59346,-34.26931],[-58.59293,-34.26941],[-58.59236,-34.26934],[-58.59136,-34.26896],[-58.5902,-34.26832],[-58.58941,-34.26806],[-58.58855,-34.26795],[-58.58743,-34.26801],[-58.58547,-34.26832],[-58.58485,-34.2683],[-58.58329,-34.26788],[-58.58053,-34.2672]]}},{"type":"Feature","properties":{"name":"Arroyo Las Piedras","layer":"Rios y Arroyos"},"geometry":{"type":"LineString","coordinates":[[-58.78486,-34.17654],[-58.78595,-34.17637],[-58.78715,-34.17681],[-58.7884,-34.17724],[-58.78984,-34.17755],[-58.79192,-34.17803],[-58.79328,-34.17816],[-58.79426,-34.17818],[-58.79513,-34.17805],[-58.796,-34.17765],[-58.79662,-34.17734],[-58.79706,-34.17715],[-58.79736,-34.17712],[-58.79767,-34.17726],[-58.79798,-34.17754],[-58.79915,-34.1781],[-58.79969,-34.1782],[-58.80017,-34.17829],[-58.8009,-34.17827],[-58.80167,-34.17816],[-58.80215,-34.17811],[-58.80275,-34.17804],[-58.80324,-34.17802],[-58.80375,-34.17811],[-58.80395,-34.17801],[-58.80411,-34.17783],[-58.80423,-34.17743],[-58.8043,-34.17698],[-58.80436,-34.17645],[-58.80446,-34.17601],[-58.80462,-34.17556],[-58.80483,-34.17511],[-58.80515,-34.17459],[-58.80542,-34.17419],[-58.80582,-34.17343],[-58.80596,-34.17265],[-58.80612,-34.17174],[-58.80632,-34.17112],[-58.80662,-34.17042],[-58.80699,-34.16973],[-58.80742,-34.16907],[-58.80754,-34.16871],[-58.8074,-34.1684],[-58.806,-34.16716],[-58.80545,-34.1666],[-58.80385,-34.16537],[-58.8028,-34.16461],[-58.80211,-34.16428],[-58.80154,-34.16369],[-58.80117,-34.16325],[-58.80109,-34.16281],[-58.80096,-34.16185],[-58.80082,-34.16107],[-58.80051,-34.16024],[-58.8,-34.15921],[-58.79966,-34.15847],[-58.79953,-34.15789],[-58.79925,-34.1572],[-58.79881,-34.15644],[-58.7988,-34.15611],[-58.79884,-34.15571],[-58.7987,-34.15534],[-58.79829,-34.15481],[-58.79826,-34.15446],[-58.79843,-34.15402],[-58.79877,-34.15341],[-58.79891,-34.15284],[-58.79876,-34.15227],[-58.79838,-34.1515],[-58.79828,-34.15091],[-58.79821,-34.15014],[-58.79844,-34.14957],[-58.799,-34.14903],[-58.79982,-34.14842],[-58.80042,-34.14827],[-58.80148,-34.14811],[-58.80196,-34.14783],[-58.80216,-34.14737],[-58.80206,-34.14685],[-58.80153,-34.14617],[-58.80143,-34.14589],[-58.80147,-34.14562],[-58.80169,-34.14524],[-58.80214,-34.14477],[-58.80295,-34.1437],[-58.80365,-34.14197],[-58.80407,-34.14084],[-58.8047,-34.13983],[-58.80539,-34.13909],[-58.80602,-34.13882],[-58.8075,-34.13838],[-58.80778,-34.13823],[-58.80789,-34.13793],[-58.80793,-34.13739],[-58.80788,-34.13673],[-58.80798,-34.1363],[-58.8083,-34.1358],[-58.80907,-34.13495],[-58.80967,-34.13443],[-58.81068,-34.13401],[-58.81157,-34.1337],[-58.81215,-34.13357],[-58.81498,-34.13327],[-58.81562,-34.13311],[-58.81603,-34.13285],[-58.81638,-34.13244],[-58.817,-34.1309],[-58.81722,-34.1307],[-58.81755,-34.13062],[-58.81805,-34.13061],[-58.81917,-34.1306],[-58.82028,-34.1301],[-58.82045,-34.12986],[-58.82049,-34.12951],[-58.82044,-34.12784],[-58.82016,-34.12627],[-58.82001,-34.12458],[-58.82017,-34.12387],[-58.8205,-34.12322],[-58.82095,-34.12275],[-58.82179,-34.12223],[-58.82271,-34.12154],[-58.82297,-34.12125],[-58.82303,-34.12073],[-58.82287,-34.11923],[-58.82291,-34.11754],[-58.82286,-34.11702],[-58.8233,-34.11572],[-58.82312,-34.11527],[-58.82259,-34.11408],[-58.82224,-34.11317],[-58.82203,-34.11234],[-58.822,-34.11186],[-58.82225,-34.11059],[-58.82203,-34.1092],[-58.82177,-34.10837],[-58.82145,-34.10715],[-58.8215,-34.10634],[-58.82187,-34.10461],[-58.82193,-34.10391],[-58.82164,-34.10326],[-58.82116,-34.10154],[-58.82095,-34.10111],[-58.81966,-34.09992],[-58.8185,-34.09884],[-58.81816,-34.09852],[-58.81813,-34.09814],[-58.81834,-34.09772],[-58.81884,-34.09712],[-58.81993,-34.09605],[-58.82048,-34.09564],[-58.82117,-34.09532],[-58.82225,-34.09464],[-58.82344,-34.0938],[-58.82435,-34.09316],[-58.82457,-34.09292],[-58.82603,-34.09115],[-58.82832,-34.08846],[-58.82926,-34.08714],[-58.82946,-34.08664],[-58.82959,-34.08601],[-58.83002,-34.08551],[-58.83053,-34.08521],[-58.83159,-34.08474],[-58.8323,-34.0845],[-58.83277,-34.0841],[-58.83323,-34.0835],[-58.83459,-34.08169],[-58.83607,-34.0796],[-58.83661,-34.07898],[-58.83889,-34.07678],[-58.83941,-34.07638],[-58.84038,-34.07593],[-58.84119,-34.07576],[-58.84215,-34.07569],[-58.84555,-34.07544],[-58.84643,-34.07529],[-58.84793,-34.07484],[-58.85089,-34.07413],[-58.85197,-34.07364],[-58.85267,-34.07336],[-58.8532,-34.07321],[-58.85375,-34.07317],[-58.85687,-34.07328]]}},{"type":"Feature","properties":{"name":"Rio Lujan","layer":"Rios y Arroyos"},"geometry":{"type":"LineString","coordinates":[[-58.8821,-34.29837],[-58.88138,-34.29816],[-58.88082,-34.29785],[-58.8806,-34.2974],[-58.88082,-34.29678],[-58.88092,-34.29639],[-58.88095,-34.29613],[-58.88105,-34.29601],[-58.88147,-34.29602],[-58.88193,-34.29617],[-58.88231,-34.29617],[-58.88259,-34.29597],[-58.88268,-34.29563],[-58.88249,-34.29537],[-58.88213,-34.29513],[-58.88171,-34.29495],[-58.88164,-34.2947],[-58.88169,-34.2944],[-58.88182,-34.29405],[-58.88173,-34.29376],[-58.88145,-34.29329],[-58.88091,-34.29294],[-58.88064,-34.29245],[-58.88028,-34.29207],[-58.87996,-34.29191],[-58.87967,-34.29184],[-58.87946,-34.29193],[-58.87919,-34.29213],[-58.87892,-34.29221],[-58.87869,-34.29223],[-58.87844,-34.29215],[-58.87822,-34.29188],[-58.87819,-34.29153],[-58.8784,-34.2912],[-58.8796,-34.29046],[-58.87987,-34.2904],[-58.88009,-34.29055],[-58.88078,-34.29115],[-58.88123,-34.29131],[-58.88164,-34.29133],[-58.88185,-34.29118],[-58.88193,-34.29081],[-58.88181,-34.29003],[-58.88168,-34.28991],[-58.88167,-34.28968],[-58.88185,-34.28951],[-58.88209,-34.28945],[-58.88239,-34.2895],[-58.88271,-34.2895],[-58.88305,-34.28926],[-58.88313,-34.28894],[-58.883,-34.28865],[-58.88262,-34.28838],[-58.88236,-34.28823],[-58.8823,-34.28798],[-58.88246,-34.28771],[-58.88298,-34.28724],[-58.88323,-34.28686],[-58.88321,-34.28642],[-58.88292,-34.28622],[-58.8825,-34.28605],[-58.88208,-34.28605],[-58.88175,-34.28616],[-58.88146,-34.28645],[-58.8813,-34.28672],[-58.88105,-34.28729],[-58.88101,-34.28772],[-58.88114,-34.28793],[-58.88129,-34.28818],[-58.88129,-34.28838],[-58.88114,-34.28857],[-58.88088,-34.28862],[-58.8804,-34.28866],[-58.87992,-34.28861],[-58.87955,-34.28848],[-58.8792,-34.28837],[-58.87901,-34.28818],[-58.87889,-34.28783],[-58.87883,-34.28745],[-58.87872,-34.28724],[-58.87861,-34.28706],[-58.87862,-34.28682],[-58.87879,-34.28666],[-58.87911,-34.28661],[-58.87953,-34.28669],[-58.88,-34.28665],[-58.88034,-34.28657],[-58.88063,-34.2863],[-58.88072,-34.28606],[-58.88056,-34.28579],[-58.87972,-34.28533],[-58.87934,-34.28522],[-58.87904,-34.28522],[-58.87852,-34.28538],[-58.87813,-34.28533],[-58.87764,-34.28514],[-58.87726,-34.28487],[-58.87701,-34.28464],[-58.87697,-34.28431],[-58.87696,-34.28402],[-58.87711,-34.28374],[-58.87739,-34.28358],[-58.87777,-34.2836],[-58.87818,-34.2838],[-58.87875,-34.28398],[-58.87953,-34.28408],[-58.88028,-34.28402],[-58.88079,-34.28385],[-58.88108,-34.28354],[-58.88108,-34.28309],[-58.88075,-34.28263],[-58.88001,-34.28184],[-58.87983,-34.2816],[-58.87973,-34.28112],[-58.8796,-34.28066],[-58.87934,-34.28025],[-58.87901,-34.28007],[-58.87865,-34.28005],[-58.87825,-34.28024],[-58.87794,-34.28051],[-58.87766,-34.28064],[-58.87747,-34.28057],[-58.8774,-34.28031],[-58.87735,-34.27964],[-58.87734,-34.27912],[-58.87751,-34.2788],[-58.878,-34.27841],[-58.8786,-34.27827],[-58.87895,-34.27802],[-58.87919,-34.27768],[-58.87919,-34.27733],[-58.87884,-34.27709],[-58.87834,-34.27705],[-58.87784,-34.27716],[-58.87745,-34.27744],[-58.8771,-34.2775],[-58.87676,-34.27739],[-58.87638,-34.27712],[-58.87624,-34.27678],[-58.87639,-34.2765],[-58.87671,-34.27628],[-58.87732,-34.27579],[-58.87784,-34.27537],[-58.87802,-34.27505],[-58.87797,-34.27468],[-58.87771,-34.27441],[-58.87737,-34.27437],[-58.8768,-34.27448],[-58.8764,-34.27465],[-58.87599,-34.27499],[-58.87562,-34.27544],[-58.87523,-34.27569],[-58.87495,-34.27575],[-58.87469,-34.27572],[-58.87452,-34.27552],[-58.87448,-34.27527],[-58.87464,-34.27503],[-58.87508,-34.27481],[-58.87556,-34.27457],[-58.87588,-34.27427],[-58.87597,-34.27385],[-58.87586,-34.2735],[-58.87557,-34.27329],[-58.8751,-34.27323],[-58.87482,-34.27333],[-58.87462,-34.2736],[-58.87442,-34.27398],[-58.87405,-34.27419],[-58.87363,-34.27439],[-58.87316,-34.27454],[-58.87264,-34.2745],[-58.87212,-34.27422],[-58.8718,-34.27397],[-58.87163,-34.27368],[-58.87166,-34.27322],[-58.87156,-34.27295],[-58.87122,-34.27276],[-58.8709,-34.27279],[-58.87023,-34.27292],[-58.87011,-34.27312],[-58.87008,-34.27347],[-58.8695,-34.27402],[-58.86906,-34.27441],[-58.86877,-34.2749],[-58.86829,-34.27557],[-58.86774,-34.27615],[-58.8673,-34.27656],[-58.86682,-34.27697],[-58.8665,-34.27715],[-58.86568,-34.27724],[-58.86488,-34.27744],[-58.86388,-34.27763],[-58.86359,-34.27751],[-58.86343,-34.27722],[-58.8633,-34.27681],[-58.86318,-34.27633],[-58.86325,-34.27583],[-58.86326,-34.27504],[-58.8632,-34.27464],[-58.86305,-34.27438],[-58.86277,-34.27428],[-58.86219,-34.27421],[-58.86152,-34.27416],[-58.8609,-34.27399],[-58.86044,-34.27372],[-58.86023,-34.27336],[-58.86023,-34.27298],[-58.8604,-34.27271],[-58.86085,-34.27253],[-58.86143,-34.27223],[-58.86235,-34.27152],[-58.86309,-34.27065],[-58.86317,-34.27031],[-58.86298,-34.27001],[-58.86281,-34.26974],[-58.8627,-34.26932],[-58.86269,-34.26806],[-58.86284,-34.26785],[-58.86334,-34.26771],[-58.86383,-34.26759],[-58.8643,-34.26736],[-58.8646,-34.26708],[-58.86455,-34.26672],[-58.86406,-34.26584],[-58.86338,-34.26516],[-58.86286,-34.26451],[-58.86227,-34.26414],[-58.86183,-34.26408],[-58.86149,-34.26414],[-58.86127,-34.26429],[-58.86093,-34.26431],[-58.86038,-34.26435],[-58.86008,-34.26429],[-58.85987,-34.2641],[-58.85947,-34.26371],[-58.85898,-34.26303],[-58.85867,-34.2625],[-58.85836,-34.26211],[-58.85815,-34.26195],[-58.85799,-34.26192],[-58.85751,-34.26206],[-58.85713,-34.26204],[-58.85655,-34.26194],[-58.85594,-34.26193],[-58.85562,-34.2621],[-58.85538,-34.26237],[-58.85489,-34.26275],[-58.85455,-34.26284],[-58.85412,-34.26291],[-58.8538,-34.26298],[-58.85336,-34.26322],[-58.85278,-34.26355],[-58.85246,-34.2637],[-58.85214,-34.26378],[-58.85175,-34.26378],[-58.85132,-34.26379],[-58.85096,-34.26391],[-58.85069,-34.26406],[-58.85043,-34.26412],[-58.85009,-34.26415],[-58.84989,-34.26419],[-58.84978,-34.26428],[-58.84978,-34.26447],[-58.84986,-34.26465],[-58.84985,-34.26505],[-58.84955,-34.26532],[-58.84935,-34.26559],[-58.84919,-34.26586],[-58.84918,-34.26613],[-58.84909,-34.26649],[-58.84878,-34.26686],[-58.84838,-34.26706],[-58.84796,-34.26729],[-58.84764,-34.26758],[-58.84712,-34.26814],[-58.84676,-34.26857],[-58.84635,-34.26881],[-58.84582,-34.26897],[-58.8453,-34.2691],[-58.84503,-34.26923],[-58.84469,-34.26951],[-58.84434,-34.26991],[-58.84413,-34.27003],[-58.84387,-34.27009],[-58.84374,-34.27003],[-58.84364,-34.26985],[-58.84354,-34.26954],[-58.84355,-34.26935],[-58.84348,-34.26917],[-58.84332,-34.26906],[-58.84316,-34.26913],[-58.84304,-34.26931],[-58.84288,-34.26966],[-58.84263,-34.26985],[-58.84245,-34.26987],[-58.84224,-34.26982],[-58.84196,-34.26966],[-58.84118,-34.26921],[-58.84103,-34.26904],[-58.84092,-34.26885],[-58.84092,-34.26871],[-58.84102,-34.26859],[-58.84108,-34.26841],[-58.84106,-34.26815],[-58.84095,-34.26796],[-58.84073,-34.26784],[-58.8406,-34.26787],[-58.84054,-34.26801],[-58.8403,-34.26863],[-58.84006,-34.26886],[-58.83976,-34.26897],[-58.8395,-34.26908],[-58.83932,-34.26921],[-58.83918,-34.26934],[-58.83924,-34.26954],[-58.83929,-34.26974],[-58.83917,-34.26992],[-58.83894,-34.2701],[-58.83877,-34.27017],[-58.83849,-34.2702],[-58.83824,-34.27029],[-58.8377,-34.27058],[-58.83729,-34.27081],[-58.83698,-34.27091],[-58.83674,-34.27108],[-58.83607,-34.27146],[-58.83586,-34.2715],[-58.83568,-34.27149],[-58.83545,-34.27151],[-58.83511,-34.27155],[-58.83481,-34.27163],[-58.83479,-34.27176],[-58.83481,-34.27193],[-58.83472,-34.27207],[-58.83434,-34.27223],[-58.83393,-34.27234],[-58.83354,-34.27259],[-58.83336,-34.27264],[-58.83278,-34.27298],[-58.83254,-34.27316],[-58.83245,-34.27333],[-58.83234,-34.27353],[-58.83208,-34.27373],[-58.83175,-34.27388],[-58.83151,-34.27403],[-58.83133,-34.27419],[-58.83124,-34.27432],[-58.83064,-34.2747],[-58.83022,-34.27491],[-58.8299,-34.27497],[-58.82931,-34.27497],[-58.82895,-34.27501],[-58.82854,-34.27506],[-58.82799,-34.275],[-58.82777,-34.27489],[-58.82754,-34.27471],[-58.82738,-34.27465],[-58.82697,-34.27461],[-58.8267,-34.27455],[-58.82643,-34.27438],[-58.82621,-34.27417],[-58.82597,-34.27399],[-58.82577,-34.27388],[-58.82561,-34.27385],[-58.82531,-34.27396],[-58.82514,-34.27396],[-58.82499,-34.27386],[-58.82488,-34.27377],[-58.82453,-34.27372],[-58.82418,-34.27369],[-58.82395,-34.2736],[-58.82367,-34.27338],[-58.82355,-34.27325],[-58.8235,-34.27303],[-58.82337,-34.27284],[-58.82314,-34.27269],[-58.82275,-34.2726],[-58.82254,-34.27251],[-58.82236,-34.27249],[-58.82225,-34.27257],[-58.82228,-34.2728],[-58.82239,-34.27312],[-58.82261,-34.27324],[-58.82284,-34.27338],[-58.82292,-34.27353],[-58.8229,-34.27369],[-58.82274,-34.27376],[-58.82244,-34.27378],[-58.82209,-34.27367],[-58.82192,-34.27355],[-58.82179,-34.27356],[-58.82153,-34.27379],[-58.82133,-34.27409],[-58.82111,-34.27433],[-58.8208,-34.27466],[-58.8205,-34.27484],[-58.82019,-34.27492],[-58.81977,-34.27505],[-58.81935,-34.27522],[-58.81911,-34.2754]]}},{"type":"Feature","properties":{"name":"Rio Lujan","layer":"Rios y Arroyos"},"geometry":{"type":"LineString","coordinates":[[-58.81911,-34.2754],[-58.81886,-34.27556],[-58.81845,-34.27567],[-58.81804,-34.27577],[-58.81782,-34.27594],[-58.81745,-34.27627],[-58.817,-34.27671],[-58.81665,-34.27691],[-58.81627,-34.27705],[-58.81582,-34.2771],[-58.8155,-34.27725],[-58.81463,-34.27783],[-58.81425,-34.27802],[-58.8139,-34.27805],[-58.81366,-34.27818],[-58.81327,-34.27835],[-58.81287,-34.27844],[-58.81251,-34.27853],[-58.81219,-34.27873],[-58.81208,-34.27889],[-58.81174,-34.2792],[-58.81076,-34.27976],[-58.81063,-34.27991],[-58.81062,-34.28018],[-58.81057,-34.28045],[-58.81017,-34.28078],[-58.80917,-34.28122],[-58.80821,-34.28167],[-58.80776,-34.28169],[-58.80735,-34.28157],[-58.80716,-34.28135],[-58.80687,-34.28116],[-58.80637,-34.28104],[-58.80568,-34.2811],[-58.80516,-34.28129],[-58.80446,-34.28134],[-58.80371,-34.28122],[-58.80333,-34.281],[-58.80307,-34.28068],[-58.803,-34.28042],[-58.80282,-34.28019],[-58.80214,-34.27958],[-58.80157,-34.2792],[-58.80071,-34.27877],[-58.80044,-34.27859],[-58.80022,-34.27834],[-58.80016,-34.27809],[-58.80036,-34.27768],[-58.80046,-34.27726],[-58.8004,-34.27699],[-58.8002,-34.27678],[-58.79992,-34.27677],[-58.79947,-34.27691],[-58.79908,-34.27703],[-58.79887,-34.27724],[-58.79857,-34.27735],[-58.79821,-34.27731],[-58.79767,-34.2773],[-58.79726,-34.27747],[-58.79689,-34.27779],[-58.79648,-34.27807],[-58.79566,-34.27845],[-58.79537,-34.27877],[-58.79504,-34.27916],[-58.79458,-34.27949],[-58.79359,-34.28008],[-58.7932,-34.28032],[-58.79297,-34.28068],[-58.79276,-34.28099],[-58.79248,-34.28133],[-58.79184,-34.28185],[-58.79119,-34.28238],[-58.7907,-34.28266],[-58.7903,-34.28272],[-58.78974,-34.28263],[-58.78927,-34.2826],[-58.78863,-34.28263],[-58.78785,-34.28276],[-58.7873,-34.283],[-58.78687,-34.28325],[-58.78643,-34.28343],[-58.78589,-34.28363],[-58.78549,-34.28384],[-58.78508,-34.28419],[-58.78459,-34.28454],[-58.78394,-34.28489],[-58.78329,-34.28513],[-58.78257,-34.28534],[-58.7815,-34.28572],[-58.78015,-34.28619],[-58.77945,-34.28645],[-58.77912,-34.28647],[-58.77876,-34.2864],[-58.77853,-34.28624],[-58.77838,-34.28602],[-58.77808,-34.28587],[-58.77755,-34.28569],[-58.77686,-34.28559],[-58.77599,-34.28546],[-58.77551,-34.28532],[-58.77457,-34.28514],[-58.77402,-34.28518],[-58.77341,-34.28535],[-58.77276,-34.28561],[-58.77201,-34.28592],[-58.77092,-34.28625],[-58.77021,-34.28649],[-58.7688,-34.28706],[-58.768,-34.28726],[-58.76754,-34.28739],[-58.76721,-34.28765],[-58.76699,-34.2882],[-58.76664,-34.28859],[-58.76607,-34.28912],[-58.76554,-34.28965],[-58.76522,-34.29],[-58.76494,-34.29001],[-58.76476,-34.28987],[-58.76466,-34.28965],[-58.7645,-34.28954],[-58.7643,-34.28961],[-58.76426,-34.28989],[-58.76407,-34.29017],[-58.76379,-34.29033],[-58.76333,-34.2904],[-58.76287,-34.29059],[-58.76244,-34.29093],[-58.76206,-34.29113],[-58.76168,-34.29121],[-58.76133,-34.29132],[-58.7612,-34.29146],[-58.7613,-34.2917],[-58.76155,-34.29193],[-58.76164,-34.2921],[-58.76154,-34.29232],[-58.76121,-34.29241],[-58.76075,-34.29245],[-58.76049,-34.29263],[-58.76036,-34.29285],[-58.76012,-34.29334],[-58.75958,-34.29406],[-58.75932,-34.29433],[-58.75908,-34.29436],[-58.75893,-34.29422],[-58.75866,-34.29379],[-58.75851,-34.29345],[-58.75833,-34.29332],[-58.75811,-34.29333],[-58.75788,-34.29354],[-58.75762,-34.29364],[-58.75712,-34.29359],[-58.75657,-34.29354],[-58.75586,-34.29377],[-58.75446,-34.29401],[-58.75315,-34.2939],[-58.75221,-34.29358],[-58.75173,-34.2932],[-58.75134,-34.29315],[-58.75112,-34.29336],[-58.75103,-34.2943],[-58.75055,-34.29452],[-58.75024,-34.29466],[-58.74973,-34.29548],[-58.74844,-34.2971],[-58.74783,-34.29764],[-58.74696,-34.29879],[-58.74529,-34.3007],[-58.74388,-34.3019],[-58.7436,-34.30192],[-58.74278,-34.30149],[-58.74145,-34.30147],[-58.7405,-34.30138],[-58.7401,-34.3015],[-58.73992,-34.30206],[-58.73953,-34.30229],[-58.7391,-34.30237],[-58.7379,-34.30303],[-58.73697,-34.30311],[-58.73679,-34.30323],[-58.73666,-34.30378],[-58.73643,-34.3041],[-58.73566,-34.3043],[-58.73462,-34.3045],[-58.73376,-34.30477],[-58.73251,-34.30461],[-58.73174,-34.30452],[-58.73118,-34.30479],[-58.73015,-34.3054],[-58.72954,-34.30552],[-58.72902,-34.30542],[-58.72797,-34.30472],[-58.72715,-34.30373],[-58.7267,-34.30328],[-58.72618,-34.30279],[-58.72584,-34.30205],[-58.7254,-34.3019],[-58.72477,-34.30178],[-58.72414,-34.30163],[-58.72356,-34.30118],[-58.72291,-34.30046],[-58.7224,-34.29994],[-58.72215,-34.29981],[-58.72192,-34.29987],[-58.7218,-34.30028],[-58.72174,-34.30085],[-58.72159,-34.30127],[-58.72126,-34.30159],[-58.72098,-34.30189],[-58.72077,-34.30231],[-58.72061,-34.3027],[-58.7204,-34.30285],[-58.72018,-34.30291],[-58.71956,-34.30261],[-58.71912,-34.30254],[-58.71875,-34.30264],[-58.7181,-34.30313],[-58.71711,-34.30403],[-58.71683,-34.30408],[-58.71663,-34.30398],[-58.716,-34.30305],[-58.71534,-34.30231],[-58.71469,-34.30196],[-58.71285,-34.30116],[-58.71255,-34.30129],[-58.71246,-34.3017],[-58.71263,-34.30188],[-58.71288,-34.30216],[-58.713,-34.30247],[-58.71301,-34.30291],[-58.71258,-34.3042],[-58.71244,-34.30481],[-58.71223,-34.30605],[-58.71215,-34.30682],[-58.71218,-34.30761],[-58.71242,-34.30806],[-58.71279,-34.30863],[-58.71305,-34.30906],[-58.71323,-34.30962],[-58.71334,-34.31013],[-58.71325,-34.31048],[-58.71291,-34.31066],[-58.71238,-34.31067],[-58.71177,-34.31075],[-58.71016,-34.31102],[-58.70982,-34.31109],[-58.7096,-34.31123],[-58.70947,-34.31169],[-58.70935,-34.31227],[-58.70905,-34.31274],[-58.70874,-34.31316],[-58.70849,-34.31363],[-58.70838,-34.31428],[-58.70851,-34.31482],[-58.70887,-34.316],[-58.70896,-34.31676],[-58.70865,-34.3175],[-58.70794,-34.31838],[-58.70751,-34.31914],[-58.70703,-34.32027],[-58.70656,-34.32085],[-58.70505,-34.32199],[-58.70438,-34.3224],[-58.70385,-34.32263],[-58.70319,-34.3229],[-58.70279,-34.32326],[-58.70279,-34.32386],[-58.70289,-34.32567],[-58.70313,-34.32772],[-58.70298,-34.32839],[-58.70216,-34.32937],[-58.70055,-34.33076],[-58.70005,-34.33133],[-58.69989,-34.3319],[-58.69986,-34.33256],[-58.70007,-34.33362],[-58.70005,-34.33431],[-58.69975,-34.33505],[-58.69876,-34.33622],[-58.69803,-34.33691],[-58.69673,-34.33895],[-58.696,-34.34018],[-58.69534,-34.34111],[-58.69415,-34.34217],[-58.69274,-34.34329],[-58.69183,-34.34461],[-58.69142,-34.34557],[-58.69035,-34.34705],[-58.68955,-34.34764],[-58.6886,-34.34853],[-58.68766,-34.34976],[-58.68649,-34.35097],[-58.68453,-34.35312],[-58.67797,-34.35866],[-58.67636,-34.35945],[-58.67391,-34.35986],[-58.67192,-34.3602],[-58.66976,-34.36091],[-58.66776,-34.36201],[-58.6661,-34.36385],[-58.66477,-34.36531],[-58.66317,-34.36602],[-58.6612,-34.36641],[-58.65987,-34.36717],[-58.65953,-34.36773],[-58.65854,-34.36962],[-58.6572,-34.37137],[-58.65577,-34.37273],[-58.65347,-34.37469],[-58.65119,-34.37621],[-58.64904,-34.37719],[-58.64655,-34.37778],[-58.64498,-34.37863],[-58.64186,-34.38046],[-58.6395,-34.38155],[-58.63792,-34.3816],[-58.63349,-34.38358],[-58.6325,-34.38443],[-58.62801,-34.38683],[-58.62206,-34.38935],[-58.62063,-34.38961],[-58.61562,-34.39192],[-58.60977,-34.39527],[-58.60361,-34.39996],[-58.60066,-34.40185],[-58.59831,-34.40256],[-58.59536,-34.404],[-58.59323,-34.40545],[-58.58886,-34.4097],[-58.58474,-34.41308],[-58.58194,-34.41425],[-58.57674,-34.41566],[-58.56841,-34.417],[-58.56446,-34.41919],[-58.55991,-34.4229],[-58.55731,-34.42524],[-58.5489,-34.42973],[-58.54068,-34.43201],[-58.53882,-34.43412],[-58.5352,-34.43861],[-58.5259,-34.44345],[-58.52007,-34.44581],[-58.50576,-34.44662]]}},{"type":"Feature","properties":{"name":"Arroyo San Marquitos","layer":"Rios y Arroyos"},"geometry":{"type":"LineString","coordinates":[[-60.64456,-32.8847],[-60.64408,-32.88457],[-60.64406,-32.88445],[-60.64416,-32.88421],[-60.64447,-32.8837],[-60.64475,-32.88331],[-60.64482,-32.88312],[-60.64476,-32.88294],[-60.64458,-32.88281],[-60.64438,-32.88284],[-60.64395,-32.88298],[-60.64319,-32.88319],[-60.64234,-32.88344],[-60.64167,-32.88358],[-60.64079,-32.88371],[-60.6403,-32.88373],[-60.63946,-32.88362],[-60.63904,-32.8836],[-60.63837,-32.88365],[-60.63735,-32.88376],[-60.63701,-32.88382],[-60.6366,-32.88384],[-60.63614,-32.88381],[-60.63578,-32.88382],[-60.63552,-32.8839],[-60.63525,-32.88403],[-60.63491,-32.88423],[-60.63461,-32.88449],[-60.63434,-32.88481],[-60.63415,-32.88514],[-60.63397,-32.88559],[-60.63386,-32.886],[-60.6337,-32.88625],[-60.63356,-32.88653],[-60.63346,-32.88678],[-60.6334,-32.88709],[-60.63343,-32.88736],[-60.63358,-32.88764],[-60.63376,-32.88779],[-60.63402,-32.88793],[-60.63438,-32.88805],[-60.63478,-32.88818],[-60.63516,-32.88836],[-60.63537,-32.88853],[-60.63544,-32.88865],[-60.6355,-32.88882],[-60.63547,-32.8891],[-60.63534,-32.88941],[-60.63494,-32.88998],[-60.63475,-32.89011],[-60.63462,-32.89014],[-60.63451,-32.89009],[-60.63426,-32.88989],[-60.63386,-32.88973],[-60.63353,-32.88954],[-60.63321,-32.88927],[-60.63278,-32.88889],[-60.63237,-32.88866],[-60.63194,-32.88845],[-60.63143,-32.88827],[-60.63106,-32.8882],[-60.63063,-32.88822],[-60.63018,-32.88825],[-60.62981,-32.8882],[-60.62941,-32.88807],[-60.62879,-32.88779],[-60.62806,-32.88744],[-60.62716,-32.88704],[-60.62645,-32.88692],[-60.62563,-32.88686],[-60.62477,-32.88689],[-60.62387,-32.88693],[-60.62299,-32.88716],[-60.62226,-32.88742],[-60.62161,-32.88774],[-60.62072,-32.88824],[-60.61999,-32.88878],[-60.61966,-32.88904],[-60.61937,-32.88916],[-60.61916,-32.88911],[-60.619,-32.88894],[-60.6188,-32.88828],[-60.6188,-32.88799],[-60.6192,-32.88714],[-60.6193,-32.88678],[-60.61926,-32.88632],[-60.61912,-32.88588],[-60.61892,-32.88519],[-60.61878,-32.88498],[-60.61852,-32.88482],[-60.61815,-32.88477],[-60.61779,-32.88487],[-60.61677,-32.88519],[-60.61636,-32.88521],[-60.61587,-32.88514],[-60.61532,-32.88516],[-60.61467,-32.88519],[-60.61429,-32.88529],[-60.61404,-32.88549],[-60.61385,-32.88573],[-60.6135,-32.88594],[-60.61312,-32.88616],[-60.61281,-32.88636],[-60.61251,-32.88645],[-60.61209,-32.88638],[-60.61186,-32.88617],[-60.61167,-32.88588]]}},{"type":"Feature","properties":{"name":"Arroyo Fredes","layer":"Rios y Arroyos"},"geometry":{"type":"LineString","coordinates":[[-58.55291,-34.15131],[-58.55372,-34.15284],[-58.55495,-34.15493],[-58.55557,-34.15572],[-58.55652,-34.15652],[-58.55804,-34.15741],[-58.5599,-34.15826],[-58.56203,-34.15911],[-58.5634,-34.16017],[-58.5657,-34.1634],[-58.56645,-34.16553],[-58.56683,-34.16732],[-58.56696,-34.1679],[-58.56711,-34.16949],[-58.56708,-34.1711],[-58.56681,-34.17289],[-58.56578,-34.17527],[-58.56585,-34.1758],[-58.56625,-34.1771],[-58.56624,-34.17741],[-58.56585,-34.1782],[-58.56504,-34.18077],[-58.56483,-34.18178],[-58.5647,-34.18277],[-58.56468,-34.18447],[-58.5649,-34.18636],[-58.56541,-34.18822],[-58.56596,-34.18958],[-58.56601,-34.18989],[-58.56585,-34.19026],[-58.56538,-34.19084],[-58.56187,-34.19505],[-58.56123,-34.19574],[-58.56026,-34.19649],[-58.55921,-34.19736],[-58.55807,-34.19834],[-58.55666,-34.19958],[-58.55646,-34.19996],[-58.55635,-34.20044],[-58.55613,-34.20104],[-58.55618,-34.20173],[-58.55624,-34.20269],[-58.55606,-34.2033],[-58.55571,-34.20396],[-58.55559,-34.2045],[-58.55552,-34.20627],[-58.55537,-34.20752],[-58.55544,-34.20928],[-58.55564,-34.20994],[-58.55624,-34.21125],[-58.55697,-34.21215],[-58.55755,-34.21293],[-58.5578,-34.21371],[-58.55793,-34.21433],[-58.55765,-34.21505],[-58.55719,-34.21565],[-58.55654,-34.21633],[-58.5559,-34.21717],[-58.5557,-34.21758],[-58.55564,-34.21833],[-58.55579,-34.21889],[-58.5563,-34.22007],[-58.55656,-34.22091],[-58.55666,-34.22153],[-58.557,-34.22228],[-58.55817,-34.2241],[-58.55846,-34.22469],[-58.5584,-34.22527],[-58.55812,-34.22567],[-58.55763,-34.22596],[-58.55701,-34.22644],[-58.55657,-34.22697],[-58.55637,-34.22748],[-58.5563,-34.22803],[-58.55636,-34.22868],[-58.55626,-34.22917],[-58.55577,-34.23002],[-58.55489,-34.23097],[-58.5541,-34.23179],[-58.55382,-34.23223],[-58.55373,-34.23285],[-58.55372,-34.23352],[-58.55396,-34.23409],[-58.55449,-34.23445],[-58.55562,-34.23505],[-58.55633,-34.23556],[-58.55696,-34.23622],[-58.55868,-34.23903],[-58.55869,-34.23971],[-58.55881,-34.24097],[-58.55913,-34.24158],[-58.55969,-34.24263],[-58.55995,-34.24332],[-58.56002,-34.24462],[-58.56004,-34.24553],[-58.56019,-34.24701],[-58.55989,-34.24752],[-58.55956,-34.24802],[-58.55956,-34.24854],[-58.55969,-34.24897],[-58.55963,-34.24972],[-58.55952,-34.25021],[-58.55963,-34.25064],[-58.56037,-34.25141]]}},{"type":"Feature","properties":{"name":"Arroyo Las Cañas","layer":"Rios y Arroyos"},"geometry":{"type":"LineString","coordinates":[[-58.56018,-34.24735],[-58.56093,-34.24723],[-58.5617,-34.24685],[-58.56223,-34.24636],[-58.56289,-34.24542],[-58.56342,-34.24487],[-58.564,-34.24462],[-58.56493,-34.24446],[-58.56557,-34.24426],[-58.56585,-34.24371],[-58.56569,-34.24285],[-58.56566,-34.2423],[-58.566,-34.24172],[-58.56659,-34.24073],[-58.56701,-34.24007],[-58.56763,-34.23967],[-58.5682,-34.23945],[-58.56862,-34.23899],[-58.5689,-34.23823],[-58.56883,-34.23732],[-58.56855,-34.23679],[-58.56806,-34.23651],[-58.56772,-34.23616],[-58.56758,-34.23565],[-58.56771,-34.23516],[-58.56808,-34.23471],[-58.5688,-34.23402],[-58.56925,-34.23316],[-58.56953,-34.23193],[-58.56965,-34.23089],[-58.56984,-34.23004],[-58.57006,-34.22891],[-58.57036,-34.22802],[-58.57072,-34.22757],[-58.57163,-34.22743],[-58.5727,-34.22719],[-58.57354,-34.2267],[-58.57387,-34.22619],[-58.57366,-34.22551],[-58.57325,-34.22474],[-58.57272,-34.2239],[-58.57201,-34.22261],[-58.57159,-34.22187],[-58.56887,-34.21908],[-58.56864,-34.21863],[-58.56877,-34.21742],[-58.5688,-34.21655],[-58.56894,-34.2155],[-58.56916,-34.21438],[-58.56941,-34.21229],[-58.57029,-34.21165],[-58.57098,-34.21118],[-58.57163,-34.21112],[-58.57281,-34.21131],[-58.57342,-34.21129],[-58.57408,-34.21104],[-58.57506,-34.21048],[-58.57586,-34.21019],[-58.57672,-34.21002],[-58.57724,-34.20961],[-58.5774,-34.20913],[-58.57772,-34.20893],[-58.57864,-34.20898],[-58.5797,-34.20908],[-58.58082,-34.20907],[-58.58169,-34.20906]]}},{"type":"Feature","properties":{"name":"Arroyo Estudiante","layer":"Rios y Arroyos"},"geometry":{"type":"LineString","coordinates":[[-58.56868,-34.25431],[-58.56934,-34.25408],[-58.56971,-34.2538],[-58.56978,-34.25301],[-58.56966,-34.25207],[-58.56927,-34.25166],[-58.56921,-34.2513],[-58.5694,-34.25081],[-58.56947,-34.25045],[-58.5694,-34.25012],[-58.56907,-34.2498],[-58.56911,-34.24949],[-58.56938,-34.24897],[-58.56958,-34.24853],[-58.56979,-34.24778],[-58.57006,-34.24761],[-58.57064,-34.24745],[-58.57104,-34.24746],[-58.57177,-34.24778],[-58.57306,-34.24795],[-58.57365,-34.24792],[-58.57408,-34.24775],[-58.57541,-34.24662],[-58.57599,-34.24619],[-58.57672,-34.24578],[-58.57801,-34.24522],[-58.57829,-34.245],[-58.57861,-34.24462],[-58.57876,-34.24417],[-58.57865,-34.24366],[-58.57827,-34.2429],[-58.57781,-34.24203],[-58.57755,-34.24167],[-58.5762,-34.24066],[-58.57485,-34.23989],[-58.57433,-34.23939],[-58.57377,-34.23877],[-58.57361,-34.23834],[-58.57361,-34.23782],[-58.5738,-34.23675],[-58.57402,-34.23606],[-58.57456,-34.23518],[-58.57495,-34.23456],[-58.57525,-34.23427],[-58.57573,-34.23417],[-58.57644,-34.23417],[-58.57767,-34.23396],[-58.57844,-34.23376],[-58.57882,-34.23356],[-58.57901,-34.23315],[-58.5788,-34.2315],[-58.57891,-34.23104],[-58.5792,-34.23031],[-58.57978,-34.2293],[-58.5802,-34.22846],[-58.58047,-34.2276],[-58.58105,-34.22669],[-58.58119,-34.22623],[-58.58105,-34.22579],[-58.5801,-34.22436],[-58.57987,-34.22407],[-58.57901,-34.22325],[-58.57807,-34.22214],[-58.57795,-34.22175],[-58.57761,-34.22064],[-58.57724,-34.21903],[-58.57677,-34.21763],[-58.57672,-34.21731],[-58.5768,-34.2166],[-58.57714,-34.21604],[-58.57759,-34.21576],[-58.57868,-34.21517],[-58.57912,-34.21492],[-58.57962,-34.21455],[-58.58041,-34.21399],[-58.58104,-34.21365],[-58.5812,-34.21344],[-58.58121,-34.2132],[-58.58113,-34.21284],[-58.58113,-34.21167],[-58.58114,-34.21109],[-58.58132,-34.21066],[-58.58161,-34.21024],[-58.58221,-34.20937]]}},{"type":"Feature","properties":{"name":"Arroyo Canelones","layer":"Rios y Arroyos"},"geometry":{"type":"LineString","coordinates":[[-58.58241,-34.20917],[-58.58295,-34.20906],[-58.58688,-34.20871],[-58.58783,-34.20844],[-58.58889,-34.20787],[-58.5897,-34.20724],[-58.59052,-34.20595],[-58.5913,-34.20426],[-58.59155,-34.20374],[-58.59168,-34.20313],[-58.5922,-34.20188],[-58.59268,-34.20118],[-58.59334,-34.20067],[-58.59483,-34.20008],[-58.59734,-34.19907],[-58.59803,-34.19863],[-58.59854,-34.19812],[-58.59881,-34.19758],[-58.59907,-34.19709],[-58.60507,-34.19333]]}},{"type":"Feature","properties":{"name":"Canal Luciano","layer":"Rios y Arroyos"},"geometry":{"type":"LineString","coordinates":[[-58.54003,-34.25804],[-58.53917,-34.25852],[-58.5372,-34.25907],[-58.53596,-34.25944],[-58.53518,-34.25962],[-58.5344,-34.2597],[-58.5337,-34.25955],[-58.5328,-34.25905],[-58.53189,-34.25855],[-58.5307,-34.25837],[-58.52987,-34.25854],[-58.52892,-34.259],[-58.52799,-34.25977],[-58.52709,-34.26049],[-58.52585,-34.26087]]}},{"type":"Feature","properties":{"name":"Canal Estudiante","layer":"Rios y Arroyos"},"geometry":{"type":"LineString","coordinates":[[-58.57887,-34.25666],[-58.57752,-34.25598],[-58.57661,-34.25572],[-58.57564,-34.25581],[-58.57474,-34.25619],[-58.5742,-34.25632],[-58.57354,-34.25621],[-58.57211,-34.25577],[-58.56887,-34.25463],[-58.56797,-34.25428],[-58.56707,-34.25367],[-58.56649,-34.25308],[-58.56553,-34.25285],[-58.56426,-34.2527],[-58.56311,-34.25233],[-58.56054,-34.2515],[-58.56009,-34.25175],[-58.55918,-34.25208],[-58.55753,-34.25245],[-58.55561,-34.25253],[-58.55335,-34.25336],[-58.55075,-34.25379],[-58.54513,-34.25519],[-58.54335,-34.25529]]}},{"type":"Feature","properties":{"name":"Arroyo Romero","layer":"Rios y Arroyos"},"geometry":{"type":"LineString","coordinates":[[-58.55556,-34.25241],[-58.55538,-34.25196],[-58.55536,-34.25156],[-58.55534,-34.25093],[-58.55509,-34.25037],[-58.55513,-34.25011],[-58.55538,-34.24981],[-58.55573,-34.24929],[-58.55588,-34.24881],[-58.55593,-34.2482],[-58.55592,-34.24782],[-58.55576,-34.24755],[-58.55535,-34.24723],[-58.55511,-34.24701],[-58.55475,-34.24633],[-58.55436,-34.24546],[-58.55383,-34.24377],[-58.55351,-34.24294],[-58.55306,-34.24203],[-58.55235,-34.24042],[-58.55213,-34.23985],[-58.55193,-34.23948],[-58.55149,-34.23905],[-58.55118,-34.23891],[-58.55082,-34.23879],[-58.54962,-34.23827],[-58.54785,-34.23763],[-58.54716,-34.23743],[-58.54679,-34.23721],[-58.5462,-34.23676],[-58.54557,-34.2362],[-58.54469,-34.23547],[-58.54408,-34.23486],[-58.54396,-34.23457],[-58.54391,-34.23419],[-58.544,-34.23353],[-58.54402,-34.23309],[-58.54399,-34.23278],[-58.54384,-34.23244],[-58.5435,-34.23144],[-58.5432,-34.23048],[-58.54315,-34.23029],[-58.543,-34.23001],[-58.54275,-34.22968],[-58.54244,-34.22942],[-58.54193,-34.22909],[-58.54135,-34.22876],[-58.54093,-34.22845],[-58.54069,-34.22815],[-58.54055,-34.2278],[-58.54053,-34.22747],[-58.54055,-34.22708],[-58.54091,-34.22496],[-58.54097,-34.22476],[-58.54094,-34.22424],[-58.54084,-34.22342],[-58.54084,-34.22292],[-58.541,-34.2225],[-58.54132,-34.22185],[-58.54164,-34.22149],[-58.54207,-34.22121],[-58.54249,-34.22104],[-58.5432,-34.22106],[-58.54357,-34.22104],[-58.54402,-34.2211],[-58.54435,-34.22139],[-58.5447,-34.22168],[-58.54496,-34.22197],[-58.54517,-34.22221],[-58.5454,-34.2225],[-58.5457,-34.22274],[-58.54613,-34.22309],[-58.54653,-34.22331],[-58.5468,-34.22346],[-58.54717,-34.22376]]}},{"type":"Feature","properties":{"name":"Arroyo Ciego","layer":"Rios y Arroyos"},"geometry":{"type":"LineString","coordinates":[[-58.54189,-34.26478],[-58.54436,-34.26537],[-58.54461,-34.26533],[-58.54483,-34.26519],[-58.54508,-34.2648],[-58.54553,-34.26447],[-58.54606,-34.26391],[-58.54681,-34.26288],[-58.5477,-34.26173],[-58.54857,-34.26036],[-58.54916,-34.25966],[-58.54982,-34.25911],[-58.55055,-34.25872],[-58.55132,-34.25841],[-58.55208,-34.25825],[-58.55428,-34.25769],[-58.5563,-34.25728],[-58.55814,-34.2569],[-58.55929,-34.25671],[-58.56161,-34.2565],[-58.56289,-34.25645],[-58.56317,-34.25642],[-58.56361,-34.25628],[-58.56381,-34.25628],[-58.5642,-34.25635],[-58.56482,-34.2565],[-58.565,-34.25667],[-58.5654,-34.25713],[-58.566,-34.2574],[-58.56637,-34.25744]]}},{"type":"Feature","properties":{"name":"Aguaje del Durazno","layer":"Rios y Arroyos"},"geometry":{"type":"LineString","coordinates":[[-58.57914,-34.26653],[-58.57865,-34.26676],[-58.57796,-34.26673],[-58.5761,-34.26656],[-58.57389,-34.26652],[-58.57278,-34.26663],[-58.57138,-34.267],[-58.57032,-34.26713],[-58.56924,-34.26706],[-58.56842,-34.26697],[-58.56789,-34.26706],[-58.56747,-34.26726],[-58.56663,-34.26778],[-58.56586,-34.26792],[-58.56469,-34.26808],[-58.56319,-34.26825],[-58.56198,-34.26851],[-58.5605,-34.26876],[-58.55838,-34.26905],[-58.55722,-34.26916],[-58.55589,-34.26907],[-58.55421,-34.26881],[-58.5521,-34.26813],[-58.55014,-34.26734],[-58.54898,-34.26699],[-58.54747,-34.26686],[-58.54583,-34.26684],[-58.54504,-34.26669],[-58.54424,-34.26651],[-58.54339,-34.26659],[-58.5421,-34.26688],[-58.54163,-34.26692],[-58.54127,-34.26679],[-58.54102,-34.26651],[-58.54099,-34.26614],[-58.541,-34.26568],[-58.54082,-34.2655],[-58.54033,-34.2655],[-58.53925,-34.26594],[-58.53726,-34.26687],[-58.53601,-34.26732],[-58.53469,-34.26764],[-58.53339,-34.26778],[-58.53028,-34.26814],[-58.52648,-34.26869],[-58.52298,-34.26947],[-58.51904,-34.27047],[-58.51562,-34.27089],[-58.51137,-34.27101],[-58.50772,-34.27052],[-58.50485,-34.26953],[-58.5014,-34.26862],[-58.49868,-34.2684],[-58.49594,-34.26933],[-58.49342,-34.27061]]}},{"type":"Feature","properties":{"name":"Arroyo Capitancito","layer":"Rios y Arroyos"},"geometry":{"type":"LineString","coordinates":[[-58.56681,-34.28415],[-58.56569,-34.28246],[-58.56361,-34.28067],[-58.56279,-34.28009],[-58.56207,-34.27987],[-58.5612,-34.27973],[-58.56052,-34.28007],[-58.55995,-34.28024],[-58.55926,-34.28015],[-58.55855,-34.28017],[-58.55801,-34.28008],[-58.55781,-34.27995],[-58.55772,-34.27967],[-58.55762,-34.2793],[-58.55739,-34.27907],[-58.55707,-34.27902],[-58.55678,-34.27903],[-58.5566,-34.27924],[-58.55651,-34.27947],[-58.55625,-34.27981],[-58.55609,-34.27994],[-58.55579,-34.27996]]}},{"type":"Feature","properties":{"name":"Riacho las Arañas","layer":"Rios y Arroyos"},"geometry":{"type":"LineString","coordinates":[[-60.67114,-31.98691],[-60.66893,-31.98822],[-60.66609,-31.99036],[-60.66347,-31.99229],[-60.66175,-31.99331],[-60.65912,-31.99589],[-60.65633,-31.99855],[-60.65393,-32.00095],[-60.6516,-32.00477],[-60.64944,-32.00875],[-60.64857,-32.01373],[-60.64858,-32.02034],[-60.64723,-32.0252],[-60.6474,-32.03111],[-60.64776,-32.03396],[-60.6453,-32.04021],[-60.64391,-32.04599],[-60.64232,-32.0494],[-60.64212,-32.05114],[-60.64289,-32.05309],[-60.6448,-32.05609],[-60.64751,-32.05954],[-60.64924,-32.06117]]}},{"type":"Feature","properties":{"name":"Arroyo Felicaria","layer":"Rios y Arroyos"},"geometry":{"type":"LineString","coordinates":[[-58.54089,-34.26532],[-58.54169,-34.26476],[-58.54198,-34.26374],[-58.54218,-34.26194],[-58.54214,-34.26044],[-58.54174,-34.25949],[-58.5406,-34.25833],[-58.54025,-34.25789],[-58.54034,-34.25735],[-58.54114,-34.25652],[-58.54256,-34.25567],[-58.54322,-34.25523],[-58.54325,-34.25482],[-58.54259,-34.25426],[-58.54168,-34.25319],[-58.54065,-34.25223],[-58.53958,-34.25108],[-58.53909,-34.25009],[-58.53911,-34.24923],[-58.53954,-34.24827],[-58.53954,-34.24764],[-58.53902,-34.24721],[-58.5375,-34.2465],[-58.53614,-34.24554],[-58.53479,-34.24446],[-58.53427,-34.24368],[-58.5341,-34.24298],[-58.53442,-34.24175],[-58.53526,-34.23956],[-58.53566,-34.23838],[-58.53568,-34.23777],[-58.53531,-34.2371],[-58.53435,-34.23582],[-58.53361,-34.23448],[-58.53324,-34.23292],[-58.53303,-34.23205],[-58.53244,-34.23157],[-58.53148,-34.23095],[-58.53047,-34.23046],[-58.53025,-34.23019],[-58.53014,-34.22964],[-58.53049,-34.22709],[-58.53047,-34.22632],[-58.53061,-34.22558],[-58.53102,-34.22514],[-58.5317,-34.22458],[-58.53189,-34.22406],[-58.5318,-34.22337],[-58.53133,-34.22153],[-58.53133,-34.22087],[-58.53181,-34.21884],[-58.53186,-34.21833],[-58.53178,-34.2175],[-58.5317,-34.21616],[-58.53178,-34.21566],[-58.53263,-34.21426],[-58.53286,-34.21335],[-58.53323,-34.21207],[-58.53325,-34.21102],[-58.53308,-34.21014],[-58.53261,-34.209],[-58.53206,-34.2077],[-58.53171,-34.20712],[-58.53139,-34.20643],[-58.53154,-34.20557],[-58.53201,-34.20426],[-58.53232,-34.20331],[-58.53219,-34.20227],[-58.53183,-34.19995],[-58.53192,-34.1993],[-58.53221,-34.19875],[-58.53278,-34.19874],[-58.53342,-34.19904],[-58.53444,-34.19997],[-58.53554,-34.2013],[-58.536,-34.20158],[-58.53633,-34.20146],[-58.53754,-34.20014],[-58.53829,-34.19946],[-58.53917,-34.19894],[-58.53976,-34.19852],[-58.54009,-34.19798],[-58.54011,-34.19747],[-58.53977,-34.19679],[-58.53924,-34.1955],[-58.53879,-34.19399],[-58.53828,-34.19232],[-58.53786,-34.19136],[-58.53716,-34.19041],[-58.53631,-34.18926],[-58.53611,-34.18882],[-58.53605,-34.18792],[-58.53596,-34.18717],[-58.53568,-34.18668],[-58.53509,-34.18614],[-58.53455,-34.18563],[-58.5343,-34.18503],[-58.53434,-34.18401],[-58.53456,-34.18327],[-58.53533,-34.18255],[-58.53634,-34.18174],[-58.53718,-34.18118],[-58.53774,-34.18082],[-58.53818,-34.18016],[-58.53838,-34.17932],[-58.53894,-34.17856],[-58.53909,-34.1776],[-58.53953,-34.17718],[-58.5403,-34.17659],[-58.54088,-34.17595],[-58.5411,-34.17519],[-58.54097,-34.17453],[-58.54056,-34.17376],[-58.5397,-34.17296],[-58.53846,-34.1721],[-58.53726,-34.17117],[-58.53637,-34.17028],[-58.53581,-34.16937],[-58.53516,-34.16812],[-58.53463,-34.16716],[-58.53465,-34.16629],[-58.535,-34.1647],[-58.53555,-34.16263],[-58.53587,-34.16156],[-58.53607,-34.15953],[-58.53653,-34.15648],[-58.53686,-34.15454]]}},{"type":"Feature","properties":{"name":"Arroyo Caracoles","layer":"Rios y Arroyos"},"geometry":{"type":"LineString","coordinates":[[-58.52559,-34.26832],[-58.52604,-34.26767],[-58.52681,-34.26512],[-58.52691,-34.26351],[-58.52622,-34.26208],[-58.5255,-34.2608],[-58.5243,-34.25962],[-58.52294,-34.25833],[-58.52173,-34.2574],[-58.52028,-34.25668],[-58.51876,-34.25596],[-58.51813,-34.25535],[-58.51786,-34.25461],[-58.51799,-34.25388],[-58.5189,-34.25245],[-58.51936,-34.2515],[-58.51938,-34.25082],[-58.51908,-34.25003],[-58.51834,-34.24912],[-58.51807,-34.24852],[-58.51776,-34.24809],[-58.51724,-34.24771],[-58.51622,-34.24725],[-58.51597,-34.2469],[-58.51599,-34.24617],[-58.51605,-34.2455],[-58.51576,-34.24515],[-58.51515,-34.24495],[-58.51419,-34.24487],[-58.51328,-34.24448],[-58.51239,-34.24391],[-58.51117,-34.24321],[-58.51053,-34.24262],[-58.51029,-34.24166],[-58.51021,-34.24047],[-58.50961,-34.23879],[-58.50872,-34.23705],[-58.50828,-34.23611],[-58.50738,-34.23533],[-58.50633,-34.23461],[-58.50532,-34.23435],[-58.50204,-34.23395],[-58.50103,-34.23397],[-58.49766,-34.23427],[-58.49697,-34.23453],[-58.49623,-34.23525],[-58.49538,-34.23656],[-58.49457,-34.23812],[-58.49428,-34.2393],[-58.49394,-34.24164],[-58.49398,-34.24402],[-58.49375,-34.24534],[-58.49312,-34.24639],[-58.49194,-34.24739],[-58.49123,-34.24823],[-58.49097,-34.2487]]}},{"type":"Feature","properties":{"name":"Arroyo Morán","layer":"Rios y Arroyos"},"geometry":{"type":"LineString","coordinates":[[-58.50863,-34.23636],[-58.50949,-34.23633],[-58.51024,-34.2362],[-58.51056,-34.23593],[-58.51087,-34.23531],[-58.51099,-34.23457],[-58.51116,-34.23394],[-58.51122,-34.23318],[-58.51103,-34.23197],[-58.51029,-34.23015],[-58.50981,-34.22909],[-58.50968,-34.22854],[-58.5096,-34.22788],[-58.50975,-34.22738],[-58.5102,-34.22696],[-58.51172,-34.22572],[-58.51264,-34.2251],[-58.51312,-34.22427],[-58.51325,-34.22365],[-58.51311,-34.22267],[-58.51295,-34.22228],[-58.51301,-34.22194],[-58.51315,-34.22139],[-58.51331,-34.22112],[-58.51341,-34.22088],[-58.51369,-34.22049],[-58.51408,-34.21979],[-58.5144,-34.2191],[-58.51466,-34.21833]]}},{"type":"Feature","properties":{"name":"Arroyo Morancito","layer":"Rios y Arroyos"},"geometry":{"type":"LineString","coordinates":[[-58.51283,-34.22224],[-58.5126,-34.2221],[-58.51244,-34.22192],[-58.51216,-34.22171],[-58.51185,-34.22125],[-58.51139,-34.22057],[-58.51092,-34.21976],[-58.51031,-34.21863],[-58.51003,-34.2181],[-58.50971,-34.2177],[-58.50946,-34.21732],[-58.50916,-34.21682],[-58.50905,-34.2165],[-58.50874,-34.21602],[-58.50849,-34.21545],[-58.50837,-34.215],[-58.50838,-34.2145],[-58.50839,-34.21389],[-58.50834,-34.2134],[-58.50846,-34.21258],[-58.50867,-34.21105],[-58.5088,-34.2099],[-58.50873,-34.2092],[-58.5085,-34.20864],[-58.50819,-34.20822],[-58.50773,-34.20768],[-58.50723,-34.20699],[-58.50675,-34.20638]]}},{"type":"Feature","properties":{"name":"Arroyo Chaná","layer":"Rios y Arroyos"},"geometry":{"type":"LineString","coordinates":[[-58.49915,-34.26764],[-58.50011,-34.26606],[-58.50057,-34.26404],[-58.5005,-34.26183],[-58.49957,-34.25829],[-58.4985,-34.25529],[-58.49667,-34.25236],[-58.49485,-34.25067],[-58.49262,-34.24962],[-58.49059,-34.24889],[-58.48814,-34.2486],[-58.48702,-34.24849],[-58.48618,-34.24822],[-58.48548,-34.24766],[-58.48516,-34.24724],[-58.48462,-34.24542],[-58.48443,-34.24285],[-58.48425,-34.24142],[-58.4837,-34.24066],[-58.48276,-34.24003],[-58.48173,-34.23954],[-58.48147,-34.23921],[-58.48141,-34.23742],[-58.48145,-34.23483],[-58.48212,-34.23171],[-58.48297,-34.22991],[-58.48457,-34.2281],[-58.48699,-34.22603],[-58.48804,-34.22507],[-58.4899,-34.22279],[-58.49244,-34.21946],[-58.4943,-34.21565],[-58.49485,-34.21377],[-58.49531,-34.21094],[-58.49582,-34.20697],[-58.49597,-34.20382],[-58.49591,-34.20275],[-58.49549,-34.2021],[-58.49473,-34.20128],[-58.49236,-34.19978],[-58.49056,-34.19874],[-58.48939,-34.19784],[-58.48624,-34.19491]]}},{"type":"Feature","properties":{"name":"Arroyo Chanacito","layer":"Rios y Arroyos"},"geometry":{"type":"LineString","coordinates":[[-58.48126,-34.23927],[-58.48004,-34.23972],[-58.47919,-34.23989],[-58.4785,-34.23991],[-58.47801,-34.23983],[-58.4775,-34.23958],[-58.47707,-34.23923],[-58.47667,-34.23873],[-58.47644,-34.23816],[-58.47628,-34.23774],[-58.47582,-34.23735],[-58.47521,-34.23684],[-58.47447,-34.23634],[-58.47402,-34.23619],[-58.47291,-34.23598],[-58.47155,-34.2357],[-58.47112,-34.23546],[-58.47029,-34.23551],[-58.46887,-34.23563],[-58.46776,-34.23599],[-58.46675,-34.2364],[-58.46607,-34.23678],[-58.46551,-34.23721],[-58.46475,-34.238],[-58.46406,-34.23865],[-58.46354,-34.23884],[-58.46315,-34.23897],[-58.46201,-34.23902],[-58.46174,-34.23913],[-58.46093,-34.24004],[-58.45969,-34.24151],[-58.4592,-34.24228],[-58.459,-34.24307],[-58.45868,-34.24429],[-58.45794,-34.24458],[-58.45673,-34.24476],[-58.45619,-34.24475],[-58.45568,-34.24456],[-58.45505,-34.24418],[-58.45457,-34.24418],[-58.45374,-34.24457],[-58.45266,-34.24511],[-58.45167,-34.24601],[-58.45088,-34.24708],[-58.45009,-34.24778],[-58.44897,-34.24817],[-58.44733,-34.2485],[-58.44632,-34.249],[-58.44564,-34.24971],[-58.44538,-34.25023],[-58.44568,-34.25113]]}},{"type":"Feature","properties":{"name":"Arroyo Los Angelitos","layer":"Rios y Arroyos"},"geometry":{"type":"LineString","coordinates":[[-58.48304,-34.24036],[-58.48257,-34.24063],[-58.48137,-34.24099],[-58.47852,-34.24177],[-58.47236,-34.24335],[-58.47119,-34.2434],[-58.47033,-34.24329],[-58.46876,-34.24361],[-58.46801,-34.24389],[-58.46778,-34.24392],[-58.46744,-34.24384],[-58.46705,-34.24386],[-58.46622,-34.24397],[-58.46595,-34.24408],[-58.46579,-34.24399],[-58.4652,-34.24383],[-58.46419,-34.24358],[-58.46386,-34.24352],[-58.46368,-34.24342],[-58.46347,-34.2434],[-58.46332,-34.24344],[-58.46296,-34.24331],[-58.46276,-34.24326],[-58.46199,-34.24355],[-58.46134,-34.24372],[-58.4602,-34.24443],[-58.45934,-34.24443],[-58.45882,-34.24426]]}},{"type":"Feature","properties":{"name":"Arroyo del Bombo","layer":"Rios y Arroyos"},"geometry":{"type":"LineString","coordinates":[[-58.45252,-34.26226],[-58.45252,-34.26148],[-58.45267,-34.26038],[-58.45304,-34.25933],[-58.45385,-34.25807],[-58.4543,-34.25713],[-58.45458,-34.25553],[-58.45481,-34.25446],[-58.45513,-34.25357],[-58.45561,-34.25308],[-58.45603,-34.25292],[-58.4566,-34.25294],[-58.45725,-34.25335],[-58.45799,-34.25389],[-58.45884,-34.25425],[-58.45993,-34.25433],[-58.461,-34.25421],[-58.46191,-34.25422],[-58.46281,-34.25417],[-58.4635,-34.25429],[-58.46396,-34.25441],[-58.46476,-34.25433],[-58.4651,-34.2546],[-58.46547,-34.25572],[-58.46548,-34.25612],[-58.46531,-34.25664],[-58.46542,-34.25698],[-58.46596,-34.25731],[-58.46667,-34.25755],[-58.46699,-34.25751],[-58.46752,-34.25753],[-58.46816,-34.25769],[-58.46847,-34.25784],[-58.46868,-34.25831],[-58.4687,-34.2587],[-58.4692,-34.25908],[-58.46979,-34.25944],[-58.47008,-34.25956]]}},{"type":"Feature","properties":{"name":"Arroyo Baldozas","layer":"Rios y Arroyos"},"geometry":{"type":"LineString","coordinates":[[-58.45251,-34.26689],[-58.45328,-34.26461],[-58.45297,-34.26326],[-58.45195,-34.26221],[-58.45075,-34.26126],[-58.45038,-34.26039],[-58.45015,-34.25975],[-58.45005,-34.25812],[-58.44958,-34.25639],[-58.44861,-34.25414],[-58.44741,-34.25266],[-58.44613,-34.25172],[-58.44543,-34.25154],[-58.44457,-34.25228],[-58.44338,-34.25315],[-58.44306,-34.25323],[-58.44243,-34.25314],[-58.44149,-34.25267],[-58.44,-34.25152],[-58.43791,-34.25014],[-58.43761,-34.24974],[-58.43722,-34.24914],[-58.43671,-34.24853],[-58.43621,-34.24815],[-58.43561,-34.24799],[-58.43505,-34.24832],[-58.43453,-34.24868],[-58.43365,-34.24881],[-58.43265,-34.24872],[-58.43244,-34.24869]]}},{"type":"Feature","properties":{"name":"Arroyo Los Terneros","layer":"Rios y Arroyos"},"geometry":{"type":"LineString","coordinates":[[-60.76935,-32.3402],[-60.77009,-32.33964],[-60.77062,-32.33954],[-60.77124,-32.33969],[-60.77181,-32.34016],[-60.77206,-32.34051],[-60.77222,-32.3421],[-60.77284,-32.34533],[-60.77305,-32.34583],[-60.7741,-32.34757],[-60.77454,-32.34808],[-60.77484,-32.34857],[-60.77512,-32.34951],[-60.77551,-32.35086],[-60.77572,-32.35207],[-60.7762,-32.35447],[-60.77696,-32.35734],[-60.77728,-32.35922],[-60.77749,-32.36078],[-60.77754,-32.36207],[-60.77775,-32.36334],[-60.7783,-32.36463],[-60.77958,-32.36729],[-60.78034,-32.36825],[-60.7816,-32.36932],[-60.78237,-32.37],[-60.78313,-32.37101],[-60.78352,-32.37193],[-60.7845,-32.37455],[-60.78563,-32.37727],[-60.78578,-32.37791],[-60.78627,-32.38021],[-60.78663,-32.38137],[-60.78688,-32.38253],[-60.78724,-32.38588],[-60.78745,-32.3869],[-60.78789,-32.38866],[-60.78864,-32.39074],[-60.78916,-32.39229],[-60.78927,-32.39308],[-60.78928,-32.3941],[-60.78941,-32.39458],[-60.78982,-32.39485],[-60.7907,-32.39509],[-60.79125,-32.3954],[-60.79175,-32.39598],[-60.79202,-32.39657],[-60.79219,-32.39764],[-60.79209,-32.39859],[-60.79173,-32.3993],[-60.791,-32.39988],[-60.79043,-32.40037],[-60.79004,-32.40094],[-60.78961,-32.40204],[-60.78953,-32.40283],[-60.78994,-32.40393],[-60.79072,-32.40503],[-60.7914,-32.4065],[-60.79196,-32.40725],[-60.79279,-32.40823],[-60.7934,-32.40942],[-60.79447,-32.41112],[-60.7951,-32.41201],[-60.79583,-32.41354],[-60.79637,-32.41433],[-60.79727,-32.41505],[-60.79805,-32.41563],[-60.79935,-32.41728],[-60.80096,-32.41948],[-60.80351,-32.42192],[-60.80534,-32.42337],[-60.80639,-32.42449],[-60.80739,-32.42573],[-60.80848,-32.42727],[-60.80928,-32.42848],[-60.80951,-32.42939]]}},{"type":"Feature","properties":{"name":"Arroyo Ensenada","layer":"Rios y Arroyos"},"geometry":{"type":"LineString","coordinates":[[-60.64075,-32.05021],[-60.63846,-32.04992],[-60.6367,-32.04929],[-60.63614,-32.0481],[-60.63642,-32.04589],[-60.6368,-32.04406],[-60.63756,-32.04249],[-60.63717,-32.04115],[-60.63553,-32.0393],[-60.63466,-32.03812],[-60.63311,-32.0383],[-60.63157,-32.03932],[-60.63064,-32.04086],[-60.62969,-32.0419],[-60.62783,-32.04299],[-60.62547,-32.04382],[-60.62117,-32.04467],[-60.61751,-32.0451],[-60.61589,-32.04567],[-60.61509,-32.04691],[-60.61486,-32.04841],[-60.61362,-32.04928],[-60.61086,-32.05011],[-60.60806,-32.05],[-60.60516,-32.04955],[-60.60316,-32.04977],[-60.60201,-32.05093],[-60.6004,-32.05313],[-60.59934,-32.05425],[-60.5974,-32.05477],[-60.59468,-32.05515],[-60.5922,-32.0552],[-60.58999,-32.05548],[-60.58804,-32.05652],[-60.58666,-32.05714],[-60.58553,-32.05725],[-60.58411,-32.05706],[-60.58371,-32.05662],[-60.58351,-32.05484],[-60.58364,-32.05335],[-60.58371,-32.05255],[-60.58328,-32.0519],[-60.58246,-32.05125],[-60.58174,-32.05071],[-60.58089,-32.05038],[-60.57974,-32.05034],[-60.57894,-32.05073],[-60.57789,-32.05169],[-60.577,-32.05272],[-60.57576,-32.05363],[-60.57414,-32.05437],[-60.57272,-32.05493],[-60.5714,-32.05507],[-60.5704,-32.05515],[-60.56992,-32.05551],[-60.5699,-32.05623],[-60.57049,-32.05864],[-60.57124,-32.06024],[-60.5711,-32.06145],[-60.57062,-32.06237],[-60.56955,-32.06347],[-60.56858,-32.06484],[-60.56783,-32.06632],[-60.56635,-32.06759],[-60.56485,-32.0681],[-60.56348,-32.06788],[-60.5627,-32.06683],[-60.561,-32.06583],[-60.55963,-32.06594],[-60.55824,-32.06692],[-60.55648,-32.06806],[-60.55463,-32.0686],[-60.55289,-32.06824],[-60.55101,-32.06763],[-60.5501,-32.06783],[-60.54993,-32.06837],[-60.55011,-32.07064],[-60.54976,-32.07158],[-60.54919,-32.07209],[-60.54792,-32.07173],[-60.54667,-32.07073],[-60.54536,-32.07014],[-60.54345,-32.07015],[-60.54184,-32.0707],[-60.54047,-32.0716],[-60.53945,-32.07171],[-60.53706,-32.07252],[-60.53539,-32.07242],[-60.53482,-32.07173],[-60.53479,-32.07047],[-60.5351,-32.06954],[-60.53574,-32.06901],[-60.5363,-32.06833]]}},{"type":"Feature","properties":{"name":"Arroyo Diablo","layer":"Rios y Arroyos"},"geometry":{"type":"LineString","coordinates":[[-58.43673,-34.26732],[-58.43627,-34.26639],[-58.43659,-34.2647],[-58.43643,-34.26372],[-58.43579,-34.26314],[-58.43461,-34.2625],[-58.43367,-34.26215],[-58.43281,-34.26168],[-58.43154,-34.2607],[-58.42987,-34.25934],[-58.42719,-34.25725],[-58.42593,-34.25635],[-58.42517,-34.25574],[-58.42479,-34.25512],[-58.42442,-34.25416],[-58.42378,-34.25286],[-58.42322,-34.252],[-58.42199,-34.25052],[-58.42061,-34.2485],[-58.42003,-34.2471],[-58.41854,-34.24579],[-58.41762,-34.24481],[-58.417,-34.24369],[-58.4166,-34.24195],[-58.41631,-34.24043],[-58.41587,-34.23912],[-58.41522,-34.23774],[-58.41414,-34.23627],[-58.41326,-34.23477],[-58.41304,-34.23378],[-58.41297,-34.23268],[-58.41311,-34.23135],[-58.41322,-34.22964],[-58.41306,-34.22912]]}},{"type":"Feature","properties":{"name":"Arroyo Diablito","layer":"Rios y Arroyos"},"geometry":{"type":"LineString","coordinates":[[-58.39764,-34.23215],[-58.39758,-34.23286],[-58.39767,-34.2336],[-58.39822,-34.23471],[-58.39921,-34.23584],[-58.40069,-34.23718],[-58.40185,-34.23809],[-58.40254,-34.23882],[-58.40331,-34.23985],[-58.40375,-34.2407],[-58.40404,-34.24187],[-58.40424,-34.24301],[-58.40433,-34.24396],[-58.4043,-34.24514],[-58.40398,-34.24628],[-58.40331,-34.24778],[-58.40309,-34.24883],[-58.40318,-34.24993],[-58.40369,-34.25169],[-58.40406,-34.25312],[-58.40415,-34.25454],[-58.40413,-34.25568],[-58.40413,-34.25743]]}},{"type":"Feature","properties":{"name":"Arroyo Fermin","layer":"Rios y Arroyos"},"geometry":{"type":"LineString","coordinates":[[-58.79784,-34.22927],[-58.79858,-34.22895],[-58.79945,-34.22848],[-58.80192,-34.22728],[-58.80338,-34.22663],[-58.80391,-34.22646],[-58.80428,-34.2264],[-58.80458,-34.22653],[-58.80507,-34.22695],[-58.80561,-34.22735],[-58.80616,-34.22772],[-58.80625,-34.2278],[-58.80653,-34.22785],[-58.80706,-34.22785],[-58.80789,-34.22769],[-58.8089,-34.22765],[-58.80954,-34.22756],[-58.81025,-34.22732],[-58.81123,-34.22671],[-58.81272,-34.22538],[-58.81431,-34.22391],[-58.81532,-34.22341],[-58.81582,-34.22327],[-58.81591,-34.22261],[-58.81585,-34.22241],[-58.81602,-34.22227],[-58.81622,-34.22222],[-58.81635,-34.22205],[-58.81645,-34.22182],[-58.81655,-34.22175],[-58.81681,-34.2218],[-58.81714,-34.22186],[-58.8174,-34.22174],[-58.81741,-34.22172],[-58.81808,-34.22093],[-58.81833,-34.22075],[-58.81909,-34.22041],[-58.81952,-34.22034],[-58.82003,-34.22],[-58.82046,-34.21981],[-58.82079,-34.21956],[-58.82101,-34.21949],[-58.82153,-34.21925],[-58.82174,-34.21899],[-58.82211,-34.21876],[-58.82267,-34.21847],[-58.82289,-34.21823],[-58.82328,-34.21822],[-58.82339,-34.21827],[-58.82366,-34.21827],[-58.82382,-34.21817],[-58.82404,-34.21816],[-58.82427,-34.21809],[-58.82479,-34.21822],[-58.825,-34.21808],[-58.82515,-34.2181],[-58.82528,-34.21827],[-58.82532,-34.21849],[-58.82578,-34.21887]]}},{"type":"Feature","properties":{"name":"Arroyo Las Rosas","layer":"Rios y Arroyos"},"geometry":{"type":"LineString","coordinates":[[-58.79584,-34.23028],[-58.79798,-34.23098],[-58.79871,-34.23129],[-58.79916,-34.23175],[-58.79952,-34.23264],[-58.79974,-34.23379],[-58.79984,-34.23442],[-58.80025,-34.23472],[-58.80123,-34.23505],[-58.80205,-34.23557],[-58.80261,-34.23582],[-58.80297,-34.23612],[-58.80311,-34.23663],[-58.80296,-34.23724],[-58.8022,-34.23846],[-58.80043,-34.24072],[-58.79936,-34.24264],[-58.79895,-34.24322],[-58.7983,-34.2437],[-58.79703,-34.24453],[-58.79626,-34.2456],[-58.79438,-34.24818],[-58.79368,-34.24953],[-58.79354,-34.25027],[-58.79359,-34.2516],[-58.7933,-34.25203],[-58.79191,-34.2531],[-58.79101,-34.25351],[-58.78982,-34.25388],[-58.78856,-34.25454],[-58.78797,-34.255],[-58.78768,-34.2556],[-58.78743,-34.25678],[-58.78728,-34.25793],[-58.78699,-34.25894],[-58.78644,-34.26001],[-58.78582,-34.26109],[-58.78512,-34.26267],[-58.78464,-34.26402],[-58.78413,-34.26499],[-58.78326,-34.26595],[-58.78232,-34.26668],[-58.7817,-34.26728],[-58.78143,-34.2679],[-58.78143,-34.26851],[-58.78118,-34.27038],[-58.78107,-34.27128],[-58.78062,-34.27153],[-58.77994,-34.27169],[-58.77852,-34.27191],[-58.77794,-34.2722],[-58.77724,-34.27281],[-58.77669,-34.27338],[-58.77624,-34.27397],[-58.77605,-34.27486],[-58.77601,-34.27589],[-58.77587,-34.27683],[-58.77548,-34.2776],[-58.77498,-34.27839],[-58.77485,-34.27902],[-58.77468,-34.28005],[-58.77457,-34.2811],[-58.7747,-34.2818],[-58.77506,-34.2828],[-58.77576,-34.28464],[-58.7759,-34.28516]]}},{"type":"Feature","properties":{"name":"Arroyo La Plantadora","layer":"Rios y Arroyos"},"geometry":{"type":"LineString","coordinates":[[-58.73629,-34.24596],[-58.73757,-34.2525],[-58.73732,-34.25285],[-58.73631,-34.25386],[-58.73603,-34.25421],[-58.73596,-34.25453],[-58.73626,-34.25593],[-58.73635,-34.25651],[-58.73629,-34.25709],[-58.73606,-34.25801],[-58.73595,-34.25824],[-58.73587,-34.25834],[-58.7359,-34.25856],[-58.7358,-34.25881],[-58.73572,-34.25896]]}},{"type":"Feature","properties":{"name":"Arroyo Capitancito","layer":"Rios y Arroyos"},"geometry":{"type":"LineString","coordinates":[[-58.51329,-34.27408],[-58.51401,-34.27391],[-58.51474,-34.27381],[-58.51522,-34.27399],[-58.51583,-34.27475],[-58.51688,-34.2758],[-58.51744,-34.27637],[-58.51877,-34.27721],[-58.51925,-34.27756],[-58.52004,-34.27804],[-58.52079,-34.27834],[-58.52159,-34.27844],[-58.52228,-34.27837],[-58.52318,-34.2781],[-58.52382,-34.27789],[-58.52463,-34.27778],[-58.52528,-34.27776],[-58.52575,-34.27795],[-58.52683,-34.2784],[-58.5275,-34.27855],[-58.52815,-34.27856],[-58.52909,-34.27853],[-58.52999,-34.27866],[-58.53046,-34.27871],[-58.53101,-34.27899],[-58.53244,-34.27934],[-58.53303,-34.27931],[-58.53373,-34.27895],[-58.53413,-34.27885],[-58.5344,-34.27871],[-58.53452,-34.27846],[-58.53471,-34.27838],[-58.53505,-34.27849],[-58.53534,-34.27849],[-58.53568,-34.2783],[-58.53608,-34.27813],[-58.53673,-34.27802],[-58.53714,-34.27791],[-58.53736,-34.27784],[-58.53768,-34.27786],[-58.53798,-34.27797],[-58.53838,-34.27801],[-58.53891,-34.27803],[-58.53962,-34.27804],[-58.54016,-34.27801],[-58.541,-34.27809],[-58.54142,-34.27809],[-58.54176,-34.27817],[-58.54207,-34.27834],[-58.5424,-34.27844],[-58.54251,-34.27858],[-58.54275,-34.27859],[-58.54322,-34.27858],[-58.5436,-34.27865],[-58.54375,-34.27877],[-58.54395,-34.27875],[-58.54414,-34.27871],[-58.54458,-34.27876],[-58.5451,-34.27863],[-58.54545,-34.27847],[-58.54589,-34.27849],[-58.54627,-34.27838],[-58.54639,-34.27823],[-58.54657,-34.2781],[-58.5468,-34.27799],[-58.54725,-34.27803]]}},{"type":"Feature","properties":{"name":"Arroyo Paraguay","layer":"Rios y Arroyos"},"geometry":{"type":"LineString","coordinates":[[-58.46479,-34.21074],[-58.46509,-34.21086],[-58.46521,-34.21116],[-58.46523,-34.21139],[-58.46544,-34.21172],[-58.46601,-34.21239],[-58.46612,-34.21261],[-58.46617,-34.2129],[-58.4661,-34.21342],[-58.46601,-34.21396],[-58.46587,-34.21464],[-58.46591,-34.21547],[-58.46608,-34.21608],[-58.46632,-34.21699],[-58.46657,-34.21767],[-58.46694,-34.21826],[-58.46733,-34.2187],[-58.46772,-34.2191]]}},{"type":"Feature","properties":{"name":"Arroyo La Plata","layer":"Rios y Arroyos"},"geometry":{"type":"LineString","coordinates":[[-58.4577,-34.21612],[-58.45802,-34.21639],[-58.4582,-34.21688],[-58.45818,-34.21755],[-58.45797,-34.21822],[-58.45784,-34.21894],[-58.45784,-34.2202],[-58.45782,-34.22155],[-58.45794,-34.22252],[-58.45823,-34.22314],[-58.45841,-34.2234],[-58.45837,-34.22417],[-58.45853,-34.22469],[-58.45869,-34.22529],[-58.45876,-34.22567],[-58.45937,-34.22621],[-58.45973,-34.22719]]}},{"type":"Feature","properties":{"name":"Arroyo Las Naciones","layer":"Rios y Arroyos"},"geometry":{"type":"LineString","coordinates":[[-58.44937,-34.22041],[-58.44961,-34.22059],[-58.44963,-34.22093],[-58.44943,-34.22194],[-58.44912,-34.22326],[-58.44881,-34.22458],[-58.44847,-34.22565],[-58.44838,-34.22612],[-58.44837,-34.22674],[-58.44855,-34.22747],[-58.44882,-34.228],[-58.44927,-34.229],[-58.44964,-34.22994],[-58.44974,-34.23044],[-58.44964,-34.23087],[-58.44936,-34.23222],[-58.4493,-34.23306]]}},{"type":"Feature","properties":{"name":"Arroyo Miní","layer":"Rios y Arroyos"},"geometry":{"type":"LineString","coordinates":[[-58.43061,-34.22482],[-58.43092,-34.22501],[-58.431,-34.2253],[-58.4307,-34.22563],[-58.4305,-34.22637],[-58.43017,-34.22739],[-58.4301,-34.22825],[-58.43016,-34.22995],[-58.43024,-34.23069],[-58.43043,-34.23159],[-58.43082,-34.2329],[-58.43143,-34.23408],[-58.43191,-34.23507],[-58.43238,-34.23633],[-58.43285,-34.23751],[-58.43337,-34.23851],[-58.43364,-34.23883],[-58.43371,-34.2391],[-58.43421,-34.23955],[-58.43456,-34.23971],[-58.43499,-34.23978]]}},{"type":"Feature","properties":{"name":"Riacho Vapor Viejo","layer":"Rios y Arroyos"},"geometry":{"type":"LineString","coordinates":[[-60.65496,-32.09792],[-60.65151,-32.10134],[-60.65024,-32.10513],[-60.65169,-32.10987],[-60.65443,-32.11434],[-60.65714,-32.11696],[-60.66182,-32.11869],[-60.66641,-32.12057],[-60.68024,-32.12684]]}},{"type":"Feature","properties":{"name":"Arroyo Correntino","layer":"Rios y Arroyos"},"geometry":{"type":"LineString","coordinates":[[-58.71537,-34.24968],[-58.71571,-34.25031],[-58.71539,-34.25088],[-58.71518,-34.25141],[-58.71529,-34.25205],[-58.7156,-34.25284],[-58.7163,-34.25432],[-58.71648,-34.25519],[-58.71662,-34.25641],[-58.71688,-34.25737],[-58.71784,-34.25914],[-58.71803,-34.25975],[-58.71795,-34.26044],[-58.71769,-34.26138],[-58.71716,-34.26238],[-58.71682,-34.26318],[-58.71677,-34.26373],[-58.71703,-34.26444],[-58.71743,-34.26522],[-58.71798,-34.26589],[-58.71888,-34.26704],[-58.71915,-34.2675],[-58.71923,-34.26845],[-58.71931,-34.27011],[-58.71936,-34.27089],[-58.71953,-34.27143],[-58.71996,-34.27289],[-58.72005,-34.2736],[-58.72001,-34.27433],[-58.71968,-34.27518],[-58.71923,-34.27597],[-58.7189,-34.27656],[-58.71869,-34.27705],[-58.71867,-34.27754],[-58.71889,-34.27889],[-58.71884,-34.27976],[-58.71875,-34.28116],[-58.71822,-34.28329],[-58.71751,-34.28474],[-58.71664,-34.28624],[-58.71606,-34.28759],[-58.71567,-34.28884],[-58.71529,-34.29038],[-58.71449,-34.2918],[-58.71395,-34.29279],[-58.7137,-34.2938],[-58.71348,-34.29415],[-58.71286,-34.29455],[-58.71227,-34.29491],[-58.71202,-34.29532],[-58.71173,-34.29625],[-58.7112,-34.29776],[-58.71118,-34.29822],[-58.71145,-34.29905],[-58.71157,-34.29995],[-58.71159,-34.3008],[-58.71172,-34.30126],[-58.71215,-34.30153]]}},{"type":"Feature","properties":{"name":"Arroyo Lever","layer":"Rios y Arroyos"},"geometry":{"type":"LineString","coordinates":[[-58.68579,-34.25804],[-58.68578,-34.25849],[-58.68542,-34.25915],[-58.68476,-34.25994],[-58.68423,-34.26074],[-58.68373,-34.26175],[-58.68301,-34.26287],[-58.68248,-34.26379],[-58.68216,-34.26438],[-58.68185,-34.26478],[-58.68184,-34.26514],[-58.6821,-34.26571],[-58.68325,-34.26763],[-58.68435,-34.26949],[-58.68459,-34.27005],[-58.68513,-34.27212],[-58.68544,-34.27248],[-58.6867,-34.27367],[-58.68725,-34.27435],[-58.68785,-34.27537],[-58.68852,-34.27664],[-58.68894,-34.27715],[-58.68955,-34.27768],[-58.69038,-34.27867],[-58.69082,-34.27893],[-58.69189,-34.27949],[-58.69235,-34.27984],[-58.69382,-34.28107],[-58.69492,-34.28225],[-58.69644,-34.28397],[-58.69714,-34.28461],[-58.69736,-34.28493],[-58.69744,-34.28533],[-58.69754,-34.28633],[-58.69767,-34.28721],[-58.698,-34.28755],[-58.69881,-34.2879],[-58.69952,-34.28814],[-58.70221,-34.28991],[-58.70307,-34.29048],[-58.70325,-34.29115],[-58.70354,-34.29172],[-58.70389,-34.29217],[-58.70381,-34.29243],[-58.70298,-34.29308],[-58.70258,-34.2934],[-58.70204,-34.29413],[-58.70174,-34.29442],[-58.7015,-34.29478],[-58.7014,-34.29523],[-58.7014,-34.29592],[-58.70126,-34.2965],[-58.70123,-34.29709],[-58.70125,-34.29756],[-58.70132,-34.29814],[-58.70141,-34.29849],[-58.70128,-34.29876],[-58.70055,-34.29918],[-58.69971,-34.29949],[-58.69963,-34.29976],[-58.69973,-34.30045],[-58.69994,-34.3011],[-58.7002,-34.30186],[-58.70074,-34.30262],[-58.70104,-34.30281],[-58.70116,-34.30307],[-58.7009,-34.30344],[-58.70026,-34.30392],[-58.69961,-34.30464],[-58.69943,-34.30503],[-58.69946,-34.30541],[-58.6991,-34.30628],[-58.69891,-34.30652],[-58.69885,-34.30715],[-58.69911,-34.30754],[-58.6992,-34.30798],[-58.69901,-34.30832],[-58.69864,-34.3086],[-58.69802,-34.30872],[-58.69734,-34.3089],[-58.69706,-34.30888],[-58.69665,-34.30928],[-58.69631,-34.31006],[-58.69595,-34.31063],[-58.69533,-34.31113],[-58.69449,-34.31179],[-58.69301,-34.31303],[-58.68901,-34.31623],[-58.68787,-34.31696],[-58.68714,-34.3175],[-58.68631,-34.31777],[-58.68572,-34.31791],[-58.6854,-34.31827],[-58.68542,-34.31867],[-58.68579,-34.31944],[-58.68639,-34.31998],[-58.68695,-34.32077],[-58.68717,-34.32135],[-58.68685,-34.32193],[-58.68632,-34.32288],[-58.68606,-34.32359],[-58.68575,-34.32438],[-58.68545,-34.32476],[-58.68467,-34.32531],[-58.68407,-34.32577],[-58.68345,-34.32632],[-58.68294,-34.32706],[-58.68246,-34.32787],[-58.68235,-34.32898],[-58.6827,-34.32984],[-58.68318,-34.33066],[-58.68361,-34.33125],[-58.68382,-34.3317],[-58.68373,-34.33223],[-58.68343,-34.33256],[-58.68247,-34.33296],[-58.6814,-34.3333],[-58.68037,-34.33381],[-58.67955,-34.33443],[-58.67918,-34.3349],[-58.67928,-34.3353],[-58.67972,-34.33602],[-58.67994,-34.33653],[-58.68011,-34.33709],[-58.68073,-34.33779],[-58.68086,-34.33826],[-58.68109,-34.33876],[-58.68093,-34.33922],[-58.68047,-34.33961],[-58.67983,-34.34],[-58.67936,-34.34018],[-58.67896,-34.34029],[-58.6785,-34.34079]]}},{"type":"Feature","properties":{"name":"Arroyo Gallo Fiambre","layer":"Rios y Arroyos"},"geometry":{"type":"LineString","coordinates":[[-58.59483,-34.40055],[-58.59548,-34.40019],[-58.59622,-34.39969],[-58.59698,-34.39912],[-58.59745,-34.39875],[-58.59802,-34.39844],[-58.59859,-34.39818],[-58.59957,-34.39783],[-58.60041,-34.3976],[-58.60076,-34.39749],[-58.60096,-34.39731],[-58.60104,-34.39664],[-58.60107,-34.39573],[-58.60109,-34.39549],[-58.60115,-34.39477],[-58.60127,-34.39431],[-58.60148,-34.39379],[-58.60163,-34.39328],[-58.6017,-34.3927],[-58.60173,-34.39238],[-58.60183,-34.39205],[-58.60202,-34.39163],[-58.60213,-34.39132],[-58.60227,-34.39047],[-58.6025,-34.39021],[-58.60273,-34.39012]]}},{"type":"Feature","properties":{"name":"Arroyo Carapachay","layer":"Rios y Arroyos"},"geometry":{"type":"LineString","coordinates":[[-58.63946,-34.27092],[-58.6399,-34.27208],[-58.63981,-34.27279],[-58.63927,-34.27363],[-58.63872,-34.27446],[-58.63799,-34.27535],[-58.63751,-34.27663],[-58.63678,-34.27833],[-58.63644,-34.27905],[-58.63632,-34.27949],[-58.63619,-34.28057],[-58.63592,-34.28084],[-58.6353,-34.28079],[-58.63505,-34.28064],[-58.63467,-34.28062],[-58.63433,-34.28084],[-58.63308,-34.28178],[-58.63305,-34.28202],[-58.63348,-34.28281],[-58.63342,-34.28341],[-58.63297,-34.28437],[-58.63222,-34.28596],[-58.63231,-34.28666],[-58.63284,-34.28748],[-58.63327,-34.2883],[-58.63344,-34.28902],[-58.63312,-34.28982],[-58.63252,-34.29111],[-58.63245,-34.29179],[-58.63266,-34.29295],[-58.63312,-34.29385],[-58.63326,-34.29465],[-58.63334,-34.29516],[-58.63381,-34.2956],[-58.63396,-34.29596],[-58.63411,-34.29697],[-58.63419,-34.2981],[-58.63407,-34.29996],[-58.63383,-34.30117],[-58.63383,-34.30222],[-58.63398,-34.30361],[-58.63426,-34.30468],[-58.63512,-34.30613],[-58.63557,-34.30681],[-58.63571,-34.30755],[-58.63587,-34.30823],[-58.63621,-34.309],[-58.63677,-34.30957],[-58.63753,-34.31021],[-58.63784,-34.31094],[-58.63782,-34.31176],[-58.6375,-34.31302],[-58.63712,-34.31406],[-58.63716,-34.31521],[-58.63757,-34.31602],[-58.63827,-34.31644],[-58.63928,-34.3169],[-58.64091,-34.31824],[-58.64122,-34.31878],[-58.64116,-34.31967],[-58.64094,-34.32076],[-58.64129,-34.3223],[-58.64213,-34.32417],[-58.64281,-34.32521],[-58.64353,-34.32589],[-58.64445,-34.32677],[-58.64481,-34.32762],[-58.6453,-34.32911],[-58.64598,-34.3307],[-58.64675,-34.33212],[-58.64691,-34.33311],[-58.64677,-34.3336],[-58.64554,-34.33449],[-58.64294,-34.33618],[-58.64186,-34.33666],[-58.64048,-34.33719],[-58.63935,-34.33786],[-58.63828,-34.33861],[-58.63802,-34.33906],[-58.63807,-34.34009],[-58.63834,-34.34083],[-58.63892,-34.34227],[-58.63931,-34.34331],[-58.6395,-34.34398],[-58.63916,-34.3445],[-58.63835,-34.34545],[-58.6371,-34.34708],[-58.63677,-34.34777],[-58.63688,-34.34893],[-58.63665,-34.35042],[-58.63661,-34.35226],[-58.63648,-34.35383],[-58.63618,-34.35476],[-58.63472,-34.3555],[-58.63276,-34.35605],[-58.6309,-34.35607],[-58.6298,-34.35626],[-58.62934,-34.35676],[-58.62886,-34.35763],[-58.62863,-34.35806],[-58.62884,-34.3587],[-58.62965,-34.35992],[-58.63033,-34.36062],[-58.63039,-34.361],[-58.62988,-34.36196],[-58.62936,-34.36292],[-58.62903,-34.36385],[-58.62883,-34.36505],[-58.62855,-34.36682],[-58.62839,-34.36791],[-58.62867,-34.36932],[-58.62896,-34.37115],[-58.62877,-34.37212],[-58.62787,-34.37341],[-58.62728,-34.37406],[-58.62524,-34.37493],[-58.6229,-34.37575],[-58.62145,-34.37644],[-58.62062,-34.37744],[-58.62046,-34.3789],[-58.62057,-34.38055],[-58.62038,-34.38142],[-58.61954,-34.38192],[-58.61702,-34.38279],[-58.6149,-34.38377],[-58.6132,-34.38484],[-58.6122,-34.38535],[-58.61154,-34.38535],[-58.61035,-34.38497],[-58.60913,-34.38417],[-58.60797,-34.38341],[-58.60654,-34.38302],[-58.6047,-34.38284],[-58.60339,-34.38299],[-58.60195,-34.38395],[-58.6001,-34.38498],[-58.59826,-34.3852],[-58.59642,-34.38545],[-58.59594,-34.38634],[-58.59555,-34.38756],[-58.59502,-34.3885],[-58.59396,-34.38976],[-58.59284,-34.39076],[-58.59163,-34.39196],[-58.59084,-34.39284],[-58.59065,-34.39334],[-58.59096,-34.39452],[-58.59166,-34.39543],[-58.59352,-34.39737],[-58.59426,-34.39845],[-58.59455,-34.39957],[-58.59459,-34.40091],[-58.59426,-34.40243],[-58.59406,-34.40355],[-58.59425,-34.40417]]}},{"type":"Feature","properties":{"name":"Arroyo Angostura","layer":"Rios y Arroyos"},"geometry":{"type":"LineString","coordinates":[[-58.5926,-34.36967],[-58.59294,-34.37015],[-58.59304,-34.37076],[-58.59295,-34.37125],[-58.5931,-34.37171],[-58.59333,-34.37212],[-58.59328,-34.37259],[-58.59291,-34.37301],[-58.59267,-34.37352],[-58.59223,-34.37444],[-58.59186,-34.37543],[-58.59175,-34.37651],[-58.59192,-34.37768],[-58.59226,-34.37903],[-58.59274,-34.38108],[-58.59304,-34.38161],[-58.59378,-34.38288],[-58.59468,-34.38413],[-58.59551,-34.38508],[-58.59599,-34.38551]]}},{"type":"Feature","properties":{"name":"Arroyo Espera","layer":"Rios y Arroyos"},"geometry":{"type":"LineString","coordinates":[[-58.61881,-34.31199],[-58.61917,-34.31216],[-58.61954,-34.31267],[-58.62027,-34.31344],[-58.6229,-34.31607],[-58.62329,-34.3165],[-58.62348,-34.31695],[-58.62335,-34.3176],[-58.6229,-34.31847],[-58.62167,-34.32126],[-58.62118,-34.32247],[-58.62134,-34.325],[-58.62164,-34.32548],[-58.62269,-34.32704],[-58.6231,-34.32775],[-58.62322,-34.32837],[-58.62304,-34.32931],[-58.62295,-34.33005],[-58.6231,-34.3308],[-58.62371,-34.33195],[-58.62423,-34.33284],[-58.62418,-34.3338],[-58.62392,-34.33425],[-58.62382,-34.33481],[-58.62403,-34.33652],[-58.62439,-34.33867],[-58.62445,-34.34009],[-58.62464,-34.34118],[-58.6246,-34.34304],[-58.62435,-34.34403],[-58.62447,-34.34573],[-58.62473,-34.34749],[-58.62554,-34.34896],[-58.62655,-34.35078],[-58.62657,-34.35112],[-58.62636,-34.35153],[-58.62582,-34.3518],[-58.62435,-34.35245],[-58.6234,-34.35308],[-58.62211,-34.35401],[-58.62118,-34.35494],[-58.62091,-34.35541],[-58.62068,-34.3556],[-58.62048,-34.35564],[-58.62022,-34.35552],[-58.61952,-34.35467],[-58.61896,-34.35361],[-58.61843,-34.3524],[-58.618,-34.3518],[-58.61757,-34.3516],[-58.61721,-34.35162],[-58.61697,-34.35187],[-58.61672,-34.35327],[-58.61636,-34.35519],[-58.61616,-34.3559],[-58.61581,-34.35662],[-58.61531,-34.35716],[-58.61462,-34.35759],[-58.61392,-34.35781],[-58.61354,-34.35779],[-58.61252,-34.35726],[-58.61113,-34.35643],[-58.61033,-34.3559],[-58.60968,-34.35562],[-58.609,-34.35564],[-58.60852,-34.35569],[-58.6082,-34.35625],[-58.60795,-34.35772],[-58.60772,-34.35911],[-58.60745,-34.36036],[-58.60704,-34.3607],[-58.60569,-34.36115],[-58.60409,-34.36163],[-58.60275,-34.36211],[-58.60166,-34.36249],[-58.60146,-34.3627],[-58.60153,-34.36359],[-58.60156,-34.36506],[-58.60115,-34.36616],[-58.60036,-34.36796],[-58.60002,-34.36901],[-58.59967,-34.36985],[-58.59929,-34.37017],[-58.59804,-34.37051],[-58.59648,-34.37099],[-58.59528,-34.37166],[-58.59409,-34.37233],[-58.59356,-34.3725]]}},{"type":"Feature","properties":{"name":"Arroyo Cruz Colorada","layer":"Rios y Arroyos"},"geometry":{"type":"LineString","coordinates":[[-58.62654,-34.27301],[-58.62778,-34.27343],[-58.62853,-34.27381],[-58.6289,-34.27431],[-58.62898,-34.27458],[-58.62886,-34.27521],[-58.6291,-34.27549],[-58.62988,-34.27569],[-58.63016,-34.27594],[-58.63024,-34.2762],[-58.63019,-34.27669],[-58.62989,-34.27831],[-58.62944,-34.27953],[-58.62841,-34.28139],[-58.62734,-34.28331],[-58.62658,-34.28479],[-58.62611,-34.28618],[-58.62592,-34.28773],[-58.6259,-34.28926],[-58.62561,-34.29089],[-58.625,-34.2926],[-58.62508,-34.29326],[-58.62534,-34.29452],[-58.62519,-34.2948],[-58.62472,-34.29489],[-58.6238,-34.2948],[-58.62303,-34.29455],[-58.62272,-34.29456],[-58.62247,-34.29481],[-58.62199,-34.29582],[-58.62189,-34.29618],[-58.62198,-34.29697],[-58.62261,-34.29797],[-58.62327,-34.29889],[-58.62355,-34.29935],[-58.62364,-34.30003],[-58.62354,-34.30117],[-58.62308,-34.3027],[-58.62274,-34.30319],[-58.62212,-34.30493],[-58.62209,-34.30558],[-58.62203,-34.30597],[-58.62167,-34.30626],[-58.62118,-34.30652],[-58.62096,-34.307],[-58.62085,-34.30803],[-58.62046,-34.30941],[-58.61977,-34.31059],[-58.61901,-34.31152],[-58.61878,-34.31186]]}},{"type":"Feature","properties":{"name":"Arroyo Toro","layer":"Rios y Arroyos"},"geometry":{"type":"LineString","coordinates":[[-58.6186,-34.31194],[-58.61814,-34.31217],[-58.61742,-34.31254],[-58.61703,-34.31281],[-58.61669,-34.31324],[-58.61642,-34.31393],[-58.61609,-34.31482],[-58.61583,-34.31538],[-58.61572,-34.31584],[-58.61578,-34.31633],[-58.61623,-34.31718],[-58.61641,-34.31759],[-58.61641,-34.31791],[-58.61618,-34.31853],[-58.61564,-34.31936],[-58.61483,-34.31999],[-58.61405,-34.32041],[-58.61355,-34.32063],[-58.61335,-34.32087],[-58.61333,-34.3213],[-58.61362,-34.32184],[-58.61386,-34.32244],[-58.61408,-34.32353],[-58.61418,-34.32505],[-58.61422,-34.32627],[-58.61403,-34.32702],[-58.61337,-34.32778],[-58.61238,-34.32838],[-58.61151,-34.32881],[-58.61053,-34.32877],[-58.60987,-34.3286],[-58.60934,-34.32835],[-58.60913,-34.32804],[-58.60884,-34.3275],[-58.60838,-34.32705],[-58.60761,-34.32656],[-58.60678,-34.32593],[-58.60622,-34.32528],[-58.60575,-34.32449],[-58.60559,-34.32369],[-58.60547,-34.32257],[-58.60558,-34.32148],[-58.60579,-34.32049],[-58.60574,-34.31992],[-58.60526,-34.31927],[-58.60451,-34.31844],[-58.6037,-34.31763],[-58.60353,-34.31724],[-58.60351,-34.31663],[-58.6033,-34.31644],[-58.60208,-34.3162],[-58.60054,-34.31594],[-58.59907,-34.31567],[-58.59859,-34.3158],[-58.59787,-34.31662],[-58.59711,-34.31765],[-58.5966,-34.31881],[-58.59631,-34.32032],[-58.59587,-34.32214],[-58.5958,-34.32345],[-58.596,-34.32474],[-58.59601,-34.32626],[-58.59586,-34.3272],[-58.59506,-34.32893],[-58.59426,-34.33],[-58.59262,-34.3314],[-58.59172,-34.33211],[-58.59102,-34.33282],[-58.58967,-34.33429],[-58.58868,-34.33526],[-58.58766,-34.33584],[-58.58593,-34.3366],[-58.58356,-34.33737],[-58.58309,-34.33786],[-58.58193,-34.33965],[-58.58115,-34.34139],[-58.5804,-34.34215],[-58.57843,-34.3429],[-58.57635,-34.34392],[-58.57493,-34.34498],[-58.5738,-34.34562],[-58.57091,-34.34615],[-58.56798,-34.34663],[-58.56692,-34.34747],[-58.56594,-34.3484],[-58.56538,-34.34956],[-58.56526,-34.3504]]}},{"type":"Feature","properties":{"name":"Arroyo El Torito","layer":"Rios y Arroyos"},"geometry":{"type":"LineString","coordinates":[[-58.60903,-34.32832],[-58.60856,-34.32846],[-58.60792,-34.32874],[-58.60703,-34.32917],[-58.60619,-34.32961],[-58.60558,-34.33006],[-58.60492,-34.33067],[-58.60487,-34.331],[-58.60506,-34.33143],[-58.60566,-34.33242],[-58.60616,-34.33316],[-58.60634,-34.33351],[-58.60646,-34.33434],[-58.60642,-34.33505],[-58.60635,-34.33608],[-58.6062,-34.3371],[-58.60619,-34.33774],[-58.60635,-34.33841],[-58.60675,-34.33962],[-58.60692,-34.34031],[-58.60703,-34.34106],[-58.60694,-34.34163],[-58.60675,-34.34228],[-58.60623,-34.34308],[-58.60554,-34.34403],[-58.60516,-34.34456],[-58.60516,-34.34476],[-58.60561,-34.34558],[-58.60608,-34.34637],[-58.60639,-34.34712],[-58.60666,-34.34795],[-58.60693,-34.34877],[-58.60716,-34.34972],[-58.60737,-34.35099],[-58.60744,-34.35209],[-58.6077,-34.35311],[-58.60809,-34.35428],[-58.60852,-34.35521],[-58.60873,-34.35557]]}},{"type":"Feature","properties":{"name":"Arroyo Esperita","layer":"Rios y Arroyos"},"geometry":{"type":"LineString","coordinates":[[-58.62022,-34.35568],[-58.61978,-34.35621],[-58.61948,-34.35678],[-58.61927,-34.35738],[-58.61912,-34.35811],[-58.61905,-34.35894],[-58.61923,-34.35979],[-58.61944,-34.36094],[-58.6195,-34.36138],[-58.61929,-34.36227],[-58.61906,-34.36353],[-58.61913,-34.36467],[-58.61951,-34.36593],[-58.61983,-34.36692],[-58.61986,-34.36722],[-58.61971,-34.36743],[-58.61912,-34.3678],[-58.61815,-34.3682],[-58.61705,-34.36843],[-58.61646,-34.36855],[-58.61611,-34.36852],[-58.61585,-34.36857],[-58.61563,-34.3687],[-58.61544,-34.36897],[-58.61524,-34.36947],[-58.61518,-34.36988],[-58.6152,-34.3704],[-58.61539,-34.37084],[-58.61587,-34.37136],[-58.61631,-34.37176],[-58.61662,-34.37213],[-58.61697,-34.37266],[-58.61719,-34.37314],[-58.61756,-34.37387],[-58.61769,-34.37434],[-58.61771,-34.37467],[-58.61754,-34.37514],[-58.61719,-34.37594],[-58.61675,-34.37662],[-58.61627,-34.377],[-58.61572,-34.37731],[-58.61483,-34.37768],[-58.61419,-34.37791],[-58.61352,-34.37822],[-58.61233,-34.3787],[-58.61144,-34.37899],[-58.61064,-34.37914],[-58.61008,-34.37916],[-58.60941,-34.37889],[-58.60844,-34.37854],[-58.60722,-34.37815],[-58.6069,-34.37797],[-58.6057,-34.37719],[-58.60442,-34.37661],[-58.604,-34.3766],[-58.60327,-34.37684],[-58.60276,-34.37712],[-58.60177,-34.37772],[-58.60059,-34.37828],[-58.59923,-34.37884],[-58.59797,-34.37917],[-58.59644,-34.37935],[-58.59548,-34.37945],[-58.59446,-34.37963],[-58.59349,-34.37991],[-58.59308,-34.3801],[-58.59268,-34.38038]]}},{"type":"Feature","properties":{"name":"Riacho Los Novillos","layer":"Rios y Arroyos"},"geometry":{"type":"LineString","coordinates":[[-60.67029,-32.21353],[-60.66576,-32.21786],[-60.66372,-32.22022],[-60.66231,-32.22343],[-60.66129,-32.22873],[-60.66216,-32.23289],[-60.66235,-32.23925],[-60.6624,-32.24335],[-60.66333,-32.24641],[-60.66605,-32.2507],[-60.66919,-32.25213]]}},{"type":"Feature","properties":{"name":"Arroyo Los Reyes","layer":"Rios y Arroyos"},"geometry":{"type":"LineString","coordinates":[[-58.57701,-34.38317],[-58.57855,-34.38232],[-58.57932,-34.38175],[-58.58014,-34.38048],[-58.58081,-34.37952],[-58.58116,-34.37936],[-58.58207,-34.37958],[-58.58274,-34.37989],[-58.58349,-34.38034],[-58.58407,-34.38065],[-58.58467,-34.3808]]}},{"type":"Feature","properties":{"name":"Arroyo Curubica","layer":"Rios y Arroyos"},"geometry":{"type":"LineString","coordinates":[[-58.57852,-34.38648],[-58.57881,-34.38635],[-58.5793,-34.38634],[-58.57972,-34.38652],[-58.58029,-34.38682],[-58.58072,-34.38696],[-58.58103,-34.38698],[-58.58142,-34.38703],[-58.58173,-34.38717],[-58.58259,-34.38787],[-58.58296,-34.38815],[-58.58345,-34.3883],[-58.58396,-34.38842],[-58.58427,-34.38858],[-58.58474,-34.38862],[-58.58489,-34.38864],[-58.5853,-34.38865]]}},{"type":"Feature","properties":{"name":"Rio Sarmiento","layer":"Rios y Arroyos"},"geometry":{"type":"LineString","coordinates":[[-58.56818,-34.41604],[-58.56959,-34.41352],[-58.57101,-34.40917],[-58.57188,-34.40667],[-58.57338,-34.40404],[-58.57375,-34.40188],[-58.57312,-34.39879],[-58.57245,-34.39507],[-58.57302,-34.39332],[-58.57479,-34.39028],[-58.57658,-34.38879],[-58.57799,-34.38753],[-58.5782,-34.38663],[-58.57654,-34.38339],[-58.57554,-34.38205],[-58.57401,-34.38134],[-58.5724,-34.38154],[-58.57053,-34.38167],[-58.56974,-34.38195],[-58.56932,-34.38301],[-58.56862,-34.38444],[-58.56706,-34.38532],[-58.56439,-34.38596],[-58.56289,-34.38608],[-58.56094,-34.38482],[-58.56034,-34.38388],[-58.55994,-34.38241],[-58.55995,-34.38065],[-58.55956,-34.3792],[-58.55862,-34.37847],[-58.55712,-34.37848],[-58.55457,-34.3785],[-58.55384,-34.37856]]}},{"type":"Feature","properties":{"name":"Arroyo Gélvez","layer":"Rios y Arroyos"},"geometry":{"type":"LineString","coordinates":[[-58.59627,-34.32693],[-58.59649,-34.32773],[-58.59679,-34.3286],[-58.59691,-34.32924],[-58.5968,-34.32996],[-58.59642,-34.33058],[-58.59605,-34.33123],[-58.59564,-34.33201],[-58.59531,-34.33277],[-58.59515,-34.33327],[-58.59488,-34.33452],[-58.59463,-34.33548],[-58.59457,-34.33615],[-58.59457,-34.33723],[-58.59449,-34.33822],[-58.59433,-34.33874],[-58.59406,-34.3392],[-58.59376,-34.33953],[-58.59337,-34.34002],[-58.59303,-34.34063],[-58.59284,-34.34099],[-58.59285,-34.34158],[-58.59278,-34.34214],[-58.59273,-34.34271],[-58.59254,-34.34325],[-58.59213,-34.34383],[-58.5918,-34.34445],[-58.59176,-34.3447],[-58.59188,-34.34486],[-58.59228,-34.34519],[-58.59237,-34.34539],[-58.59239,-34.34553],[-58.59235,-34.34572],[-58.59222,-34.3462],[-58.59197,-34.34678],[-58.59173,-34.34717],[-58.59112,-34.34804],[-58.59099,-34.34839],[-58.59094,-34.34895],[-58.59102,-34.34957],[-58.59137,-34.35038],[-58.5918,-34.35103],[-58.59214,-34.35175],[-58.59223,-34.35242],[-58.59219,-34.35276],[-58.59196,-34.35313],[-58.59148,-34.35366],[-58.59132,-34.35398],[-58.59085,-34.35522],[-58.5904,-34.35638],[-58.59028,-34.35678],[-58.59033,-34.35727],[-58.59117,-34.35882],[-58.59181,-34.3599],[-58.59201,-34.36055],[-58.59259,-34.36228],[-58.59284,-34.36318],[-58.5928,-34.36393],[-58.59262,-34.36505],[-58.59234,-34.36623],[-58.59218,-34.36709],[-58.59204,-34.36824],[-58.59214,-34.36886],[-58.59239,-34.36947]]}},{"type":"Feature","properties":{"name":"Arroyo Espera Grande","layer":"Rios y Arroyos"},"geometry":{"type":"LineString","coordinates":[[-58.5924,-34.36973],[-58.59086,-34.37121],[-58.58978,-34.37226],[-58.58797,-34.37345],[-58.58719,-34.37388],[-58.58662,-34.37387],[-58.58552,-34.37332],[-58.58334,-34.37216],[-58.58269,-34.37205],[-58.58182,-34.37213],[-58.58099,-34.37251],[-58.5801,-34.37341],[-58.57851,-34.37512],[-58.57647,-34.37676],[-58.57578,-34.37759],[-58.57499,-34.37862],[-58.57463,-34.37946],[-58.57439,-34.38059],[-58.57439,-34.38102]]}},{"type":"Feature","properties":{"name":"Arroyo de las Gaviotas","layer":"Rios y Arroyos"},"geometry":{"type":"LineString","coordinates":[[-58.58027,-34.34809],[-58.58025,-34.34918],[-58.58017,-34.35009],[-58.58003,-34.35067],[-58.57992,-34.35174],[-58.57988,-34.35283],[-58.57986,-34.35329],[-58.57971,-34.35379],[-58.5792,-34.35482],[-58.57915,-34.35507],[-58.57914,-34.35527],[-58.57917,-34.35555],[-58.57934,-34.35592],[-58.5797,-34.35636],[-58.57996,-34.35661],[-58.58018,-34.35698],[-58.58027,-34.35734],[-58.58048,-34.35805],[-58.58056,-34.3584],[-58.58053,-34.35868],[-58.58035,-34.35902],[-58.58011,-34.35931],[-58.57966,-34.35954],[-58.57922,-34.35979],[-58.57903,-34.36],[-58.57902,-34.3601]]}},{"type":"Feature","properties":{"name":"Arroyo Rama Negra","layer":"Rios y Arroyos"},"geometry":{"type":"LineString","coordinates":[[-58.56688,-34.35467],[-58.56749,-34.35466],[-58.56806,-34.35483],[-58.56871,-34.35519],[-58.56921,-34.35558],[-58.56964,-34.35585],[-58.57006,-34.35589],[-58.57044,-34.3557],[-58.57079,-34.35533],[-58.57095,-34.35485],[-58.57115,-34.35443],[-58.57167,-34.35392],[-58.57202,-34.35369],[-58.57231,-34.35376],[-58.57264,-34.35409],[-58.57279,-34.35464],[-58.57303,-34.35514],[-58.57347,-34.35575],[-58.57393,-34.35642],[-58.57419,-34.35706],[-58.57449,-34.35809],[-58.57494,-34.3589],[-58.57554,-34.35946],[-58.57656,-34.35993],[-58.57746,-34.36015],[-58.57889,-34.36019]]}},{"type":"Feature","properties":{"name":"Arroyo Rama Negra Chico","layer":"Rios y Arroyos"},"geometry":{"type":"LineString","coordinates":[[-58.57906,-34.3603],[-58.57905,-34.36072],[-58.57896,-34.36115],[-58.57894,-34.36147],[-58.57896,-34.36186],[-58.579,-34.3626],[-58.57901,-34.36351],[-58.57902,-34.3638],[-58.57918,-34.3644],[-58.57939,-34.36496],[-58.57972,-34.36559],[-58.58036,-34.36677],[-58.58093,-34.36779],[-58.58104,-34.36808],[-58.58094,-34.36851],[-58.57997,-34.36973],[-58.57938,-34.37054],[-58.57922,-34.37111],[-58.57922,-34.37149],[-58.57976,-34.37234],[-58.57997,-34.37258],[-58.58038,-34.37272]]}},{"type":"Feature","properties":{"name":"Arroyo Albarracín","layer":"Rios y Arroyos"},"geometry":{"type":"LineString","coordinates":[[-58.56944,-34.38166],[-58.56896,-34.38099],[-58.56875,-34.38026],[-58.56871,-34.37936],[-58.56868,-34.37827],[-58.5687,-34.37738],[-58.56857,-34.37707],[-58.56848,-34.37668],[-58.56855,-34.37608],[-58.56867,-34.37532]]}},{"type":"Feature","properties":{"name":"Arroyo Horca","layer":"Rios y Arroyos"},"geometry":{"type":"LineString","coordinates":[[-58.60188,-34.27912],[-58.60215,-34.27966],[-58.60232,-34.28034],[-58.60282,-34.28076],[-58.60381,-34.28109],[-58.60454,-34.28121],[-58.60517,-34.28117],[-58.60643,-34.28154],[-58.60775,-34.28184],[-58.60827,-34.28187],[-58.6087,-34.28234],[-58.60914,-34.28256],[-58.60946,-34.28255],[-58.60976,-34.28226],[-58.61042,-34.28113],[-58.61132,-34.28044],[-58.61196,-34.28034],[-58.61291,-34.28089],[-58.61434,-34.28203],[-58.61541,-34.28316],[-58.61601,-34.2837],[-58.61674,-34.2839],[-58.61697,-34.2841],[-58.61724,-34.28453],[-58.61749,-34.28477],[-58.6176,-34.28493],[-58.61761,-34.28542],[-58.61771,-34.2858],[-58.61768,-34.28591],[-58.61733,-34.28602],[-58.61722,-34.28612],[-58.61738,-34.28628],[-58.61758,-34.28685]]}},{"type":"Feature","properties":{"name":"Riacho Correntoso","layer":"Rios y Arroyos"},"geometry":{"type":"LineString","coordinates":[[-60.66517,-32.25087],[-60.66416,-32.25085],[-60.66236,-32.25035],[-60.65941,-32.25019],[-60.65737,-32.25031],[-60.65561,-32.2501],[-60.65372,-32.24944],[-60.65096,-32.24787],[-60.64795,-32.24617],[-60.6454,-32.24428],[-60.64403,-32.24308],[-60.64248,-32.24196],[-60.64151,-32.24206],[-60.64036,-32.24289],[-60.63938,-32.24353],[-60.63915,-32.24437],[-60.63922,-32.24517],[-60.63967,-32.24595],[-60.63978,-32.24731],[-60.64035,-32.24893],[-60.64024,-32.24963],[-60.63936,-32.24973],[-60.63674,-32.25018],[-60.63404,-32.25118],[-60.6309,-32.25274],[-60.62829,-32.25442],[-60.62606,-32.2558],[-60.62292,-32.25753],[-60.62065,-32.25849],[-60.61742,-32.25938],[-60.61551,-32.25976],[-60.61466,-32.25974],[-60.61424,-32.25947],[-60.61406,-32.25905],[-60.61431,-32.25857],[-60.61462,-32.25777],[-60.61468,-32.25728],[-60.61429,-32.2572],[-60.61363,-32.25733],[-60.61305,-32.25779],[-60.61244,-32.25841],[-60.61205,-32.25883],[-60.61149,-32.25914],[-60.61076,-32.25943],[-60.61027,-32.25972],[-60.60994,-32.26017],[-60.60978,-32.26062],[-60.60971,-32.26112],[-60.60979,-32.26168],[-60.61022,-32.2623],[-60.61083,-32.26288],[-60.61139,-32.26337],[-60.61166,-32.26386],[-60.61177,-32.26431],[-60.61189,-32.26496],[-60.61192,-32.26581],[-60.61188,-32.26635],[-60.61161,-32.26674],[-60.61104,-32.26702],[-60.61004,-32.26732],[-60.60906,-32.26762],[-60.60868,-32.26783],[-60.60864,-32.2682],[-60.60879,-32.26881],[-60.60936,-32.27027],[-60.60988,-32.27119],[-60.61043,-32.27198],[-60.6109,-32.27302],[-60.61116,-32.27408],[-60.61125,-32.27506],[-60.61118,-32.27599],[-60.61111,-32.27671],[-60.61124,-32.27744],[-60.61098,-32.27782],[-60.61031,-32.27789],[-60.60934,-32.27777],[-60.60808,-32.27758],[-60.60646,-32.27764],[-60.60562,-32.27777],[-60.60565,-32.27806],[-60.60564,-32.27858],[-60.60535,-32.27904],[-60.60444,-32.27913],[-60.60368,-32.27906],[-60.60276,-32.27873],[-60.60207,-32.27865],[-60.60153,-32.27881],[-60.60115,-32.27925],[-60.60092,-32.27978],[-60.60041,-32.28021],[-60.59962,-32.28046],[-60.59903,-32.2807],[-60.59889,-32.28115],[-60.59894,-32.28162],[-60.59921,-32.28203],[-60.59976,-32.2827],[-60.59998,-32.28358],[-60.60033,-32.28513],[-60.60043,-32.28532],[-60.60047,-32.28561],[-60.59973,-32.28676],[-60.59958,-32.28714],[-60.5995,-32.28743],[-60.59874,-32.28785],[-60.59811,-32.28781],[-60.59748,-32.28796],[-60.59517,-32.28946],[-60.59373,-32.29028],[-60.5926,-32.29133],[-60.59207,-32.29161],[-60.59157,-32.29152],[-60.58969,-32.29046],[-60.58899,-32.29032],[-60.58822,-32.29039],[-60.5874,-32.29078],[-60.5867,-32.29091],[-60.5859,-32.29088],[-60.58457,-32.29066],[-60.58336,-32.2906],[-60.58125,-32.29076],[-60.57977,-32.29087],[-60.57865,-32.29076],[-60.57792,-32.29047],[-60.57604,-32.28923],[-60.57429,-32.28792],[-60.57257,-32.28697],[-60.57092,-32.28635],[-60.56877,-32.28507],[-60.56816,-32.28483],[-60.56732,-32.28473],[-60.56568,-32.28464],[-60.5641,-32.28455],[-60.56188,-32.28432],[-60.561,-32.28433],[-60.56038,-32.28454],[-60.56005,-32.28495],[-60.56014,-32.28535],[-60.55995,-32.28631],[-60.55994,-32.28693],[-60.56017,-32.28816],[-60.56028,-32.29086],[-60.56002,-32.29313],[-60.55995,-32.29385],[-60.55974,-32.2945],[-60.55939,-32.29502],[-60.55894,-32.29523],[-60.55803,-32.29519],[-60.55751,-32.29478],[-60.55668,-32.29422],[-60.55594,-32.29366],[-60.55551,-32.29282],[-60.55505,-32.29158],[-60.55438,-32.29053],[-60.55312,-32.28905],[-60.552,-32.28817],[-60.55117,-32.28788],[-60.5501,-32.28775],[-60.54932,-32.28822],[-60.5489,-32.28925],[-60.54858,-32.29035],[-60.54842,-32.29167],[-60.54828,-32.2932],[-60.54796,-32.29518],[-60.54764,-32.29585],[-60.54731,-32.29622],[-60.54689,-32.2963],[-60.54626,-32.29628],[-60.54577,-32.29628],[-60.54522,-32.29631],[-60.54453,-32.29681],[-60.54378,-32.29773],[-60.54284,-32.29849],[-60.54156,-32.29909],[-60.54006,-32.29956],[-60.53902,-32.2994],[-60.53809,-32.299],[-60.53672,-32.29819],[-60.53557,-32.29727],[-60.5336,-32.29611],[-60.52793,-32.29294]]}},{"type":"Feature","properties":{"name":"Arroyo El Banco","layer":"Rios y Arroyos"},"geometry":{"type":"LineString","coordinates":[[-58.59706,-34.28069],[-58.59773,-34.28133],[-58.59818,-34.28226],[-58.59893,-34.28355],[-58.59972,-34.28484],[-58.60066,-34.28635],[-58.60103,-34.2872],[-58.6012,-34.28804],[-58.60139,-34.28988],[-58.6014,-34.29127],[-58.60135,-34.29178],[-58.60138,-34.29201]]}},{"type":"Feature","properties":{"name":"Arroyo Andresito","layer":"Rios y Arroyos"},"geometry":{"type":"LineString","coordinates":[[-58.60103,-34.29189],[-58.60039,-34.29206],[-58.5999,-34.2924],[-58.59965,-34.29293],[-58.59967,-34.2933],[-58.59985,-34.29346],[-58.60021,-34.29351],[-58.60041,-34.29371],[-58.60047,-34.29405],[-58.60023,-34.29487],[-58.60009,-34.29563],[-58.60003,-34.29668],[-58.59974,-34.2976],[-58.5997,-34.2984],[-58.59982,-34.29868],[-58.60014,-34.29901],[-58.60042,-34.30032],[-58.60134,-34.30105],[-58.60165,-34.30141],[-58.60164,-34.30178],[-58.60133,-34.3022],[-58.6007,-34.3029],[-58.59996,-34.30424],[-58.59965,-34.30516],[-58.60007,-34.30683],[-58.60027,-34.30936],[-58.5998,-34.31137],[-58.59945,-34.3133],[-58.59927,-34.31453],[-58.59887,-34.31557]]}},{"type":"Feature","properties":{"name":"Arroyo Antequera","layer":"Rios y Arroyos"},"geometry":{"type":"LineString","coordinates":[[-58.58295,-34.28638],[-58.58344,-34.28694],[-58.58417,-34.28722],[-58.58465,-34.28741],[-58.58533,-34.28744],[-58.58571,-34.28762],[-58.58782,-34.28876],[-58.58841,-34.28954],[-58.58959,-34.29171],[-58.58996,-34.29288],[-58.59004,-34.29369],[-58.58988,-34.29452],[-58.58953,-34.29561],[-58.58932,-34.29667],[-58.58901,-34.29833],[-58.58892,-34.29887],[-58.58908,-34.29965],[-58.58906,-34.30031],[-58.58912,-34.30073],[-58.58962,-34.30139],[-58.58968,-34.30179],[-58.58961,-34.30255],[-58.58956,-34.30297],[-58.58976,-34.30434],[-58.58993,-34.305],[-58.58987,-34.30542],[-58.58954,-34.30612],[-58.58929,-34.30673],[-58.58921,-34.30757],[-58.58908,-34.30839],[-58.58889,-34.30923],[-58.5886,-34.30977],[-58.58801,-34.31028],[-58.58777,-34.31053],[-58.58773,-34.31094],[-58.58784,-34.31152],[-58.58755,-34.31339],[-58.58713,-34.31479],[-58.58689,-34.31544],[-58.5865,-34.31594],[-58.58585,-34.31647],[-58.58546,-34.31706],[-58.58544,-34.31776],[-58.58545,-34.31846],[-58.58508,-34.31942],[-58.58463,-34.32133],[-58.58459,-34.32241],[-58.58483,-34.32394],[-58.58502,-34.32525],[-58.58501,-34.32631],[-58.5844,-34.3282],[-58.5844,-34.32856],[-58.58443,-34.32979],[-58.58481,-34.33222],[-58.58479,-34.33321],[-58.58436,-34.33447],[-58.58362,-34.33581],[-58.58321,-34.33674],[-58.58311,-34.33713],[-58.58321,-34.33731]]}},{"type":"Feature","properties":{"name":"Rio Capitán","layer":"Rios y Arroyos"},"geometry":{"type":"LineString","coordinates":[[-58.57061,-34.29355],[-58.57296,-34.29507],[-58.57327,-34.29607],[-58.57171,-34.29799],[-58.57098,-34.29977],[-58.57056,-34.30458],[-58.56995,-34.30616],[-58.5683,-34.30892],[-58.56813,-34.31022],[-58.57028,-34.31576],[-58.5706,-34.31959],[-58.5705,-34.32131],[-58.57106,-34.32557],[-58.56972,-34.32801],[-58.5677,-34.33118],[-58.56671,-34.33358],[-58.56586,-34.33447],[-58.56452,-34.33424],[-58.56192,-34.3333],[-58.56039,-34.33344],[-58.55908,-34.33433],[-58.55847,-34.33597],[-58.5588,-34.33851],[-58.56038,-34.34166],[-58.56166,-34.34323],[-58.56223,-34.34496],[-58.56209,-34.34712],[-58.5624,-34.34853],[-58.5636,-34.34988],[-58.56548,-34.35118],[-58.56616,-34.3529],[-58.56638,-34.35484],[-58.56133,-34.36583],[-58.56004,-34.36915],[-58.55874,-34.37421],[-58.55836,-34.37528],[-58.55837,-34.37809]]}},{"type":"Feature","properties":{"name":"Rio San Antonio","layer":"Rios y Arroyos"},"geometry":{"type":"LineString","coordinates":[[-58.55775,-34.37558],[-58.5535,-34.37809],[-58.54949,-34.38042],[-58.54424,-34.38359],[-58.54145,-34.38491],[-58.53626,-34.3867],[-58.53348,-34.38805],[-58.52962,-34.39118],[-58.52563,-34.39501],[-58.5228,-34.39843],[-58.52066,-34.40169],[-58.51939,-34.40583],[-58.51774,-34.40852],[-58.51498,-34.41184],[-58.51188,-34.41495],[-58.51018,-34.41738],[-58.50705,-34.42153],[-58.50418,-34.42451],[-58.50234,-34.42886],[-58.50151,-34.43078],[-58.49542,-34.43785]]}},{"type":"Feature","properties":{"name":"Arrroyo Gambado","layer":"Rios y Arroyos"},"geometry":{"type":"LineString","coordinates":[[-58.57139,-34.41059],[-58.57224,-34.41076],[-58.57337,-34.41088],[-58.57368,-34.41086],[-58.57433,-34.41049],[-58.57509,-34.40972],[-58.57559,-34.40896],[-58.57591,-34.4087],[-58.57637,-34.40873],[-58.57726,-34.40913],[-58.57814,-34.40939],[-58.57912,-34.40959],[-58.58036,-34.40966],[-58.58114,-34.4097],[-58.58188,-34.40976],[-58.58248,-34.40985],[-58.58325,-34.40983],[-58.58436,-34.40976],[-58.58543,-34.4096],[-58.58603,-34.40957],[-58.58646,-34.40972],[-58.58666,-34.40994],[-58.58683,-34.41036],[-58.58684,-34.41063]]}},{"type":"Feature","properties":{"name":"Arroyo Abra Vieja","layer":"Rios y Arroyos"},"geometry":{"type":"LineString","coordinates":[[-58.56243,-34.38623],[-58.56202,-34.38631],[-58.56166,-34.38651],[-58.56144,-34.38674],[-58.56148,-34.38697],[-58.56174,-34.38739],[-58.56214,-34.38824],[-58.56273,-34.38967],[-58.56282,-34.39028],[-58.56273,-34.39122],[-58.56221,-34.39297],[-58.5621,-34.39356],[-58.56211,-34.3947],[-58.56212,-34.39535],[-58.56194,-34.39586],[-58.56144,-34.39647],[-58.56123,-34.39679],[-58.5609,-34.39744],[-58.56084,-34.39795],[-58.56079,-34.39855],[-58.56096,-34.39982],[-58.56137,-34.40045],[-58.56236,-34.40126],[-58.5628,-34.4018],[-58.56309,-34.4025],[-58.56306,-34.40347],[-58.56299,-34.40492],[-58.56276,-34.40588],[-58.56219,-34.40727],[-58.56196,-34.40814],[-58.56193,-34.41018],[-58.56175,-34.41091],[-58.56162,-34.41169],[-58.56145,-34.41226],[-58.56084,-34.41285],[-58.55971,-34.41343],[-58.55873,-34.41403],[-58.55817,-34.41466],[-58.55779,-34.41528],[-58.55695,-34.41624],[-58.55623,-34.41705],[-58.55523,-34.41842],[-58.55487,-34.4192],[-58.55442,-34.42022],[-58.55377,-34.42176],[-58.55307,-34.42254],[-58.55228,-34.42344],[-58.55211,-34.42419],[-58.55189,-34.42554],[-58.55189,-34.42699]]}},{"type":"Feature","properties":{"name":"Arroyo Gutierrez","layer":"Rios y Arroyos"},"geometry":{"type":"LineString","coordinates":[[-58.55197,-34.42359],[-58.55053,-34.42388],[-58.54902,-34.42415],[-58.54762,-34.42434],[-58.54657,-34.42425],[-58.54498,-34.42392],[-58.54392,-34.42333],[-58.543,-34.4228],[-58.54219,-34.42288],[-58.54135,-34.42325]]}},{"type":"Feature","properties":{"name":"Arroyo Pajarito","layer":"Rios y Arroyos"},"geometry":{"type":"LineString","coordinates":[[-58.53768,-34.41792],[-58.53758,-34.41647],[-58.53794,-34.4157],[-58.53921,-34.41452],[-58.54038,-34.41318],[-58.54147,-34.4115],[-58.54261,-34.40991],[-58.5435,-34.4085],[-58.54409,-34.40749],[-58.54418,-34.40693],[-58.5439,-34.40633],[-58.54381,-34.40584],[-58.54425,-34.4049],[-58.54505,-34.40393],[-58.54648,-34.40299],[-58.54858,-34.40163],[-58.54948,-34.40111],[-58.54961,-34.40053],[-58.54993,-34.39986],[-58.55049,-34.39929],[-58.55089,-34.39888],[-58.55152,-34.39891],[-58.5522,-34.3991],[-58.55476,-34.39889]]}},{"type":"Feature","properties":{"name":"Arroyo Correa","layer":"Rios y Arroyos"},"geometry":{"type":"LineString","coordinates":[[-58.53201,-34.39],[-58.53292,-34.39002],[-58.53317,-34.39016],[-58.5336,-34.3908],[-58.53369,-34.39115],[-58.53364,-34.39163],[-58.53344,-34.39203],[-58.53321,-34.39272],[-58.53288,-34.3937],[-58.53256,-34.39488],[-58.53242,-34.39568],[-58.53237,-34.39654],[-58.53256,-34.39716],[-58.53293,-34.39894],[-58.53326,-34.40028],[-58.5335,-34.40165],[-58.53368,-34.40317],[-58.53381,-34.40418],[-58.53401,-34.40476],[-58.53398,-34.40503],[-58.53363,-34.40582],[-58.53364,-34.4064],[-58.53377,-34.40648],[-58.53413,-34.40634],[-58.53453,-34.4062],[-58.53499,-34.4061],[-58.53525,-34.40614],[-58.53547,-34.40639],[-58.53584,-34.40662],[-58.53636,-34.40677],[-58.53669,-34.40684]]}},{"type":"Feature","properties":{"name":"Arroyo de las Cañas","layer":"Rios y Arroyos"},"geometry":{"type":"LineString","coordinates":[[-60.56795,-32.61131],[-60.56911,-32.61104],[-60.5705,-32.61122],[-60.57234,-32.61205],[-60.5739,-32.61327],[-60.57489,-32.61327],[-60.57577,-32.6129],[-60.57641,-32.61292],[-60.57824,-32.61319],[-60.58041,-32.61308],[-60.58238,-32.61333],[-60.58432,-32.61392],[-60.58532,-32.61485],[-60.58633,-32.61566],[-60.58698,-32.61643],[-60.58746,-32.6177],[-60.58748,-32.61874],[-60.58714,-32.62021],[-60.58705,-32.62161],[-60.58693,-32.6224],[-60.58664,-32.62279],[-60.58667,-32.6232],[-60.5895,-32.62411],[-60.59138,-32.62461],[-60.59265,-32.6249],[-60.595,-32.62588],[-60.59672,-32.62647],[-60.59795,-32.62701],[-60.59878,-32.62748],[-60.59958,-32.62863],[-60.6001,-32.62879],[-60.60065,-32.62833],[-60.60186,-32.62762],[-60.60248,-32.62681],[-60.60278,-32.62599],[-60.60379,-32.62498],[-60.60445,-32.62431],[-60.60503,-32.62433],[-60.60567,-32.62458],[-60.6068,-32.6257],[-60.60757,-32.62603],[-60.60834,-32.62609],[-60.60886,-32.62586],[-60.60894,-32.62544],[-60.60871,-32.62486],[-60.60785,-32.62417],[-60.60687,-32.62373],[-60.60654,-32.62329],[-60.60651,-32.62276],[-60.60711,-32.62251],[-60.60983,-32.62304],[-60.61168,-32.62306],[-60.61332,-32.62241],[-60.61513,-32.62081],[-60.61625,-32.6193],[-60.61735,-32.61724],[-60.6182,-32.61591],[-60.61902,-32.61378],[-60.61872,-32.61248],[-60.61957,-32.61152],[-60.62017,-32.6104],[-60.62138,-32.6095],[-60.62271,-32.60892],[-60.6229,-32.60853],[-60.62219,-32.60659],[-60.62223,-32.60575],[-60.62334,-32.60325],[-60.62474,-32.60145],[-60.62819,-32.59759],[-60.62972,-32.59596],[-60.63295,-32.59415],[-60.63529,-32.59326],[-60.63855,-32.59199],[-60.64114,-32.5914],[-60.64429,-32.59049],[-60.64564,-32.58975],[-60.64659,-32.58931],[-60.64835,-32.58834],[-60.64948,-32.58778],[-60.65071,-32.58743],[-60.65206,-32.58722],[-60.6521,-32.58722],[-60.65393,-32.5869],[-60.65519,-32.58649],[-60.65693,-32.58626],[-60.65915,-32.58635],[-60.66067,-32.58656],[-60.66242,-32.58703],[-60.66402,-32.58734],[-60.66562,-32.58734],[-60.6671,-32.58734],[-60.6694,-32.58709],[-60.67118,-32.58666],[-60.67298,-32.58578],[-60.67412,-32.58475],[-60.6748,-32.58402],[-60.67594,-32.58326],[-60.6769,-32.58253],[-60.6782,-32.5812],[-60.67917,-32.58027],[-60.68007,-32.57925],[-60.6812,-32.57831],[-60.68199,-32.57746],[-60.68253,-32.57695],[-60.68373,-32.5764],[-60.68494,-32.57599],[-60.68494,-32.57598],[-60.68582,-32.57576],[-60.68665,-32.57532],[-60.68666,-32.57532],[-60.68747,-32.57489],[-60.68838,-32.57443],[-60.68888,-32.57328],[-60.68961,-32.56988],[-60.69015,-32.56817],[-60.69024,-32.56672],[-60.69035,-32.56617],[-60.69065,-32.56559],[-60.69126,-32.56465],[-60.69098,-32.56419],[-60.69007,-32.5635],[-60.6895,-32.56304],[-60.68953,-32.56271],[-60.69055,-32.56187],[-60.6909,-32.56137],[-60.69145,-32.56069],[-60.69176,-32.56037],[-60.69276,-32.55984],[-60.69333,-32.55955],[-60.69437,-32.55986],[-60.69482,-32.56017],[-60.69518,-32.56087],[-60.6953,-32.5613],[-60.69542,-32.56217],[-60.69539,-32.56283],[-60.69535,-32.56375],[-60.69543,-32.56517],[-60.6955,-32.56622],[-60.69539,-32.56679],[-60.69515,-32.56727],[-60.69507,-32.56759],[-60.69495,-32.56831],[-60.69494,-32.5687],[-60.69502,-32.56976],[-60.69548,-32.57053],[-60.69671,-32.5718]]}},{"type":"Feature","properties":{"name":"Rio Coronda","layer":"Rios y Arroyos"},"geometry":{"type":"LineString","coordinates":[[-60.6763,-31.63223],[-60.6822,-31.64184],[-60.68382,-31.64378],[-60.69147,-31.64851],[-60.69325,-31.64988],[-60.70083,-31.65762],[-60.70534,-31.66266],[-60.71039,-31.66789],[-60.71451,-31.6717],[-60.72383,-31.67424],[-60.73266,-31.67588],[-60.73439,-31.67676],[-60.74063,-31.68454],[-60.74395,-31.69108],[-60.74439,-31.7001],[-60.74607,-31.70223],[-60.74891,-31.70396],[-60.75379,-31.70499],[-60.76627,-31.70597],[-60.7737,-31.71156],[-60.77799,-31.71673],[-60.78353,-31.72208],[-60.78771,-31.72387],[-60.79458,-31.72409],[-60.79703,-31.72489],[-60.79932,-31.72652],[-60.80059,-31.72845],[-60.80284,-31.73481],[-60.80296,-31.73925],[-60.80415,-31.74224],[-60.80623,-31.74332],[-60.80757,-31.74283],[-60.80922,-31.74144],[-60.81119,-31.74115],[-60.81332,-31.74262],[-60.81935,-31.75252],[-60.8213,-31.7575],[-60.82226,-31.76492],[-60.82331,-31.76716],[-60.82554,-31.76884],[-60.82816,-31.76955],[-60.82986,-31.77092],[-60.83304,-31.77356],[-60.83395,-31.77538],[-60.83372,-31.77759],[-60.83165,-31.78249],[-60.83154,-31.78393],[-60.83183,-31.78595],[-60.83297,-31.78748],[-60.83561,-31.79076],[-60.83636,-31.79401],[-60.83744,-31.79577],[-60.8409,-31.79909],[-60.8434,-31.80294],[-60.84607,-31.80728],[-60.84777,-31.81189],[-60.85208,-31.81957],[-60.85494,-31.82376],[-60.85659,-31.82542],[-60.85793,-31.82758],[-60.85862,-31.82825],[-60.86062,-31.82872],[-60.86156,-31.8295],[-60.86222,-31.83088],[-60.86362,-31.83246],[-60.8638,-31.8336],[-60.86237,-31.83505],[-60.86155,-31.83699],[-60.85958,-31.84439],[-60.85919,-31.84899],[-60.86066,-31.85231],[-60.86402,-31.85421],[-60.86668,-31.8551],[-60.87049,-31.8564],[-60.87197,-31.85759],[-60.87486,-31.86176],[-60.8755,-31.869],[-60.87714,-31.87485],[-60.87683,-31.88087],[-60.87767,-31.8825],[-60.87923,-31.88459],[-60.8824,-31.88668],[-60.88679,-31.88823],[-60.8891,-31.88901],[-60.89213,-31.89475],[-60.89262,-31.89817],[-60.89365,-31.90219],[-60.8946,-31.90415],[-60.89555,-31.90532],[-60.8967,-31.90541],[-60.89717,-31.90558],[-60.89746,-31.90621],[-60.8974,-31.90744],[-60.89774,-31.90805],[-60.89867,-31.90893],[-60.89903,-31.90967],[-60.89919,-31.91139],[-60.89925,-31.91256],[-60.89861,-31.91431],[-60.89865,-31.91489],[-60.89967,-31.91636],[-60.90103,-31.91762],[-60.90227,-31.91923],[-60.90279,-31.92076],[-60.90286,-31.9261],[-60.9026,-31.92737],[-60.90192,-31.92856],[-60.9009,-31.93075],[-60.90092,-31.93187],[-60.90134,-31.93313],[-60.90234,-31.93417],[-60.90369,-31.93481],[-60.90462,-31.93475],[-60.90601,-31.93446],[-60.90754,-31.93403],[-60.90875,-31.9342],[-60.9095,-31.93471],[-60.91009,-31.93572],[-60.91078,-31.93768],[-60.91086,-31.93903],[-60.91141,-31.94163],[-60.91339,-31.94677],[-60.91371,-31.94845],[-60.91343,-31.94928],[-60.91062,-31.95203],[-60.90969,-31.95405],[-60.91002,-31.95578],[-60.91051,-31.95691],[-60.91107,-31.95817],[-60.91124,-31.96046],[-60.91084,-31.96225],[-60.91085,-31.96359],[-60.91173,-31.96635],[-60.91242,-31.96789],[-60.91324,-31.96911],[-60.91386,-31.9702],[-60.91373,-31.97156],[-60.91318,-31.97743],[-60.91355,-31.97977],[-60.91353,-31.98191],[-60.91186,-31.98485],[-60.91207,-31.98783],[-60.91088,-31.99254],[-60.91041,-31.99669],[-60.91033,-31.99848],[-60.91096,-31.99915],[-60.91191,-31.99945],[-60.91365,-31.99913],[-60.91698,-31.99885],[-60.91933,-31.99953],[-60.92021,-32.00023],[-60.92029,-32.00101],[-60.91866,-32.00575],[-60.91904,-32.00656],[-60.91983,-32.00733],[-60.92035,-32.00735],[-60.92104,-32.00693],[-60.92168,-32.00695],[-60.92265,-32.00739],[-60.92323,-32.00873],[-60.92321,-32.00954],[-60.92273,-32.01087],[-60.92279,-32.01177],[-60.92312,-32.0129],[-60.92353,-32.01404],[-60.92347,-32.01513],[-60.92343,-32.01586],[-60.92364,-32.01678],[-60.92333,-32.01858],[-60.92333,-32.01919],[-60.92367,-32.01962],[-60.92409,-32.01999],[-60.92575,-32.02049],[-60.92672,-32.02132],[-60.92707,-32.02238],[-60.92685,-32.02325],[-60.92617,-32.02417],[-60.9253,-32.02464],[-60.92402,-32.02504],[-60.92394,-32.02577],[-60.92398,-32.02671],[-60.92336,-32.0282],[-60.92308,-32.02918],[-60.92259,-32.03084],[-60.92179,-32.03147],[-60.92117,-32.0319],[-60.92116,-32.03253],[-60.92344,-32.03522],[-60.92433,-32.03705],[-60.92539,-32.03793],[-60.9265,-32.0386],[-60.92705,-32.03947],[-60.92694,-32.04024],[-60.92661,-32.04067],[-60.92537,-32.04095],[-60.92447,-32.04145],[-60.92412,-32.0421],[-60.92405,-32.0427],[-60.9245,-32.04342],[-60.92453,-32.04403],[-60.92388,-32.04481],[-60.92296,-32.0455],[-60.92253,-32.04709],[-60.92309,-32.04842],[-60.92335,-32.04919],[-60.92318,-32.05014],[-60.92253,-32.05094],[-60.92198,-32.0526],[-60.92216,-32.05435],[-60.92188,-32.05605],[-60.92107,-32.0576],[-60.92098,-32.05837],[-60.91915,-32.0671],[-60.92187,-32.07537],[-60.92966,-32.08319],[-60.93348,-32.09535],[-60.92709,-32.10803],[-60.9227,-32.11689],[-60.92174,-32.12442],[-60.92588,-32.13045],[-60.92927,-32.13591],[-60.93035,-32.13882],[-60.93102,-32.14027],[-60.93165,-32.14098],[-60.93296,-32.14159],[-60.9338,-32.14215],[-60.93398,-32.14291],[-60.9336,-32.14374],[-60.93251,-32.14544],[-60.93252,-32.14645],[-60.9332,-32.14742],[-60.93363,-32.14864],[-60.93376,-32.15032],[-60.93359,-32.15218],[-60.93376,-32.15382],[-60.93517,-32.15699],[-60.93814,-32.16452],[-60.938,-32.16764],[-60.93706,-32.17154],[-60.93575,-32.17634],[-60.93322,-32.18058],[-60.92691,-32.1892],[-60.91992,-32.19597],[-60.91541,-32.19991],[-60.91372,-32.20329],[-60.91585,-32.20541],[-60.92055,-32.20958],[-60.92434,-32.21241],[-60.92657,-32.2161],[-60.92838,-32.21981],[-60.92957,-32.2233],[-60.92798,-32.2258],[-60.92581,-32.22848],[-60.92341,-32.23308],[-60.92155,-32.23812],[-60.92001,-32.24125],[-60.91661,-32.24331],[-60.91246,-32.24527],[-60.90798,-32.24656],[-60.90193,-32.2477],[-60.89482,-32.24903],[-60.88768,-32.25191],[-60.88452,-32.25664],[-60.88499,-32.26274],[-60.88775,-32.26754],[-60.89153,-32.2713],[-60.89465,-32.27421],[-60.89804,-32.27547],[-60.90079,-32.27777],[-60.90321,-32.28119],[-60.90445,-32.28773],[-60.90658,-32.29707],[-60.90589,-32.30022],[-60.9038,-32.30245],[-60.89748,-32.3077],[-60.88989,-32.31318],[-60.88478,-32.31833],[-60.87693,-32.32684],[-60.87303,-32.32908],[-60.86315,-32.33703],[-60.85715,-32.34243],[-60.85402,-32.34788],[-60.85021,-32.35545],[-60.84766,-32.35979],[-60.8425,-32.36405],[-60.83462,-32.36806],[-60.82534,-32.37268],[-60.81759,-32.37656],[-60.81174,-32.38221],[-60.80915,-32.3891],[-60.80975,-32.3998],[-60.81444,-32.40878],[-60.81767,-32.41655],[-60.8163,-32.42338],[-60.81063,-32.43127],[-60.80061,-32.44315],[-60.79486,-32.45057],[-60.79398,-32.45523],[-60.79505,-32.46157],[-60.80052,-32.46964],[-60.80058,-32.47418],[-60.79701,-32.48273],[-60.79522,-32.49427],[-60.79572,-32.49731],[-60.80237,-32.51744],[-60.80197,-32.52946],[-60.79813,-32.54848],[-60.7874,-32.56928],[-60.77506,-32.58611],[-60.75935,-32.60473]]}},{"type":"Feature","properties":{"name":"Arroyo Dentudo","layer":"Rios y Arroyos"},"geometry":{"type":"LineString","coordinates":[[-58.53306,-34.3893],[-58.53384,-34.3893],[-58.53415,-34.38927],[-58.53443,-34.38935],[-58.53514,-34.38966],[-58.53534,-34.38967],[-58.53592,-34.38949],[-58.53628,-34.38942],[-58.53673,-34.38944],[-58.53723,-34.38962],[-58.53806,-34.39003],[-58.53865,-34.39041],[-58.53908,-34.39076],[-58.54005,-34.3915],[-58.54064,-34.39202],[-58.54082,-34.39259],[-58.54121,-34.3943],[-58.54135,-34.39565],[-58.54156,-34.39643],[-58.54206,-34.39739],[-58.54284,-34.39872],[-58.54308,-34.39912],[-58.54374,-34.39931],[-58.54446,-34.39959],[-58.54518,-34.39994],[-58.54554,-34.40006],[-58.54593,-34.40008],[-58.5463,-34.39995],[-58.54677,-34.39977],[-58.54707,-34.39971],[-58.54751,-34.40015],[-58.54789,-34.40047],[-58.54834,-34.40069],[-58.54897,-34.4008],[-58.54933,-34.4008]]}},{"type":"Feature","properties":{"name":"Arroyo Dorado","layer":"Rios y Arroyos"},"geometry":{"type":"LineString","coordinates":[[-58.54212,-34.36319],[-58.54179,-34.36346],[-58.54087,-34.36374],[-58.53968,-34.36399],[-58.53901,-34.36424],[-58.53831,-34.36476],[-58.53769,-34.36558],[-58.5374,-34.3666],[-58.53724,-34.36743],[-58.53692,-34.36842],[-58.53566,-34.37105],[-58.53535,-34.37213],[-58.53489,-34.37392],[-58.53409,-34.37591],[-58.53288,-34.37835],[-58.53182,-34.38105],[-58.53129,-34.38265],[-58.53084,-34.38469],[-58.53087,-34.38559],[-58.53189,-34.38733],[-58.53217,-34.38817]]}},{"type":"Feature","properties":{"name":"Arroyo Arroyón","layer":"Rios y Arroyos"},"geometry":{"type":"LineString","coordinates":[[-58.53361,-34.32378],[-58.53422,-34.3234],[-58.53456,-34.32336],[-58.53478,-34.32348],[-58.53564,-34.32438],[-58.53569,-34.32491],[-58.53569,-34.32588],[-58.53605,-34.32704],[-58.53624,-34.32882],[-58.53644,-34.32934],[-58.53742,-34.33047],[-58.53749,-34.331],[-58.53723,-34.33155],[-58.53684,-34.3324],[-58.53686,-34.3328],[-58.53722,-34.33353],[-58.53734,-34.33403],[-58.53746,-34.33461],[-58.53771,-34.33484],[-58.53813,-34.33489],[-58.53856,-34.33488],[-58.53871,-34.33498],[-58.53878,-34.33526],[-58.53836,-34.33591],[-58.53836,-34.3362],[-58.53854,-34.33661],[-58.53856,-34.33694],[-58.53841,-34.33727],[-58.53804,-34.33789],[-58.53798,-34.33822],[-58.53801,-34.33855],[-58.53824,-34.33908],[-58.5383,-34.33962],[-58.53833,-34.34047],[-58.5382,-34.3409],[-58.53787,-34.34161],[-58.53747,-34.34293],[-58.53714,-34.34358],[-58.53676,-34.34459],[-58.53623,-34.34578],[-58.53589,-34.34694],[-58.53559,-34.34782],[-58.53549,-34.3485],[-58.53545,-34.35139],[-58.53561,-34.35406],[-58.53554,-34.35517],[-58.53535,-34.35574],[-58.53494,-34.35651],[-58.53491,-34.35705],[-58.53507,-34.35767],[-58.53545,-34.35887],[-58.53559,-34.35951],[-58.53555,-34.36032],[-58.53509,-34.36196],[-58.53497,-34.36282],[-58.53496,-34.36351],[-58.53508,-34.36412],[-58.53539,-34.36496],[-58.53595,-34.36578],[-58.5371,-34.36676]]}},{"type":"Feature","properties":{"name":"Arroyo Salvatierra","layer":"Rios y Arroyos"},"geometry":{"type":"LineString","coordinates":[[-59.52729,-33.60996],[-59.52822,-33.61005],[-59.52979,-33.60962],[-59.53123,-33.60878],[-59.53244,-33.60714],[-59.53361,-33.60482],[-59.53459,-33.60327],[-59.53617,-33.60136],[-59.53804,-33.59994],[-59.53958,-33.59912],[-59.54171,-33.59854],[-59.54398,-33.59823],[-59.54718,-33.59841],[-59.55071,-33.59937],[-59.55349,-33.60056],[-59.5559,-33.6013],[-59.55787,-33.60137],[-59.56019,-33.601],[-59.56178,-33.60061],[-59.56294,-33.60016],[-59.56353,-33.59971],[-59.56369,-33.59915],[-59.56351,-33.59711],[-59.56329,-33.59489],[-59.56352,-33.59364],[-59.56421,-33.59287],[-59.56537,-33.59257],[-59.56737,-33.5925],[-59.56969,-33.59253],[-59.57145,-33.59246],[-59.57363,-33.59186],[-59.57582,-33.59071],[-59.57755,-33.58977],[-59.57811,-33.58884],[-59.57846,-33.58794],[-59.5787,-33.5867],[-59.57879,-33.58526],[-59.57852,-33.5841],[-59.57787,-33.58276],[-59.57667,-33.58082],[-59.57628,-33.5799],[-59.5764,-33.57875],[-59.5771,-33.57778],[-59.57801,-33.57735],[-59.57911,-33.57735],[-59.58079,-33.57772],[-59.58236,-33.578],[-59.58372,-33.57812],[-59.58524,-33.57796],[-59.58717,-33.57746],[-59.58998,-33.57638],[-59.59151,-33.57596],[-59.59478,-33.57529],[-59.59746,-33.57485],[-59.60076,-33.57466],[-59.60301,-33.57449],[-59.60892,-33.5744],[-59.61573,-33.5739],[-59.62115,-33.57345],[-59.62408,-33.57279],[-59.627,-33.5719],[-59.63067,-33.57037],[-59.63249,-33.56941],[-59.63336,-33.569],[-59.63466,-33.56792],[-59.63801,-33.56546],[-59.63968,-33.56411],[-59.64068,-33.56307],[-59.64116,-33.56214],[-59.64116,-33.56136],[-59.64097,-33.5602],[-59.641,-33.55918],[-59.64125,-33.5583],[-59.64176,-33.5577],[-59.64271,-33.55699],[-59.64357,-33.55642],[-59.6448,-33.55575],[-59.6465,-33.55471],[-59.64924,-33.55288],[-59.65154,-33.55117],[-59.65351,-33.54958],[-59.65439,-33.54877],[-59.65615,-33.54699],[-59.6573,-33.54591],[-59.65867,-33.54463],[-59.65957,-33.5438],[-59.66034,-33.54302],[-59.66113,-33.54205],[-59.66188,-33.54041]]}},{"type":"Feature","properties":{"name":"Arroyo Boraso","layer":"Rios y Arroyos"},"geometry":{"type":"LineString","coordinates":[[-58.53562,-34.36565],[-58.53422,-34.36617],[-58.53332,-34.36669],[-58.53253,-34.36679],[-58.53213,-34.3667],[-58.53142,-34.3667],[-58.52998,-34.36735],[-58.52953,-34.36765],[-58.52869,-34.36801],[-58.5285,-34.36837],[-58.5279,-34.36856],[-58.52686,-34.3686],[-58.52567,-34.36861],[-58.52455,-34.36863]]}},{"type":"Feature","properties":{"name":"Arroyo Santa Rosa","layer":"Rios y Arroyos"},"geometry":{"type":"LineString","coordinates":[[-58.56136,-34.3866],[-58.561,-34.38652],[-58.56072,-34.38638],[-58.56039,-34.38608],[-58.5601,-34.38575],[-58.55985,-34.38556],[-58.55952,-34.38538],[-58.55917,-34.38526],[-58.55876,-34.38522],[-58.5584,-34.38539],[-58.55808,-34.38574],[-58.55788,-34.38589],[-58.55759,-34.38631],[-58.55742,-34.38656],[-58.55724,-34.38676],[-58.5572,-34.38695],[-58.55721,-34.38708],[-58.55725,-34.38724],[-58.55731,-34.38734],[-58.55729,-34.38756],[-58.55712,-34.38768],[-58.55669,-34.38784],[-58.55627,-34.38804],[-58.55599,-34.38823],[-58.55569,-34.3886],[-58.55542,-34.38896],[-58.55522,-34.38913],[-58.55427,-34.38961],[-58.55404,-34.39001]]}},{"type":"Feature","properties":{"name":"Arroyo 25 de Noviembre","layer":"Rios y Arroyos"},"geometry":{"type":"LineString","coordinates":[[-58.53733,-34.3126],[-58.53758,-34.31253],[-58.53792,-34.31235],[-58.53825,-34.31212],[-58.53852,-34.31188],[-58.53878,-34.31179],[-58.53909,-34.31176],[-58.5396,-34.31153],[-58.54007,-34.31139],[-58.54023,-34.31142],[-58.54063,-34.31155],[-58.5412,-34.31159],[-58.54126,-34.31171],[-58.54117,-34.31204],[-58.54096,-34.31254],[-58.54104,-34.31277],[-58.54131,-34.3133],[-58.54172,-34.31357],[-58.54172,-34.31365],[-58.54162,-34.31384],[-58.5416,-34.31407],[-58.54151,-34.31428],[-58.54126,-34.31471],[-58.54121,-34.31496],[-58.54128,-34.31523],[-58.54107,-34.31546],[-58.54095,-34.31553],[-58.54088,-34.31587],[-58.54088,-34.31629],[-58.54099,-34.31658],[-58.54151,-34.31741],[-58.54158,-34.31763],[-58.54194,-34.31784],[-58.5425,-34.31801],[-58.54264,-34.31806],[-58.54299,-34.31837],[-58.54393,-34.3186],[-58.54427,-34.31871],[-58.54538,-34.31897],[-58.54619,-34.31911],[-58.54645,-34.31925],[-58.54653,-34.31946],[-58.54663,-34.31962],[-58.5468,-34.31975],[-58.54715,-34.3199],[-58.54739,-34.32014],[-58.54757,-34.32021],[-58.54787,-34.32033],[-58.54811,-34.32052],[-58.54811,-34.32069],[-58.54801,-34.32077],[-58.54784,-34.3208],[-58.54766,-34.32073],[-58.54754,-34.32077],[-58.54728,-34.32105],[-58.54722,-34.32122],[-58.54728,-34.32141],[-58.54733,-34.32157],[-58.54724,-34.32169],[-58.54712,-34.32182],[-58.54707,-34.322],[-58.54698,-34.3222]]}},{"type":"Feature","properties":{"name":"Canal Hambrientos","layer":"Rios y Arroyos"},"geometry":{"type":"LineString","coordinates":[[-58.53504,-34.31235],[-58.53439,-34.3122],[-58.53393,-34.31209],[-58.53303,-34.31182],[-58.53258,-34.31174],[-58.53212,-34.31174],[-58.53178,-34.31171],[-58.5312,-34.31161],[-58.53085,-34.31157],[-58.53037,-34.31146],[-58.53005,-34.3114],[-58.52963,-34.31125],[-58.52909,-34.31116],[-58.52858,-34.31113],[-58.52841,-34.31112],[-58.52828,-34.31116],[-58.52792,-34.31115],[-58.52721,-34.31119],[-58.52659,-34.31111],[-58.52608,-34.31102],[-58.52552,-34.31093],[-58.52491,-34.31083],[-58.52415,-34.3107],[-58.52345,-34.31053],[-58.52271,-34.31038],[-58.52207,-34.31022],[-58.52158,-34.31016],[-58.52088,-34.31007],[-58.51946,-34.30992],[-58.51821,-34.30982],[-58.51673,-34.30971],[-58.51545,-34.30959],[-58.51407,-34.30948],[-58.51335,-34.3095],[-58.5123,-34.30966],[-58.51101,-34.3098],[-58.51025,-34.30992]]}},{"type":"Feature","properties":{"name":"Arroyo Tarariras","layer":"Rios y Arroyos"},"geometry":{"type":"LineString","coordinates":[[-58.50951,-34.31057],[-58.50981,-34.31077],[-58.51032,-34.31126],[-58.51097,-34.3117],[-58.51164,-34.31218],[-58.51207,-34.31228],[-58.51255,-34.31227],[-58.51308,-34.3122],[-58.51333,-34.31227],[-58.51385,-34.31257],[-58.51438,-34.3128],[-58.51525,-34.31305],[-58.51551,-34.31321],[-58.51565,-34.31347],[-58.51569,-34.31391],[-58.51565,-34.31409],[-58.51559,-34.31439],[-58.51568,-34.31464],[-58.51593,-34.31491],[-58.51621,-34.31525],[-58.51637,-34.31565],[-58.51647,-34.31593],[-58.51667,-34.31612],[-58.517,-34.31626],[-58.51711,-34.31639],[-58.51747,-34.31645],[-58.5181,-34.31647],[-58.51853,-34.31638],[-58.51881,-34.31636],[-58.51935,-34.31649],[-58.52013,-34.31669],[-58.52044,-34.31675],[-58.52061,-34.31691],[-58.52089,-34.31719],[-58.52102,-34.31744],[-58.52092,-34.31793],[-58.52066,-34.31863],[-58.52054,-34.31929],[-58.52086,-34.32001],[-58.52128,-34.32057],[-58.5216,-34.32064],[-58.52206,-34.32043],[-58.52234,-34.32051],[-58.52234,-34.32069],[-58.5226,-34.3211],[-58.52266,-34.32239],[-58.52264,-34.32312],[-58.52271,-34.32341],[-58.52262,-34.32364],[-58.52292,-34.32394],[-58.52288,-34.32427],[-58.52358,-34.32487],[-58.52386,-34.32537],[-58.52428,-34.32552],[-58.52719,-34.32596],[-58.52885,-34.32623],[-58.52978,-34.3265]]}},{"type":"Feature","properties":{"name":"Arroyo Surubí","layer":"Rios y Arroyos"},"geometry":{"type":"LineString","coordinates":[[-58.49528,-34.32248],[-58.49777,-34.3231],[-58.49865,-34.32353],[-58.49943,-34.32434],[-58.50047,-34.32594],[-58.50071,-34.32704],[-58.50133,-34.3294],[-58.50219,-34.33139],[-58.50289,-34.3325],[-58.50509,-34.3344],[-58.50539,-34.33458],[-58.506,-34.33462],[-58.50695,-34.33452],[-58.50761,-34.33418],[-58.50942,-34.33218],[-58.50993,-34.33194],[-58.51135,-34.33157],[-58.5122,-34.33146],[-58.51284,-34.33151],[-58.51297,-34.33183],[-58.51305,-34.33238],[-58.5133,-34.33298],[-58.51327,-34.33373],[-58.51399,-34.33477],[-58.51438,-34.33494],[-58.51577,-34.33481],[-58.51595,-34.33496],[-58.51554,-34.33562],[-58.51583,-34.33576],[-58.51609,-34.33577],[-58.5228,-34.33997],[-58.52327,-34.34068]]}},{"type":"Feature","properties":{"name":"Riacho el Ancho","layer":"Rios y Arroyos"},"geometry":{"type":"LineString","coordinates":[[-60.7949,-32.52601],[-60.79435,-32.52979],[-60.79321,-32.53283],[-60.7915,-32.53529],[-60.78849,-32.5382],[-60.78352,-32.54256],[-60.77735,-32.54628],[-60.77298,-32.54727],[-60.76903,-32.54782],[-60.76433,-32.54916],[-60.76155,-32.55052],[-60.75854,-32.55258],[-60.75369,-32.55611],[-60.75037,-32.55928]]}},{"type":"Feature","properties":{"name":"Arroyo Bagrecito","layer":"Rios y Arroyos"},"geometry":{"type":"LineString","coordinates":[[-58.50218,-34.31588],[-58.5026,-34.31634],[-58.50308,-34.31665],[-58.50356,-34.31691],[-58.50395,-34.31694],[-58.5042,-34.31698],[-58.50427,-34.31731],[-58.50436,-34.31744],[-58.50504,-34.31744],[-58.5058,-34.31732],[-58.50636,-34.31703],[-58.50663,-34.31698],[-58.5069,-34.31698],[-58.50807,-34.31782],[-58.50848,-34.31833],[-58.50854,-34.31887],[-58.50874,-34.31988],[-58.50882,-34.32056],[-58.50876,-34.32129],[-58.50881,-34.32161],[-58.50876,-34.32189],[-58.5088,-34.32307],[-58.50885,-34.32345]]}},{"type":"Feature","properties":{"name":"Rio Urión","layer":"Rios y Arroyos"},"geometry":{"type":"LineString","coordinates":[[-58.52429,-34.34374],[-58.52295,-34.34866],[-58.52264,-34.35102],[-58.52564,-34.35628],[-58.52528,-34.36011],[-58.52399,-34.36446],[-58.52324,-34.37261],[-58.52328,-34.3753],[-58.52539,-34.38029],[-58.52576,-34.38299],[-58.52492,-34.38804],[-58.52288,-34.39202],[-58.52181,-34.39552],[-58.5213,-34.39859]]}},{"type":"Feature","properties":{"name":"Arroyo Islas Malvinas","layer":"Rios y Arroyos"},"geometry":{"type":"LineString","coordinates":[[-58.52036,-34.37375],[-58.52031,-34.37312],[-58.52044,-34.37211],[-58.52047,-34.3713],[-58.52034,-34.37089],[-58.51977,-34.3706],[-58.51908,-34.36988],[-58.51887,-34.36929],[-58.51864,-34.36892],[-58.51848,-34.36839],[-58.51828,-34.36785],[-58.51802,-34.36741],[-58.51767,-34.36712],[-58.51745,-34.36661],[-58.51729,-34.36569],[-58.51722,-34.36529],[-58.51715,-34.36459],[-58.51715,-34.36428],[-58.51703,-34.36395],[-58.51712,-34.3637],[-58.51776,-34.36309],[-58.51809,-34.36279],[-58.51827,-34.3625],[-58.51834,-34.36228],[-58.51907,-34.36135],[-58.5192,-34.36129],[-58.51929,-34.36114],[-58.51921,-34.36103],[-58.51953,-34.36022],[-58.51965,-34.35991],[-58.51971,-34.35961],[-58.51973,-34.35931],[-58.51972,-34.35916],[-58.51984,-34.3589],[-58.51982,-34.35845],[-58.51981,-34.35833],[-58.51993,-34.35789],[-58.51987,-34.35782],[-58.51975,-34.35773],[-58.51969,-34.35745],[-58.51957,-34.357],[-58.51943,-34.35695],[-58.51919,-34.35699],[-58.5191,-34.35706],[-58.51893,-34.35725],[-58.51893,-34.35735],[-58.51857,-34.35777],[-58.51845,-34.35785],[-58.51834,-34.35802],[-58.51825,-34.35805],[-58.51793,-34.35797]]}},{"type":"Feature","properties":{"name":"Arroyo Tres Sargentos","layer":"Rios y Arroyos"},"geometry":{"type":"LineString","coordinates":[[-58.50838,-34.35853],[-58.50872,-34.35843],[-58.50924,-34.35842],[-58.50957,-34.35816],[-58.50984,-34.3579],[-58.51015,-34.35778],[-58.51037,-34.35785],[-58.51067,-34.358],[-58.51087,-34.3583],[-58.51091,-34.35858],[-58.51092,-34.35921],[-58.51114,-34.36015],[-58.51133,-34.36104],[-58.51143,-34.36185],[-58.51149,-34.36265],[-58.51163,-34.36332],[-58.51187,-34.36409],[-58.51214,-34.36467],[-58.51276,-34.36547],[-58.51308,-34.36602],[-58.51329,-34.36644],[-58.51342,-34.36772],[-58.5134,-34.36839],[-58.51346,-34.36869],[-58.51337,-34.36878],[-58.5132,-34.3695],[-58.5132,-34.36975],[-58.51323,-34.37008],[-58.51312,-34.37103]]}},{"type":"Feature","properties":{"name":"Arroyo Piraña","layer":"Rios y Arroyos"},"geometry":{"type":"LineString","coordinates":[[-58.49552,-34.41132],[-58.49663,-34.41071],[-58.4993,-34.41012],[-58.50117,-34.40982],[-58.50287,-34.40911],[-58.50454,-34.40784],[-58.50516,-34.40704],[-58.50539,-34.40515],[-58.50541,-34.40234],[-58.50518,-34.40109],[-58.50436,-34.39911],[-58.5043,-34.39711],[-58.50459,-34.39572],[-58.50518,-34.39435],[-58.50583,-34.39382],[-58.50708,-34.39354],[-58.50778,-34.39336],[-58.50825,-34.39312],[-58.50917,-34.3924],[-58.50981,-34.39196],[-58.51148,-34.39113],[-58.51177,-34.39082],[-58.51185,-34.39053],[-58.51052,-34.38826],[-58.51026,-34.3877],[-58.50999,-34.3873],[-58.50918,-34.38657],[-58.50906,-34.38637],[-58.50895,-34.38612],[-58.50891,-34.38553],[-58.5087,-34.38483],[-58.50881,-34.38404],[-58.50901,-34.38325],[-58.50917,-34.38258],[-58.50923,-34.38219],[-58.50925,-34.38146],[-58.50929,-34.38098],[-58.50937,-34.38068],[-58.50925,-34.3794],[-58.50932,-34.37892],[-58.50964,-34.37783],[-58.50972,-34.37766],[-58.50973,-34.37738],[-58.50985,-34.377],[-58.51009,-34.37655],[-58.51054,-34.37601]]}},{"type":"Feature","properties":{"name":"Arroyo Anguilas","layer":"Rios y Arroyos"},"geometry":{"type":"LineString","coordinates":[[-58.53943,-34.42693],[-58.53785,-34.4275],[-58.53684,-34.4276],[-58.53579,-34.42729],[-58.53495,-34.42723],[-58.53393,-34.42681],[-58.53282,-34.42613],[-58.53159,-34.42517],[-58.53071,-34.42467],[-58.52995,-34.42444],[-58.52934,-34.42357],[-58.52851,-34.42279],[-58.52718,-34.4218],[-58.52661,-34.42108],[-58.5265,-34.42033],[-58.52661,-34.41903],[-58.52621,-34.4184],[-58.52526,-34.41796],[-58.52406,-34.41791],[-58.52296,-34.41817],[-58.52206,-34.41822],[-58.52142,-34.4181],[-58.52091,-34.41848],[-58.52032,-34.41911],[-58.52003,-34.42028],[-58.51969,-34.42208],[-58.51917,-34.42306],[-58.51826,-34.42386],[-58.51756,-34.424],[-58.51644,-34.42401],[-58.51566,-34.42394],[-58.51484,-34.42349],[-58.51402,-34.4228],[-58.5131,-34.42199],[-58.5121,-34.42139],[-58.51107,-34.42089],[-58.5101,-34.42067],[-58.50888,-34.42094]]}},{"type":"Feature","properties":{"name":"Arroyo Pacu","layer":"Rios y Arroyos"},"geometry":{"type":"LineString","coordinates":[[-58.53912,-34.43084],[-58.53845,-34.43048],[-58.5379,-34.43031],[-58.53742,-34.43032],[-58.53607,-34.43065],[-58.53592,-34.43118],[-58.53555,-34.43187],[-58.53509,-34.43189],[-58.53296,-34.43089],[-58.53181,-34.43038],[-58.52954,-34.43011],[-58.52718,-34.42986],[-58.52631,-34.42964],[-58.52545,-34.42943],[-58.52432,-34.42912],[-58.52316,-34.42868],[-58.52273,-34.42848],[-58.52259,-34.42824],[-58.5225,-34.42805],[-58.52226,-34.42802],[-58.52192,-34.42808],[-58.52113,-34.42847],[-58.52088,-34.42894],[-58.52069,-34.42923],[-58.52056,-34.42929],[-58.52047,-34.42944],[-58.52007,-34.42968],[-58.51984,-34.42984],[-58.51857,-34.43112],[-58.51834,-34.43151],[-58.51821,-34.4324],[-58.518,-34.43315],[-58.51769,-34.43382],[-58.51741,-34.43429],[-58.51712,-34.43454],[-58.51674,-34.43462],[-58.5164,-34.43454],[-58.51555,-34.434],[-58.51501,-34.43359],[-58.51475,-34.43316],[-58.51449,-34.433],[-58.51401,-34.43293],[-58.5131,-34.43267],[-58.51291,-34.43267],[-58.51272,-34.43288],[-58.5124,-34.43307],[-58.5121,-34.43341],[-58.51179,-34.43353],[-58.51144,-34.43364],[-58.51112,-34.43388],[-58.51099,-34.4341]]}},{"type":"Feature","properties":{"name":"Aguaje Sin Nombre","layer":"Rios y Arroyos"},"geometry":{"type":"LineString","coordinates":[[-58.53652,-34.43526],[-58.53584,-34.43479],[-58.53525,-34.43445],[-58.53472,-34.43433],[-58.53386,-34.43453],[-58.53288,-34.43479],[-58.532,-34.43491],[-58.53072,-34.43497],[-58.5296,-34.43495],[-58.52879,-34.4348],[-58.52806,-34.43448],[-58.52706,-34.43381],[-58.52613,-34.43337],[-58.52533,-34.43292],[-58.5246,-34.43242],[-58.52417,-34.43232],[-58.52372,-34.43206],[-58.52303,-34.43163],[-58.52236,-34.43144],[-58.52124,-34.43128],[-58.52011,-34.43124],[-58.51903,-34.4312],[-58.5187,-34.43117]]}},{"type":"Feature","properties":{"name":"Arroyo Ballenas","layer":"Rios y Arroyos"},"geometry":{"type":"LineString","coordinates":[[-58.5337,-34.43776],[-58.53315,-34.4373],[-58.53264,-34.43709],[-58.53195,-34.43703],[-58.53128,-34.43713],[-58.52915,-34.43741],[-58.52781,-34.43734],[-58.52644,-34.4372],[-58.52559,-34.43703],[-58.52459,-34.43691],[-58.52383,-34.4368],[-58.523,-34.43701],[-58.5217,-34.43731],[-58.52009,-34.43787],[-58.51943,-34.43817],[-58.51899,-34.43833],[-58.51854,-34.43829],[-58.51776,-34.43835],[-58.51631,-34.43847],[-58.51578,-34.43853]]}},{"type":"Feature","properties":{"name":"Canal del Este","layer":"Rios y Arroyos"},"geometry":{"type":"LineString","coordinates":[[-58.52249,-34.34274],[-58.52021,-34.34406],[-58.51765,-34.34614],[-58.51393,-34.34846],[-58.51136,-34.35034],[-58.50886,-34.35288],[-58.50807,-34.3546],[-58.50788,-34.35665],[-58.50782,-34.35871],[-58.50658,-34.36301],[-58.5051,-34.36604],[-58.50351,-34.36845],[-58.50092,-34.37189],[-58.49791,-34.37548],[-58.49284,-34.38029],[-58.48859,-34.38418],[-58.48632,-34.38567],[-58.48361,-34.38779],[-58.48248,-34.38924],[-58.48197,-34.39093],[-58.48178,-34.39327],[-58.48088,-34.39559]]}},{"type":"Feature","properties":{"name":"Arroyo La Vaca Muerta","layer":"Rios y Arroyos"},"geometry":{"type":"LineString","coordinates":[[-60.58402,-32.97465],[-60.58378,-32.97465],[-60.58335,-32.9746],[-60.58308,-32.97458],[-60.5827,-32.9745],[-60.58232,-32.97447],[-60.58173,-32.97447],[-60.58134,-32.97445],[-60.58071,-32.97447],[-60.58,-32.97448],[-60.57929,-32.97451],[-60.57859,-32.97452],[-60.578,-32.97452],[-60.57758,-32.97447],[-60.57697,-32.97431],[-60.57651,-32.97422],[-60.57619,-32.9741],[-60.5759,-32.97405],[-60.57543,-32.97399],[-60.57502,-32.9739],[-60.57462,-32.97367],[-60.57385,-32.97319],[-60.57316,-32.97265],[-60.57267,-32.97218],[-60.57198,-32.97156],[-60.57116,-32.97098],[-60.56974,-32.97008],[-60.56765,-32.96891],[-60.56646,-32.96829],[-60.56515,-32.96773],[-60.56389,-32.96728],[-60.56276,-32.96698],[-60.56202,-32.96686],[-60.56063,-32.96671],[-60.56012,-32.96692],[-60.55955,-32.96714],[-60.55864,-32.96764],[-60.55839,-32.96788],[-60.55818,-32.96798],[-60.55799,-32.968],[-60.55767,-32.96781]]}},{"type":"Feature","properties":{"name":"Arroyo Desaguadero","layer":"Rios y Arroyos"},"geometry":{"type":"LineString","coordinates":[[-58.50782,-34.35363],[-58.50742,-34.35345],[-58.50686,-34.35331],[-58.50599,-34.35331],[-58.50487,-34.3534],[-58.50376,-34.35359],[-58.50258,-34.35381],[-58.50143,-34.35407],[-58.50066,-34.35428],[-58.50002,-34.35435],[-58.4986,-34.35456],[-58.49706,-34.35495],[-58.49591,-34.35526],[-58.4945,-34.35567],[-58.49316,-34.35616],[-58.49174,-34.35669],[-58.49102,-34.3571],[-58.49026,-34.35739],[-58.48905,-34.35777],[-58.48809,-34.35804],[-58.48762,-34.35823],[-58.48699,-34.35861],[-58.48634,-34.3591],[-58.48546,-34.35985],[-58.48498,-34.36042],[-58.48439,-34.36129],[-58.48417,-34.36151],[-58.48325,-34.36187],[-58.48253,-34.3621],[-58.48193,-34.36248],[-58.48166,-34.36273],[-58.48189,-34.36385],[-58.48216,-34.36449],[-58.48342,-34.36678],[-58.48427,-34.36811],[-58.48492,-34.36927],[-58.4851,-34.36972],[-58.48519,-34.37012],[-58.48524,-34.37098],[-58.48509,-34.37249],[-58.48508,-34.37353],[-58.48515,-34.37463],[-58.48519,-34.37627],[-58.48529,-34.37784],[-58.48529,-34.37826],[-58.48517,-34.37867],[-58.48484,-34.37948],[-58.48434,-34.37991],[-58.48246,-34.38148],[-58.48084,-34.38299],[-58.47937,-34.38473],[-58.47779,-34.38579],[-58.47605,-34.38622],[-58.47464,-34.3864],[-58.47356,-34.38695],[-58.47251,-34.38802],[-58.47174,-34.38901]]}},{"type":"Feature","properties":{"name":"Arroyo Patí","layer":"Rios y Arroyos"},"geometry":{"type":"LineString","coordinates":[[-58.49171,-34.35659],[-58.49148,-34.35619],[-58.4911,-34.35554],[-58.49062,-34.35474],[-58.49039,-34.35434],[-58.49034,-34.35415],[-58.49047,-34.35343],[-58.49053,-34.35304],[-58.4913,-34.35179],[-58.49159,-34.35156],[-58.49305,-34.35159],[-58.49409,-34.35158],[-58.49493,-34.35167],[-58.49555,-34.35183],[-58.4962,-34.35204],[-58.49687,-34.35208],[-58.49752,-34.35195],[-58.49797,-34.35149],[-58.49842,-34.35079],[-58.49876,-34.35007],[-58.49901,-34.34914],[-58.49922,-34.34817],[-58.49937,-34.34738],[-58.4995,-34.34714],[-58.49962,-34.34662],[-58.49957,-34.34604],[-58.49957,-34.34579],[-58.49974,-34.34485],[-58.49985,-34.34433],[-58.49974,-34.34412],[-58.4995,-34.34379],[-58.49937,-34.34351],[-58.49939,-34.3433],[-58.4995,-34.34305],[-58.49979,-34.34268],[-58.50018,-34.34235],[-58.50056,-34.34212],[-58.50089,-34.34198],[-58.50125,-34.34175],[-58.50156,-34.34144],[-58.50186,-34.34113],[-58.50203,-34.34108],[-58.50223,-34.34113],[-58.50273,-34.34155],[-58.50309,-34.34166],[-58.50338,-34.34169],[-58.50375,-34.34166],[-58.504,-34.34156],[-58.50422,-34.34158],[-58.50435,-34.3415],[-58.50443,-34.3414],[-58.50454,-34.34137],[-58.50473,-34.34153],[-58.50474,-34.34163],[-58.50491,-34.34174],[-58.50498,-34.34184],[-58.5049,-34.34193],[-58.50458,-34.34228],[-58.50444,-34.34229],[-58.50434,-34.34245],[-58.50425,-34.34255],[-58.50414,-34.34259],[-58.50408,-34.34264],[-58.50404,-34.34271],[-58.50406,-34.3428],[-58.5038,-34.34305]]}},{"type":"Feature","properties":{"name":"Arroyo Raya","layer":"Rios y Arroyos"},"geometry":{"type":"LineString","coordinates":[[-58.47341,-34.35855],[-58.47387,-34.35812],[-58.47448,-34.35785],[-58.47564,-34.35757],[-58.47624,-34.35732],[-58.47696,-34.35664],[-58.47764,-34.35615],[-58.47827,-34.356],[-58.47932,-34.35613],[-58.48039,-34.35643],[-58.48125,-34.35657],[-58.48217,-34.35637],[-58.48332,-34.35577],[-58.48418,-34.35521],[-58.48484,-34.35449],[-58.48517,-34.35389],[-58.48541,-34.35287],[-58.4858,-34.35217],[-58.48642,-34.35133],[-58.4869,-34.35096],[-58.48796,-34.35033],[-58.48884,-34.3496],[-58.49041,-34.34845],[-58.49102,-34.34777],[-58.49173,-34.347],[-58.49209,-34.34648],[-58.49263,-34.34562],[-58.4935,-34.34455],[-58.49433,-34.34349],[-58.49473,-34.34268]]}},{"type":"Feature","properties":{"name":"Arroyo Segunda Hermana","layer":"Rios y Arroyos"},"geometry":{"type":"LineString","coordinates":[[-58.57142,-34.32467],[-58.57221,-34.32476],[-58.57301,-34.32475],[-58.57354,-34.32448],[-58.57426,-34.32378],[-58.57448,-34.32342],[-58.57475,-34.32318],[-58.57493,-34.32289],[-58.57502,-34.32246],[-58.57495,-34.32203],[-58.57495,-34.32129],[-58.57496,-34.32048],[-58.57496,-34.31997],[-58.57491,-34.31915],[-58.57492,-34.31869],[-58.57491,-34.31727]]}},{"type":"Feature","properties":{"name":"Arroyo Angelito","layer":"Rios y Arroyos"},"geometry":{"type":"LineString","coordinates":[[-58.48967,-34.26913],[-58.48983,-34.26858],[-58.49,-34.26815],[-58.48988,-34.26777],[-58.49016,-34.26734],[-58.49015,-34.26672],[-58.49005,-34.2659],[-58.48968,-34.26484],[-58.48913,-34.26369],[-58.48902,-34.26286],[-58.48895,-34.26175],[-58.4888,-34.26112],[-58.48861,-34.26069],[-58.48855,-34.2597],[-58.48823,-34.25909],[-58.48776,-34.25841],[-58.48723,-34.25686]]}},{"type":"Feature","properties":{"name":"Arroyo Don Haroldo","layer":"Rios y Arroyos"},"geometry":{"type":"LineString","coordinates":[[-58.48238,-34.27146],[-58.48228,-34.27114],[-58.48248,-34.2703],[-58.48235,-34.26991],[-58.48188,-34.26946],[-58.48179,-34.26905],[-58.48167,-34.26847],[-58.48128,-34.26761],[-58.48088,-34.26719],[-58.48068,-34.26681],[-58.48073,-34.26653],[-58.48061,-34.26603],[-58.48066,-34.2656],[-58.48081,-34.2653],[-58.48113,-34.26519],[-58.48148,-34.2649],[-58.48172,-34.26438],[-58.4818,-34.26398],[-58.48206,-34.2638],[-58.48253,-34.2638],[-58.48291,-34.26387]]}},{"type":"Feature","properties":{"name":"Arroyo Mascaro","layer":"Rios y Arroyos"},"geometry":{"type":"LineString","coordinates":[[-58.47707,-34.31035],[-58.47746,-34.31005],[-58.47785,-34.30979],[-58.47797,-34.30956],[-58.47798,-34.30948],[-58.47833,-34.30923],[-58.4789,-34.3091],[-58.47967,-34.30898],[-58.48064,-34.30865],[-58.4814,-34.30831],[-58.48176,-34.30826],[-58.48252,-34.3083],[-58.48293,-34.30824],[-58.48327,-34.30803],[-58.48344,-34.30771],[-58.48347,-34.30709],[-58.48375,-34.30631],[-58.48425,-34.30517],[-58.48422,-34.30467],[-58.48435,-34.30377],[-58.48459,-34.30346],[-58.48491,-34.3034],[-58.48533,-34.30348],[-58.48599,-34.30363],[-58.48668,-34.30361],[-58.48752,-34.30346],[-58.48791,-34.30339],[-58.48824,-34.30342],[-58.48848,-34.30363],[-58.48911,-34.30423],[-58.48949,-34.30417],[-58.48994,-34.30407],[-58.49045,-34.30393],[-58.49109,-34.30349],[-58.49154,-34.30336],[-58.49182,-34.30317],[-58.4924,-34.30257],[-58.49292,-34.30229],[-58.49335,-34.30227],[-58.49365,-34.30218],[-58.49389,-34.30201],[-58.49409,-34.30201],[-58.4944,-34.30212],[-58.49464,-34.30236],[-58.495,-34.30253],[-58.49537,-34.3026],[-58.4959,-34.30259],[-58.49665,-34.30227],[-58.49731,-34.30181],[-58.49754,-34.30166],[-58.49765,-34.30144],[-58.49779,-34.30134],[-58.49816,-34.30116],[-58.49828,-34.30107],[-58.49855,-34.30097],[-58.49873,-34.3008],[-58.49886,-34.30062],[-58.49917,-34.30054],[-58.49926,-34.30045],[-58.49928,-34.3004],[-58.49966,-34.30039],[-58.49991,-34.30023],[-58.50017,-34.30012],[-58.50026,-34.30005],[-58.5003,-34.29991],[-58.50029,-34.29976],[-58.50016,-34.29957],[-58.5003,-34.2994],[-58.50049,-34.29931],[-58.50079,-34.29908],[-58.50111,-34.299]]}},{"type":"Feature","properties":{"name":"El Sueco","layer":"Rios y Arroyos"},"geometry":{"type":"LineString","coordinates":[[-58.5112,-34.2988],[-58.50646,-34.29605],[-58.50306,-34.29357],[-58.50117,-34.29007],[-58.49911,-34.28746],[-58.49482,-34.28442],[-58.48834,-34.28232],[-58.48631,-34.28169]]}},{"type":"Feature","properties":{"name":"El Falso Sueco","layer":"Rios y Arroyos"},"geometry":{"type":"LineString","coordinates":[[-58.50182,-34.29416],[-58.50012,-34.2942],[-58.49852,-34.29494],[-58.49616,-34.29667],[-58.49435,-34.29753],[-58.49141,-34.29809],[-58.4886,-34.29815],[-58.48488,-34.29783],[-58.48206,-34.29686],[-58.47865,-34.29525],[-58.47369,-34.29416],[-58.46911,-34.29348]]}},{"type":"Feature","properties":{"name":"Arroyo Los Lobos","layer":"Rios y Arroyos"},"geometry":{"type":"LineString","coordinates":[[-58.39952,-34.22557],[-58.40001,-34.22527],[-58.40112,-34.22502],[-58.40177,-34.22479],[-58.40226,-34.2243],[-58.40238,-34.22382],[-58.40305,-34.2231],[-58.40402,-34.22219],[-58.40454,-34.22135],[-58.40532,-34.2199],[-58.40591,-34.21898],[-58.40667,-34.21836],[-58.40754,-34.21809],[-58.40858,-34.21826],[-58.40933,-34.21846],[-58.41028,-34.21859],[-58.41086,-34.21883],[-58.41183,-34.21955],[-58.41264,-34.21983],[-58.41372,-34.21991],[-58.41482,-34.21967],[-58.41553,-34.21928],[-58.4183,-34.21749],[-58.41888,-34.21726],[-58.41935,-34.21725],[-58.42081,-34.21763],[-58.42172,-34.21752],[-58.42269,-34.2172],[-58.42384,-34.2164],[-58.42531,-34.21527],[-58.42648,-34.21464],[-58.4275,-34.21439],[-58.42861,-34.2144],[-58.43165,-34.2142],[-58.43307,-34.21403],[-58.43465,-34.21368],[-58.43562,-34.2131],[-58.43665,-34.21191]]}},{"type":"Feature","properties":{"name":"Arroyo Los Marinos","layer":"Rios y Arroyos"},"geometry":{"type":"LineString","coordinates":[[-60.60002,-32.95025],[-60.5976,-32.94848],[-60.59677,-32.94715],[-60.59689,-32.94585],[-60.59911,-32.94492],[-60.60237,-32.94385],[-60.60487,-32.94245],[-60.60591,-32.94052],[-60.60512,-32.93921],[-60.60372,-32.93915],[-60.60123,-32.94033],[-60.59824,-32.9421],[-60.59512,-32.94315],[-60.59174,-32.94354],[-60.5873,-32.94329],[-60.58396,-32.94337],[-60.58031,-32.94451],[-60.57776,-32.94716],[-60.5754,-32.94999],[-60.57152,-32.95267],[-60.56828,-32.95476],[-60.56558,-32.95728],[-60.56136,-32.9614],[-60.55759,-32.96607],[-60.55364,-32.97152],[-60.55215,-32.97573],[-60.55174,-32.98126],[-60.55243,-32.98366],[-60.5547,-32.98841],[-60.55799,-32.99701],[-60.5606,-33.00261],[-60.56472,-33.00764],[-60.56933,-33.01085],[-60.57283,-33.01431],[-60.57412,-33.01749],[-60.57304,-33.0209],[-60.57075,-33.02281],[-60.56816,-33.02414],[-60.56594,-33.02586],[-60.56275,-33.02868],[-60.55853,-33.03048],[-60.55586,-33.03205],[-60.55521,-33.03284],[-60.55554,-33.03566],[-60.55599,-33.04004]]}},{"type":"Feature","properties":{"name":"Arroyo Los Grillos","layer":"Rios y Arroyos"},"geometry":{"type":"LineString","coordinates":[[-58.39962,-34.20236],[-58.40034,-34.20245],[-58.40063,-34.20271],[-58.4009,-34.20297],[-58.40114,-34.20293],[-58.40135,-34.20276],[-58.40228,-34.20215],[-58.40255,-34.20215],[-58.4031,-34.20219],[-58.40382,-34.20213],[-58.40399,-34.2021],[-58.40427,-34.20195],[-58.40465,-34.20207],[-58.40514,-34.20193],[-58.40567,-34.20167],[-58.40606,-34.20114],[-58.40647,-34.20103],[-58.4071,-34.20087],[-58.40753,-34.20059],[-58.40781,-34.20023],[-58.40812,-34.19971],[-58.4089,-34.1989],[-58.40944,-34.19869],[-58.40976,-34.19842],[-58.41017,-34.19809]]}},{"type":"Feature","properties":{"name":"Arroyo Las Chilcas","layer":"Rios y Arroyos"},"geometry":{"type":"LineString","coordinates":[[-58.40852,-34.18184],[-58.40889,-34.18201],[-58.40961,-34.18265],[-58.40994,-34.1829],[-58.41018,-34.18319],[-58.41034,-34.1834],[-58.41042,-34.18386],[-58.41056,-34.1842],[-58.41082,-34.18455],[-58.4112,-34.18495],[-58.41175,-34.18532],[-58.41232,-34.18574],[-58.41258,-34.18599],[-58.41299,-34.18627],[-58.41343,-34.1865],[-58.41378,-34.18672],[-58.41405,-34.18694],[-58.41438,-34.18724],[-58.41548,-34.18807],[-58.41672,-34.18908],[-58.41749,-34.18974],[-58.41886,-34.19002],[-58.41986,-34.19001],[-58.42027,-34.1904],[-58.42032,-34.19114],[-58.42113,-34.19139],[-58.42139,-34.19213],[-58.42139,-34.19282],[-58.42193,-34.19315],[-58.42201,-34.19363],[-58.42213,-34.19406],[-58.42266,-34.19435],[-58.42368,-34.19416],[-58.42535,-34.1934]]}},{"type":"Feature","properties":{"name":"Arroyo Cruz del Sauce","layer":"Rios y Arroyos"},"geometry":{"type":"LineString","coordinates":[[-58.44758,-34.18691],[-58.44692,-34.18606],[-58.44633,-34.18531],[-58.44525,-34.18423],[-58.44469,-34.18349],[-58.44387,-34.18262],[-58.44284,-34.18107],[-58.44187,-34.17944],[-58.4407,-34.17728],[-58.43989,-34.17572],[-58.43933,-34.17434],[-58.43889,-34.17302],[-58.43862,-34.17255],[-58.43809,-34.17189],[-58.43721,-34.17121],[-58.43597,-34.17039],[-58.435,-34.16988],[-58.43389,-34.16943],[-58.43275,-34.16959]]}},{"type":"Feature","properties":{"name":"Arroyo Largo","layer":"Rios y Arroyos"},"geometry":{"type":"LineString","coordinates":[[-58.44532,-34.21921],[-58.44684,-34.21825],[-58.44806,-34.21707],[-58.44925,-34.21537],[-58.45,-34.21351],[-58.4504,-34.21112],[-58.45073,-34.2092],[-58.45138,-34.20692],[-58.45152,-34.20562],[-58.45144,-34.2046],[-58.45101,-34.20309],[-58.45012,-34.20087],[-58.44984,-34.19917],[-58.44958,-34.19463],[-58.44921,-34.19183],[-58.44868,-34.18975],[-58.44801,-34.18815],[-58.4477,-34.18712],[-58.44776,-34.18664],[-58.44785,-34.18588],[-58.44801,-34.1847],[-58.44841,-34.18352],[-58.44983,-34.18269],[-58.45239,-34.18108],[-58.45446,-34.17987],[-58.45701,-34.17852],[-58.4588,-34.17778],[-58.4619,-34.17672],[-58.46411,-34.17608],[-58.46564,-34.17554],[-58.46742,-34.17486],[-58.46899,-34.17407],[-58.47165,-34.17271],[-58.47302,-34.17173],[-58.47409,-34.17098],[-58.47542,-34.16967],[-58.47691,-34.16804],[-58.47794,-34.1665],[-58.47909,-34.16449],[-58.48048,-34.16207],[-58.48158,-34.16053],[-58.48246,-34.1587],[-58.48288,-34.15699],[-58.48331,-34.15406],[-58.48395,-34.15085],[-58.48425,-34.14853],[-58.48449,-34.14545],[-58.48477,-34.14242],[-58.48514,-34.1405],[-58.48566,-34.13886],[-58.48632,-34.13722],[-58.48709,-34.1358],[-58.48826,-34.13281],[-58.48928,-34.13018],[-58.49062,-34.12608],[-58.49169,-34.12215],[-58.49186,-34.12145],[-58.49189,-34.1189],[-58.4922,-34.11564],[-58.49222,-34.11378],[-58.49193,-34.11134],[-58.49169,-34.11027],[-58.49135,-34.1097],[-58.49089,-34.10847],[-58.49056,-34.10735],[-58.48982,-34.10564],[-58.48886,-34.10355],[-58.48799,-34.10136],[-58.4876,-34.10017],[-58.48645,-34.09837],[-58.4854,-34.09672],[-58.48463,-34.09551],[-58.48382,-34.09459],[-58.48328,-34.09395],[-58.4831,-34.09362],[-58.48272,-34.09316]]}},{"type":"Feature","properties":{"name":"Arroyo Herrera","layer":"Rios y Arroyos"},"geometry":{"type":"LineString","coordinates":[[-58.44826,-34.21713],[-58.44868,-34.21715],[-58.44904,-34.21702],[-58.44975,-34.2165],[-58.45069,-34.21579],[-58.45143,-34.21514],[-58.45246,-34.21424],[-58.45326,-34.21345],[-58.45398,-34.21285],[-58.45452,-34.21257],[-58.45522,-34.2122],[-58.4557,-34.2116],[-58.4559,-34.2113],[-58.45596,-34.21068],[-58.45573,-34.21008],[-58.45568,-34.20974],[-58.45586,-34.20942],[-58.45621,-34.20916],[-58.45662,-34.20886],[-58.4569,-34.20855],[-58.45706,-34.20812],[-58.45744,-34.20699],[-58.45764,-34.20602],[-58.45764,-34.20529],[-58.45781,-34.2047],[-58.45809,-34.20413],[-58.45812,-34.20369],[-58.45788,-34.20318],[-58.45794,-34.2022],[-58.458,-34.20162],[-58.45818,-34.20132],[-58.45842,-34.20108],[-58.4587,-34.20072],[-58.45888,-34.20027],[-58.45889,-34.19999],[-58.45879,-34.19953],[-58.4586,-34.19918],[-58.45862,-34.19896],[-58.45853,-34.19855],[-58.45835,-34.19794],[-58.45818,-34.19757]]}},{"type":"Feature","properties":{"name":"Arroyo Carapuatí","layer":"Rios y Arroyos"},"geometry":{"type":"LineString","coordinates":[[-58.44856,-34.18328],[-58.4483,-34.18319],[-58.44817,-34.18306],[-58.44818,-34.18278],[-58.44821,-34.18226],[-58.4483,-34.1815],[-58.44842,-34.18103],[-58.44857,-34.18068],[-58.44885,-34.18038],[-58.44923,-34.1801],[-58.44972,-34.17988],[-58.45017,-34.17969],[-58.45055,-34.17961],[-58.45101,-34.17945],[-58.45129,-34.17925],[-58.45142,-34.179],[-58.4514,-34.17869],[-58.45129,-34.17844],[-58.45122,-34.17819],[-58.45139,-34.17793],[-58.45175,-34.17768],[-58.45219,-34.1775],[-58.45278,-34.17739],[-58.45324,-34.17724],[-58.4535,-34.17706],[-58.45376,-34.17683],[-58.4539,-34.17654],[-58.45374,-34.17624],[-58.45366,-34.17607],[-58.45369,-34.1758],[-58.45381,-34.17529],[-58.4541,-34.17472],[-58.45419,-34.17451],[-58.4542,-34.17416],[-58.45454,-34.17373],[-58.45526,-34.17344],[-58.4557,-34.17321],[-58.45617,-34.17307],[-58.45663,-34.17307],[-58.45729,-34.17323],[-58.45761,-34.17336],[-58.45783,-34.17331],[-58.45849,-34.17291],[-58.45942,-34.17223],[-58.45981,-34.17177],[-58.45973,-34.17099],[-58.45941,-34.17012],[-58.45922,-34.16929],[-58.45918,-34.16797],[-58.45916,-34.16663],[-58.4591,-34.16617],[-58.45917,-34.16509],[-58.45906,-34.16472],[-58.45853,-34.16342],[-58.45826,-34.16288],[-58.4581,-34.1627],[-58.45789,-34.1621],[-58.45753,-34.16152],[-58.45701,-34.1608],[-58.4567,-34.16052],[-58.45609,-34.16009],[-58.45579,-34.15971]]}},{"type":"Feature","properties":{"name":"Arroyo La Barquita","layer":"Rios y Arroyos"},"geometry":{"type":"LineString","coordinates":[[-58.44815,-34.11999],[-58.44747,-34.12158],[-58.44756,-34.123],[-58.44844,-34.12439],[-58.45019,-34.12561],[-58.45112,-34.12724],[-58.45137,-34.13009],[-58.45084,-34.13533],[-58.45018,-34.14191],[-58.44838,-34.14726],[-58.4465,-34.15139],[-58.44077,-34.15989],[-58.43136,-34.16954],[-58.42479,-34.1734],[-58.4108,-34.18034],[-58.40517,-34.18177],[-58.40178,-34.18299],[-58.40059,-34.18415],[-58.40028,-34.18592],[-58.40121,-34.1881],[-58.40284,-34.19108],[-58.4032,-34.19415],[-58.40216,-34.1967],[-58.39964,-34.20109],[-58.39684,-34.20464],[-58.39354,-34.20679],[-58.3879,-34.20963],[-58.38119,-34.21216],[-58.36917,-34.21531]]}},{"type":"Feature","properties":{"name":"Paso Raigones","layer":"Rios y Arroyos"},"geometry":{"type":"LineString","coordinates":[[-60.69222,-31.95724],[-60.68711,-31.97225],[-60.67807,-31.98547],[-60.67559,-31.98752]]}},{"type":"Feature","properties":{"name":"Riacho Caviglia","layer":"Rios y Arroyos"},"geometry":{"type":"LineString","coordinates":[[-60.67306,-32.06435],[-60.67322,-32.06493],[-60.67216,-32.06767],[-60.67221,-32.06837],[-60.67372,-32.07007],[-60.67374,-32.0706],[-60.67341,-32.0718],[-60.67395,-32.07314],[-60.6758,-32.07622],[-60.67824,-32.0805],[-60.67941,-32.08298],[-60.6815,-32.08637],[-60.68301,-32.08781],[-60.68434,-32.08891],[-60.6856,-32.09103],[-60.68747,-32.09484],[-60.68792,-32.09697],[-60.68827,-32.09822],[-60.69018,-32.10119],[-60.69193,-32.10415],[-60.69373,-32.10638],[-60.69554,-32.10863],[-60.70076,-32.11325],[-60.70266,-32.11566],[-60.70504,-32.11833],[-60.7077,-32.12095],[-60.71095,-32.12463],[-60.71481,-32.12829],[-60.71738,-32.13103],[-60.71907,-32.13233],[-60.72049,-32.13301],[-60.7224,-32.13318]]}},{"type":"Feature","properties":{"name":"Riacho Paranacito","layer":"Rios y Arroyos"},"geometry":{"type":"LineString","coordinates":[[-60.72266,-32.13316],[-60.72264,-32.13274],[-60.72287,-32.13236],[-60.72346,-32.13193],[-60.72412,-32.13182],[-60.72543,-32.13191],[-60.72731,-32.13201],[-60.72852,-32.13221],[-60.73031,-32.13281],[-60.73188,-32.13349],[-60.73349,-32.13416],[-60.73468,-32.13461],[-60.73615,-32.13485],[-60.73988,-32.13491],[-60.74149,-32.13502],[-60.74244,-32.1353],[-60.74313,-32.13571],[-60.7437,-32.13627],[-60.74437,-32.13732],[-60.74599,-32.13906],[-60.74726,-32.14083],[-60.74807,-32.14223],[-60.74859,-32.1437],[-60.74931,-32.14564],[-60.75023,-32.14742],[-60.75093,-32.14856],[-60.75183,-32.14953],[-60.75271,-32.1501],[-60.75332,-32.15066],[-60.75368,-32.15147],[-60.75386,-32.15253],[-60.75414,-32.15395],[-60.75469,-32.15523],[-60.75598,-32.15709],[-60.75701,-32.15848],[-60.75777,-32.15938],[-60.75848,-32.16003],[-60.75901,-32.16],[-60.7595,-32.1596],[-60.75997,-32.15904],[-60.76052,-32.15873],[-60.76132,-32.15859],[-60.76241,-32.15866],[-60.76362,-32.15894],[-60.76406,-32.15884],[-60.76418,-32.15843],[-60.76412,-32.15748],[-60.76387,-32.15645],[-60.7639,-32.15552],[-60.76413,-32.15428],[-60.76441,-32.15365],[-60.76471,-32.15316],[-60.76549,-32.15247],[-60.76614,-32.15202],[-60.76684,-32.1519],[-60.76727,-32.15195],[-60.76791,-32.15243],[-60.76891,-32.15312],[-60.76987,-32.15346],[-60.77067,-32.15327],[-60.77106,-32.15288],[-60.77141,-32.15175],[-60.77168,-32.15055],[-60.77184,-32.14926],[-60.77167,-32.14852],[-60.77181,-32.14722],[-60.77219,-32.14504],[-60.7721,-32.14422],[-60.77173,-32.14315],[-60.77106,-32.14215],[-60.76989,-32.14117],[-60.76899,-32.14027]]}},{"type":"Feature","properties":{"name":"Arroyo Montiel","layer":"Rios y Arroyos"},"geometry":{"type":"LineString","coordinates":[[-60.39973,-33.14449],[-60.39874,-33.14442],[-60.39789,-33.14421],[-60.39635,-33.14367],[-60.39494,-33.14319],[-60.39389,-33.14305],[-60.3925,-33.14272],[-60.39103,-33.14202],[-60.38937,-33.14124],[-60.3881,-33.1409],[-60.38701,-33.1404],[-60.38592,-33.14025],[-60.38467,-33.14047],[-60.38292,-33.14086],[-60.38178,-33.14137],[-60.38111,-33.14214],[-60.38057,-33.14339],[-60.38017,-33.14443],[-60.37919,-33.14503],[-60.37786,-33.1452],[-60.37637,-33.14475],[-60.37514,-33.1448],[-60.37434,-33.14535]]}},{"type":"Feature","properties":{"name":"Arroyo del Barro","layer":"Rios y Arroyos"},"geometry":{"type":"LineString","coordinates":[[-60.61404,-32.13468],[-60.61362,-32.13517],[-60.61165,-32.13682],[-60.61003,-32.13836],[-60.6081,-32.13955],[-60.60654,-32.14038],[-60.6053,-32.14109],[-60.60442,-32.14175],[-60.60327,-32.14274],[-60.60201,-32.1439],[-60.60065,-32.14529],[-60.59994,-32.14634],[-60.59932,-32.14749],[-60.59832,-32.14845],[-60.59647,-32.14984],[-60.59548,-32.15072],[-60.59463,-32.15186],[-60.59436,-32.1534],[-60.59474,-32.15395],[-60.59513,-32.15451],[-60.59514,-32.15483],[-60.59501,-32.15508],[-60.59387,-32.15583],[-60.59288,-32.15681],[-60.59216,-32.15714],[-60.5913,-32.15725],[-60.59023,-32.15692],[-60.58956,-32.15691],[-60.58881,-32.15707],[-60.58792,-32.15757],[-60.58692,-32.1582],[-60.58574,-32.15831],[-60.5843,-32.1585],[-60.58319,-32.15831],[-60.58225,-32.15787],[-60.5814,-32.15781],[-60.58023,-32.1583],[-60.57948,-32.15859],[-60.57827,-32.15899],[-60.57737,-32.15978],[-60.57684,-32.16045],[-60.57623,-32.16087],[-60.5757,-32.16136],[-60.57573,-32.16177],[-60.57606,-32.16209],[-60.57697,-32.16244],[-60.57732,-32.16272],[-60.57709,-32.16302],[-60.57673,-32.16335],[-60.57682,-32.16355],[-60.57709,-32.16363],[-60.57754,-32.1636],[-60.57789,-32.16377],[-60.5782,-32.16423],[-60.57829,-32.16473],[-60.57813,-32.16505],[-60.57776,-32.16527],[-60.57733,-32.16539],[-60.57862,-32.16733],[-60.57856,-32.16793],[-60.57845,-32.16836],[-60.57856,-32.16896],[-60.57849,-32.16949],[-60.57811,-32.16978],[-60.5777,-32.16991],[-60.57736,-32.17028],[-60.57762,-32.17063],[-60.57807,-32.17072],[-60.57858,-32.17098],[-60.57914,-32.17133],[-60.57957,-32.17176],[-60.57953,-32.17232],[-60.57912,-32.17274],[-60.5788,-32.17314],[-60.57877,-32.17346],[-60.57899,-32.17381],[-60.57925,-32.17412],[-60.57911,-32.17448],[-60.57845,-32.1749],[-60.57788,-32.1756],[-60.57765,-32.17609],[-60.57766,-32.17724],[-60.57774,-32.17857],[-60.57772,-32.17943],[-60.57792,-32.17981],[-60.5783,-32.17981],[-60.57859,-32.17962],[-60.57858,-32.17925],[-60.57852,-32.17872],[-60.57855,-32.17804],[-60.57875,-32.17755],[-60.57906,-32.17741],[-60.57945,-32.17754],[-60.57998,-32.17781],[-60.58047,-32.17799],[-60.58085,-32.17828],[-60.58102,-32.17856],[-60.58097,-32.17882],[-60.58063,-32.17899],[-60.58015,-32.17946],[-60.5797,-32.18048],[-60.5791,-32.18147],[-60.57868,-32.18166],[-60.57811,-32.18167],[-60.57738,-32.18157],[-60.57667,-32.18166],[-60.57545,-32.18237],[-60.57446,-32.18317],[-60.57393,-32.18403],[-60.57341,-32.18496],[-60.57286,-32.18577],[-60.57169,-32.18649],[-60.57071,-32.18688],[-60.57061,-32.18726],[-60.57112,-32.18794],[-60.5718,-32.1895],[-60.57215,-32.19029],[-60.57294,-32.19085],[-60.57331,-32.19143],[-60.57346,-32.19206],[-60.57321,-32.19393],[-60.57297,-32.19412],[-60.57257,-32.19416],[-60.57199,-32.19376],[-60.57138,-32.19347],[-60.57074,-32.19331],[-60.57037,-32.19343],[-60.57021,-32.1939],[-60.57117,-32.196],[-60.5713,-32.19656],[-60.57098,-32.19724],[-60.57103,-32.19774],[-60.57143,-32.19828],[-60.57249,-32.20062],[-60.57304,-32.20114],[-60.57326,-32.20156],[-60.5731,-32.20203],[-60.57281,-32.20236],[-60.57261,-32.20392],[-60.57271,-32.20486],[-60.57313,-32.20562],[-60.57493,-32.20803],[-60.5754,-32.20863],[-60.57559,-32.20936],[-60.57543,-32.21039],[-60.57474,-32.21121],[-60.57444,-32.21169],[-60.57421,-32.21216],[-60.57421,-32.21282],[-60.57444,-32.21329],[-60.57588,-32.21467]]}},{"type":"Feature","properties":{"name":"Arroyo del Ceibo","layer":"Rios y Arroyos"},"geometry":{"type":"LineString","coordinates":[[-60.64019,-32.11592],[-60.64047,-32.11643],[-60.64041,-32.11701],[-60.64052,-32.11802],[-60.6408,-32.11862],[-60.64097,-32.11878],[-60.64133,-32.11871],[-60.64155,-32.11875],[-60.64137,-32.11936],[-60.64119,-32.12008],[-60.6404,-32.12155],[-60.63994,-32.12279],[-60.63977,-32.12367],[-60.64006,-32.12454],[-60.64063,-32.12505],[-60.64106,-32.12519],[-60.64186,-32.12508],[-60.64218,-32.12502],[-60.64249,-32.12508],[-60.64297,-32.12484],[-60.64346,-32.12469],[-60.64396,-32.12463],[-60.64453,-32.12466],[-60.64519,-32.1248],[-60.64585,-32.12492],[-60.64653,-32.12501],[-60.64687,-32.12526],[-60.64723,-32.12558],[-60.6474,-32.12583],[-60.64756,-32.12634],[-60.64792,-32.12689],[-60.64833,-32.1272],[-60.64913,-32.12767],[-60.64958,-32.12798],[-60.64998,-32.1284],[-60.65012,-32.12873],[-60.64995,-32.12926],[-60.64943,-32.12986],[-60.64899,-32.13048],[-60.64849,-32.13094],[-60.64779,-32.13148],[-60.64639,-32.13233],[-60.64517,-32.13296],[-60.64388,-32.13336],[-60.64224,-32.1338],[-60.64035,-32.13405],[-60.63938,-32.13448],[-60.639,-32.13492],[-60.6378,-32.13638],[-60.63696,-32.13686],[-60.63628,-32.13714],[-60.63578,-32.13747],[-60.63548,-32.13762],[-60.63421,-32.1377],[-60.63105,-32.13779],[-60.62888,-32.13779],[-60.62785,-32.13793],[-60.62722,-32.13826],[-60.62684,-32.13932],[-60.62597,-32.14012],[-60.62525,-32.14041],[-60.62416,-32.1412],[-60.62334,-32.14196],[-60.62254,-32.14297],[-60.62195,-32.14379],[-60.62139,-32.14417],[-60.62066,-32.14421],[-60.61957,-32.14418],[-60.61844,-32.14425],[-60.61761,-32.14435],[-60.61707,-32.14453],[-60.61635,-32.14464],[-60.61589,-32.14476],[-60.61578,-32.14525],[-60.61586,-32.14563],[-60.61619,-32.14601],[-60.61641,-32.14639],[-60.61623,-32.14666],[-60.61577,-32.14685],[-60.61508,-32.1469],[-60.61451,-32.14708],[-60.61378,-32.14751],[-60.61325,-32.14808],[-60.61286,-32.14877],[-60.61241,-32.14917],[-60.61132,-32.14983],[-60.61085,-32.15019],[-60.61049,-32.15031],[-60.61023,-32.15048],[-60.61037,-32.15078],[-60.61028,-32.15107],[-60.61,-32.15118],[-60.60938,-32.15117],[-60.60853,-32.15109],[-60.6079,-32.15113],[-60.60762,-32.15127],[-60.60747,-32.15162],[-60.60774,-32.15194],[-60.6078,-32.15232],[-60.6073,-32.15284],[-60.6067,-32.15311],[-60.60563,-32.15314],[-60.60494,-32.15325],[-60.60411,-32.15367],[-60.60359,-32.15432],[-60.60303,-32.15548],[-60.60253,-32.15644],[-60.60228,-32.15743],[-60.60184,-32.15796]]}},{"type":"Feature","properties":{"name":"Arroyo Zanja Mala","layer":"Rios y Arroyos"},"geometry":{"type":"LineString","coordinates":[[-60.65013,-32.1285],[-60.65086,-32.1283],[-60.65113,-32.12808],[-60.65143,-32.12807],[-60.65181,-32.12808],[-60.65223,-32.12789],[-60.65261,-32.12776],[-60.65299,-32.12774],[-60.65334,-32.12765],[-60.65352,-32.12766],[-60.65414,-32.12791],[-60.65476,-32.12797],[-60.65525,-32.12799],[-60.65561,-32.12813],[-60.65584,-32.12814],[-60.65598,-32.12801],[-60.65602,-32.12775],[-60.65589,-32.12744],[-60.65555,-32.12707],[-60.65528,-32.12674],[-60.65499,-32.12641],[-60.65476,-32.12634],[-60.6545,-32.12627],[-60.65431,-32.12617],[-60.65417,-32.12598],[-60.65409,-32.12576],[-60.6541,-32.12555],[-60.65428,-32.12535],[-60.65451,-32.1252],[-60.65481,-32.12508],[-60.65509,-32.12497],[-60.65528,-32.12482],[-60.65542,-32.12463],[-60.65548,-32.12436],[-60.65575,-32.12433],[-60.65597,-32.12427],[-60.6562,-32.12412],[-60.6564,-32.12416],[-60.65655,-32.12428],[-60.65677,-32.12436],[-60.65685,-32.12472],[-60.65694,-32.1249],[-60.65706,-32.12498],[-60.65723,-32.125],[-60.65738,-32.12497],[-60.65752,-32.12488],[-60.65768,-32.12482],[-60.65786,-32.12479],[-60.65804,-32.12485],[-60.65823,-32.12504],[-60.65847,-32.12548],[-60.65863,-32.12556],[-60.65893,-32.12565],[-60.65942,-32.12576],[-60.65979,-32.12578],[-60.66003,-32.12581],[-60.66022,-32.12592],[-60.66071,-32.12644],[-60.66087,-32.12671],[-60.66114,-32.12734],[-60.66128,-32.12736],[-60.66152,-32.12728],[-60.66176,-32.12712],[-60.66211,-32.12692],[-60.66232,-32.12676],[-60.66247,-32.12659],[-60.66258,-32.12653],[-60.66276,-32.12654],[-60.66302,-32.12657],[-60.66323,-32.12653],[-60.66346,-32.12658],[-60.66369,-32.12666],[-60.66395,-32.12681],[-60.66412,-32.12713],[-60.66432,-32.12715],[-60.66456,-32.12711],[-60.66482,-32.12706],[-60.66515,-32.12697],[-60.66537,-32.12688],[-60.66551,-32.12678],[-60.66559,-32.12657],[-60.66557,-32.12635],[-60.66547,-32.12599],[-60.66524,-32.12568],[-60.66515,-32.1255],[-60.66516,-32.1254],[-60.66534,-32.12528],[-60.66605,-32.12505],[-60.66657,-32.12485],[-60.66712,-32.1246],[-60.66734,-32.12437],[-60.66743,-32.12413],[-60.66744,-32.12382]]}},{"type":"Feature","properties":{"name":"Arroyo Tacuaní","layer":"Rios y Arroyos"},"geometry":{"type":"LineString","coordinates":[[-60.69763,-32.14606],[-60.69696,-32.14599],[-60.69637,-32.14593],[-60.69559,-32.14618],[-60.69493,-32.14653],[-60.69425,-32.14723],[-60.69364,-32.14834],[-60.69313,-32.14921],[-60.69253,-32.15001],[-60.69193,-32.15071],[-60.69172,-32.15124],[-60.69173,-32.15185],[-60.6917,-32.15219],[-60.69145,-32.1525],[-60.69111,-32.15294],[-60.69074,-32.15361],[-60.69033,-32.15412],[-60.69019,-32.15465],[-60.69007,-32.15593],[-60.69005,-32.15734],[-60.68972,-32.15924],[-60.6888,-32.16165],[-60.68778,-32.16359],[-60.68687,-32.16452],[-60.68579,-32.16537],[-60.68535,-32.16581],[-60.68387,-32.16653],[-60.68254,-32.16701],[-60.68055,-32.1676],[-60.67897,-32.16808],[-60.67852,-32.16833],[-60.67784,-32.16872],[-60.6766,-32.16927],[-60.6756,-32.16969],[-60.67481,-32.16974],[-60.67451,-32.16963]]}},{"type":"Feature","properties":{"name":"Arroyo Saca Calzones","layer":"Rios y Arroyos"},"geometry":{"type":"LineString","coordinates":[[-60.6838,-32.13041],[-60.68396,-32.13088],[-60.68389,-32.13154],[-60.68375,-32.13199],[-60.68339,-32.13244],[-60.68294,-32.133],[-60.68264,-32.13317],[-60.68206,-32.13321],[-60.68106,-32.13345],[-60.68001,-32.1336],[-60.67881,-32.13346],[-60.67793,-32.13349],[-60.67734,-32.1336],[-60.67607,-32.13413],[-60.6756,-32.13442],[-60.6752,-32.13488],[-60.67463,-32.13533],[-60.67398,-32.13578],[-60.67306,-32.13675],[-60.67293,-32.13682],[-60.67278,-32.13699],[-60.6727,-32.13712],[-60.67212,-32.13765],[-60.67181,-32.13813],[-60.67168,-32.1385],[-60.67149,-32.13876],[-60.67133,-32.13908],[-60.67116,-32.13953],[-60.67036,-32.14042],[-60.66997,-32.14098],[-60.66974,-32.14146],[-60.66957,-32.14205],[-60.66934,-32.14302],[-60.66917,-32.14331],[-60.66882,-32.14356],[-60.66839,-32.14382],[-60.66784,-32.14392],[-60.66672,-32.14392],[-60.66588,-32.14382],[-60.6652,-32.14366],[-60.66465,-32.14366],[-60.66383,-32.14366],[-60.66335,-32.14367],[-60.6629,-32.14376],[-60.66259,-32.144],[-60.66164,-32.14491],[-60.66109,-32.14549],[-60.66072,-32.14599],[-60.66061,-32.14632],[-60.66064,-32.14684],[-60.66081,-32.14729],[-60.66098,-32.14761],[-60.66104,-32.14813],[-60.66092,-32.14887],[-60.66074,-32.1495],[-60.66068,-32.14984],[-60.66073,-32.15017],[-60.66083,-32.15058],[-60.66077,-32.15097],[-60.66031,-32.15133],[-60.65969,-32.15143],[-60.65906,-32.15149],[-60.65871,-32.15144],[-60.65831,-32.15122],[-60.65799,-32.15084],[-60.65751,-32.15021],[-60.65696,-32.14997],[-60.65609,-32.14966],[-60.65582,-32.14972],[-60.65561,-32.14988],[-60.65486,-32.15088],[-60.65475,-32.15117],[-60.65479,-32.15147],[-60.65498,-32.15161],[-60.65525,-32.15168],[-60.65553,-32.15199],[-60.65569,-32.15253],[-60.65558,-32.15295],[-60.65501,-32.15362],[-60.65449,-32.15404],[-60.65391,-32.15429],[-60.65307,-32.15446],[-60.65246,-32.15452],[-60.65204,-32.15463],[-60.65162,-32.15495],[-60.65123,-32.15544],[-60.65086,-32.15606],[-60.6502,-32.15671],[-60.64959,-32.15726],[-60.64908,-32.1575],[-60.64827,-32.15772],[-60.64781,-32.15782],[-60.64713,-32.15783],[-60.64581,-32.15788],[-60.64494,-32.15797],[-60.64418,-32.15831],[-60.64354,-32.15854],[-60.64285,-32.15871],[-60.64233,-32.15895],[-60.64204,-32.15937],[-60.64193,-32.16006],[-60.64184,-32.1607],[-60.64178,-32.16118],[-60.64188,-32.16145],[-60.64218,-32.16167],[-60.64247,-32.16187],[-60.64267,-32.16249],[-60.64277,-32.16343],[-60.64283,-32.16384],[-60.6432,-32.16441],[-60.64376,-32.16495],[-60.64427,-32.16525],[-60.64474,-32.16534],[-60.64567,-32.16553],[-60.64676,-32.16558],[-60.64776,-32.16548],[-60.6483,-32.16531],[-60.64854,-32.16481],[-60.64862,-32.16391],[-60.64838,-32.16239],[-60.64852,-32.16167],[-60.64887,-32.16089],[-60.64936,-32.16057],[-60.64982,-32.16044],[-60.65074,-32.16055],[-60.6522,-32.16067],[-60.65248,-32.16055],[-60.65265,-32.16054],[-60.65275,-32.16065],[-60.653,-32.16106],[-60.65291,-32.16128]]}},{"type":"Feature","properties":{"name":"Arroyo Pantanoso","layer":"Rios y Arroyos"},"geometry":{"type":"LineString","coordinates":[[-60.06089,-32.76035],[-60.06251,-32.76148],[-60.06347,-32.76425],[-60.06189,-32.76985],[-60.06127,-32.77214],[-60.06227,-32.77341],[-60.06599,-32.77584],[-60.07167,-32.77803],[-60.07541,-32.7778],[-60.08272,-32.77707],[-60.08745,-32.7758],[-60.09195,-32.77461],[-60.09923,-32.77445],[-60.1045,-32.7749],[-60.10606,-32.77455],[-60.10878,-32.77485],[-60.1108,-32.77537],[-60.11345,-32.77664],[-60.1149,-32.77892],[-60.11695,-32.78222],[-60.1202,-32.78555],[-60.12398,-32.7898],[-60.1281,-32.79394]]}},{"type":"Feature","properties":{"name":"Arrollo Palometas","layer":"Rios y Arroyos"},"geometry":{"type":"LineString","coordinates":[[-60.65292,-32.16143],[-60.65251,-32.16151],[-60.65216,-32.16189],[-60.65209,-32.1624],[-60.65227,-32.16349],[-60.65225,-32.16403],[-60.65212,-32.16466],[-60.65187,-32.16508],[-60.65145,-32.16538],[-60.65095,-32.16552],[-60.65035,-32.16589],[-60.65005,-32.16643],[-60.65003,-32.16702],[-60.65026,-32.16793],[-60.65052,-32.16896],[-60.65052,-32.16955],[-60.65034,-32.16998],[-60.64993,-32.17036],[-60.64929,-32.1704],[-60.64843,-32.17036],[-60.6474,-32.17041],[-60.64614,-32.17051],[-60.64554,-32.17062],[-60.64494,-32.17089],[-60.64354,-32.17166],[-60.64243,-32.17202],[-60.64129,-32.1722],[-60.64061,-32.17231],[-60.63934,-32.17228],[-60.63808,-32.17211],[-60.63709,-32.17215],[-60.63607,-32.17246],[-60.63527,-32.17272],[-60.63429,-32.17283],[-60.63387,-32.17266],[-60.63356,-32.17238],[-60.63343,-32.172],[-60.63332,-32.17153],[-60.63341,-32.17099],[-60.63373,-32.17034],[-60.63401,-32.16977],[-60.63408,-32.16906],[-60.63393,-32.16882],[-60.63363,-32.16794],[-60.63345,-32.16667],[-60.63329,-32.16624],[-60.63236,-32.1657],[-60.63179,-32.16559],[-60.63118,-32.16526],[-60.62971,-32.16418],[-60.62896,-32.1641],[-60.62858,-32.16427],[-60.62823,-32.16469],[-60.62806,-32.16495],[-60.62723,-32.16529],[-60.62692,-32.16553],[-60.6265,-32.16603],[-60.62641,-32.16654],[-60.6259,-32.16743],[-60.62575,-32.1678],[-60.62496,-32.16878],[-60.62444,-32.16879],[-60.62386,-32.16892],[-60.62336,-32.16916],[-60.6228,-32.16957],[-60.62247,-32.16986],[-60.62227,-32.17029],[-60.62169,-32.17205],[-60.62148,-32.17252],[-60.62102,-32.17337],[-60.62108,-32.17378],[-60.62146,-32.17419],[-60.62214,-32.17454],[-60.62264,-32.17491],[-60.62289,-32.17529],[-60.62288,-32.17559],[-60.62253,-32.17583],[-60.62141,-32.17617],[-60.61999,-32.17681],[-60.61886,-32.17737],[-60.61764,-32.17831],[-60.6165,-32.17946],[-60.61568,-32.1801],[-60.61485,-32.18043],[-60.61391,-32.18048],[-60.61339,-32.18035],[-60.61299,-32.17998],[-60.61248,-32.17912],[-60.61239,-32.17871],[-60.61247,-32.17815],[-60.6131,-32.17725],[-60.61392,-32.17645],[-60.61421,-32.17599],[-60.61425,-32.17549],[-60.61399,-32.17498],[-60.61344,-32.17444],[-60.61243,-32.17394],[-60.61123,-32.17424],[-60.61039,-32.17465],[-60.60859,-32.17512],[-60.60706,-32.17574],[-60.60569,-32.17643],[-60.60513,-32.17688],[-60.60476,-32.17755],[-60.60485,-32.17824],[-60.60529,-32.17878],[-60.60592,-32.17908],[-60.60737,-32.17957],[-60.60815,-32.17991],[-60.60868,-32.18041],[-60.60866,-32.18111],[-60.60837,-32.18183],[-60.6076,-32.18277],[-60.60619,-32.18396],[-60.60469,-32.18479],[-60.60288,-32.18563],[-60.60209,-32.18632],[-60.60171,-32.18706],[-60.6017,-32.18791],[-60.60206,-32.18865],[-60.60251,-32.18911],[-60.60405,-32.19006],[-60.605,-32.19077],[-60.6054,-32.19135],[-60.6055,-32.1919],[-60.60526,-32.19265],[-60.6048,-32.19383],[-60.60448,-32.19427],[-60.60323,-32.19432],[-60.6024,-32.19457],[-60.60158,-32.19525],[-60.60123,-32.19626],[-60.60121,-32.19777],[-60.60099,-32.20121],[-60.60093,-32.20196],[-60.60122,-32.2034],[-60.60137,-32.20452],[-60.60117,-32.20506],[-60.60074,-32.20533],[-60.59943,-32.20544],[-60.5988,-32.20527],[-60.59844,-32.20492],[-60.59799,-32.20396],[-60.59712,-32.20341],[-60.59586,-32.20321],[-60.59506,-32.203],[-60.59455,-32.20263],[-60.59429,-32.20199],[-60.59416,-32.20156],[-60.59415,-32.20087],[-60.59404,-32.20027],[-60.59371,-32.19973],[-60.59316,-32.19939],[-60.59258,-32.1993],[-60.59215,-32.19887],[-60.59199,-32.19831],[-60.59196,-32.19795],[-60.59169,-32.19769],[-60.59123,-32.19787],[-60.58981,-32.19914],[-60.58958,-32.1995],[-60.58981,-32.19992],[-60.59023,-32.20021],[-60.59046,-32.2006],[-60.5905,-32.20108],[-60.59025,-32.20154],[-60.58976,-32.20237],[-60.58986,-32.20283],[-60.59014,-32.20296],[-60.59122,-32.20293],[-60.59225,-32.20308],[-60.59314,-32.20336],[-60.59392,-32.20398],[-60.59436,-32.20467],[-60.59441,-32.20564],[-60.59396,-32.20698],[-60.59349,-32.20727],[-60.59294,-32.20716],[-60.59226,-32.20675],[-60.59178,-32.20618],[-60.59152,-32.20544],[-60.59113,-32.20516],[-60.58956,-32.20445],[-60.5891,-32.20463],[-60.58886,-32.20539],[-60.5886,-32.20597],[-60.58823,-32.20652],[-60.58815,-32.20728],[-60.58834,-32.20839],[-60.58875,-32.20878],[-60.58935,-32.20891],[-60.59018,-32.20915],[-60.59064,-32.20963],[-60.59052,-32.2103],[-60.59015,-32.21063],[-60.59007,-32.2112],[-60.58984,-32.21186],[-60.5895,-32.21224],[-60.58862,-32.21247],[-60.58814,-32.21241],[-60.5879,-32.21211],[-60.58775,-32.21144],[-60.58742,-32.21101],[-60.58684,-32.21086],[-60.5862,-32.21169],[-60.58571,-32.21194],[-60.58494,-32.21196],[-60.58364,-32.21183],[-60.583,-32.21199],[-60.58238,-32.21245],[-60.5813,-32.21347],[-60.58023,-32.21403],[-60.57897,-32.21434],[-60.57832,-32.2143],[-60.57802,-32.21411],[-60.57804,-32.21384],[-60.57846,-32.21332],[-60.57858,-32.21264],[-60.57839,-32.21222],[-60.57792,-32.21206],[-60.57741,-32.21224],[-60.57659,-32.21363],[-60.57625,-32.21477]]}},{"type":"Feature","properties":{"name":"Arroyo Las Mangas","layer":"Rios y Arroyos"},"geometry":{"type":"LineString","coordinates":[[-60.67443,-32.12595],[-60.67409,-32.1263],[-60.67379,-32.12642],[-60.67317,-32.1264],[-60.67259,-32.12628],[-60.67206,-32.1264],[-60.67123,-32.12686],[-60.66946,-32.12799],[-60.66892,-32.12814],[-60.66831,-32.12817],[-60.66753,-32.12826],[-60.66716,-32.12844],[-60.66639,-32.12942],[-60.66517,-32.13075],[-60.66446,-32.13104],[-60.664,-32.13106],[-60.66321,-32.13083],[-60.6628,-32.13083],[-60.66246,-32.13092],[-60.6617,-32.13161],[-60.66123,-32.13219],[-60.66097,-32.13268],[-60.66042,-32.13333],[-60.65982,-32.13419],[-60.65957,-32.13443],[-60.65927,-32.13448],[-60.65884,-32.13417],[-60.65835,-32.13372],[-60.65777,-32.1336],[-60.65737,-32.13339],[-60.65685,-32.13297],[-60.65639,-32.13282],[-60.65607,-32.13289],[-60.65526,-32.13346],[-60.65468,-32.13373],[-60.65436,-32.13389],[-60.65389,-32.13397],[-60.65341,-32.13405],[-60.65298,-32.1342],[-60.65242,-32.13448],[-60.65137,-32.13531],[-60.65061,-32.13587],[-60.65023,-32.13608],[-60.64974,-32.13621],[-60.64891,-32.13631],[-60.64817,-32.13631],[-60.64774,-32.13625],[-60.64752,-32.13588],[-60.64722,-32.13562],[-60.6467,-32.13545],[-60.64611,-32.13559],[-60.64571,-32.13585],[-60.64522,-32.13632],[-60.64441,-32.13698],[-60.64406,-32.1372],[-60.64369,-32.13731],[-60.64323,-32.13731],[-60.64287,-32.13725],[-60.64246,-32.13721],[-60.64201,-32.13748],[-60.64156,-32.13876],[-60.64115,-32.14033],[-60.64104,-32.1414],[-60.64081,-32.14167],[-60.64021,-32.14201],[-60.63956,-32.14442],[-60.6391,-32.14525],[-60.63822,-32.14638],[-60.63742,-32.14715],[-60.63633,-32.14797],[-60.63446,-32.14909],[-60.6331,-32.14984],[-60.6325,-32.15015],[-60.63141,-32.15088],[-60.63088,-32.15132],[-60.62993,-32.15248],[-60.62835,-32.15438],[-60.62803,-32.15456],[-60.62687,-32.15494],[-60.62586,-32.15539],[-60.62472,-32.15541],[-60.6234,-32.15612],[-60.62286,-32.15636],[-60.62133,-32.15656],[-60.62011,-32.15645],[-60.61965,-32.1565],[-60.6193,-32.15658],[-60.61893,-32.15659],[-60.61785,-32.15607],[-60.617,-32.15586],[-60.61607,-32.15579],[-60.61403,-32.1556],[-60.61261,-32.15535],[-60.6121,-32.15519],[-60.61158,-32.15518],[-60.61066,-32.15552],[-60.6101,-32.15574],[-60.60988,-32.15565],[-60.60943,-32.15512],[-60.60913,-32.15509],[-60.60866,-32.15522],[-60.60772,-32.15569],[-60.60696,-32.15578],[-60.6065,-32.15595],[-60.60573,-32.15641],[-60.60495,-32.15707],[-60.60415,-32.15742],[-60.60327,-32.15787],[-60.60243,-32.15778],[-60.60221,-32.15791],[-60.60186,-32.15805],[-60.60197,-32.15935],[-60.60182,-32.15967],[-60.60157,-32.15972],[-60.60135,-32.15966],[-60.60084,-32.15963],[-60.60043,-32.15979],[-60.60004,-32.16015],[-60.59934,-32.16146],[-60.59879,-32.16238],[-60.59843,-32.16318],[-60.59857,-32.16405],[-60.59864,-32.16451],[-60.59941,-32.16538],[-60.59979,-32.16625],[-60.59992,-32.16705],[-60.59999,-32.16752],[-60.60028,-32.16756],[-60.60142,-32.16685],[-60.60219,-32.16608],[-60.60282,-32.16599],[-60.60343,-32.16641],[-60.60402,-32.16759],[-60.60426,-32.1684],[-60.60396,-32.1698],[-60.60386,-32.17047],[-60.60407,-32.17108],[-60.60428,-32.17148],[-60.60392,-32.17183],[-60.60326,-32.17196],[-60.60252,-32.17184],[-60.60149,-32.17149],[-60.60051,-32.17122],[-60.59989,-32.17126],[-60.59952,-32.17168],[-60.59941,-32.17247],[-60.59864,-32.17335],[-60.59782,-32.17451],[-60.59712,-32.17507],[-60.59637,-32.17524],[-60.59574,-32.17516],[-60.59547,-32.17533],[-60.59548,-32.17569],[-60.59585,-32.17651],[-60.59582,-32.17727],[-60.59495,-32.17804],[-60.59176,-32.17941],[-60.58977,-32.18044],[-60.58776,-32.18125],[-60.58608,-32.18131],[-60.58283,-32.18145],[-60.58047,-32.1816]]}},{"type":"Feature","properties":{"name":"Paso Tacuaní Este","layer":"Rios y Arroyos"},"geometry":{"type":"LineString","coordinates":[[-60.69438,-32.19447],[-60.67928,-32.21523],[-60.67395,-32.22559],[-60.67261,-32.23691]]}},{"type":"Feature","properties":{"name":"Paso Paranacito","layer":"Rios y Arroyos"},"geometry":{"type":"LineString","coordinates":[[-60.71197,-32.32378],[-60.72276,-32.32973],[-60.73499,-32.34334],[-60.7341,-32.35665],[-60.71993,-32.36998],[-60.71249,-32.38294],[-60.71219,-32.38992]]}},{"type":"Feature","properties":{"name":"Arroyo Las Cucharas","layer":"Rios y Arroyos"},"geometry":{"type":"LineString","coordinates":[[-60.33779,-33.20492],[-60.33945,-33.2054],[-60.34073,-33.20546],[-60.34191,-33.20528],[-60.34363,-33.20528],[-60.346,-33.20532],[-60.34734,-33.20524],[-60.34876,-33.20517],[-60.35032,-33.2055],[-60.35135,-33.20542],[-60.35239,-33.20551],[-60.35413,-33.20526],[-60.35627,-33.20497],[-60.3583,-33.2042],[-60.36084,-33.20332],[-60.36242,-33.2029],[-60.36343,-33.20258],[-60.36548,-33.20188],[-60.36626,-33.20178],[-60.36659,-33.20189],[-60.36693,-33.20182],[-60.36741,-33.20151],[-60.36785,-33.20141],[-60.36846,-33.20147],[-60.36973,-33.20135],[-60.37126,-33.20119],[-60.37349,-33.20062],[-60.37562,-33.19987]]}},{"type":"Feature","properties":{"name":"Paso Correntoso","layer":"Rios y Arroyos"},"geometry":{"type":"LineString","coordinates":[[-60.71589,-32.41865],[-60.72052,-32.44111],[-60.73207,-32.46869],[-60.74455,-32.47996],[-60.75749,-32.48958]]}},{"type":"Feature","properties":{"name":"Paso Abajo Correntoso","layer":"Rios y Arroyos"},"geometry":{"type":"LineString","coordinates":[[-60.75811,-32.48977],[-60.77863,-32.5002],[-60.78952,-32.51119],[-60.79341,-32.51968],[-60.79491,-32.5254]]}},{"type":"Feature","properties":{"name":"Riacho Paranacito","layer":"Rios y Arroyos"},"geometry":{"type":"LineString","coordinates":[[-60.35947,-32.61397],[-60.35766,-32.61385],[-60.35602,-32.61444],[-60.35413,-32.61561],[-60.35128,-32.61649],[-60.34839,-32.61785],[-60.34613,-32.62011],[-60.34358,-32.62404],[-60.34078,-32.62817],[-60.33822,-32.63181],[-60.33685,-32.63289],[-60.3323,-32.63484],[-60.32772,-32.63612],[-60.32296,-32.63688],[-60.31999,-32.63665],[-60.31754,-32.63696],[-60.31479,-32.63764],[-60.31034,-32.63787],[-60.30782,-32.63853],[-60.30584,-32.63975],[-60.30418,-32.64141],[-60.30249,-32.64533],[-60.30188,-32.64773],[-60.30095,-32.64862],[-60.29969,-32.64869],[-60.2982,-32.64803],[-60.29651,-32.64836],[-60.29523,-32.65022],[-60.29415,-32.65096],[-60.29258,-32.65132],[-60.29021,-32.65174],[-60.28884,-32.65231],[-60.28776,-32.65339],[-60.28787,-32.65443],[-60.2889,-32.65553],[-60.29014,-32.65688],[-60.29071,-32.65883],[-60.2905,-32.66013],[-60.28961,-32.66089],[-60.28793,-32.66072],[-60.28691,-32.661],[-60.28672,-32.6617],[-60.28738,-32.66255],[-60.2888,-32.6635],[-60.28917,-32.66425],[-60.2888,-32.66497],[-60.28748,-32.66565],[-60.2862,-32.66654],[-60.28595,-32.66756],[-60.28661,-32.66986],[-60.28634,-32.67167],[-60.28572,-32.67258],[-60.28615,-32.67314],[-60.28829,-32.6741],[-60.28899,-32.67497],[-60.28974,-32.67703],[-60.29096,-32.67889],[-60.29169,-32.68052],[-60.29171,-32.68182],[-60.29092,-32.68312],[-60.28975,-32.68465],[-60.28787,-32.68606],[-60.28553,-32.6867],[-60.28342,-32.68739],[-60.28123,-32.68859],[-60.27876,-32.69067],[-60.27774,-32.69099],[-60.27658,-32.69096],[-60.27381,-32.68939],[-60.27164,-32.6884],[-60.26925,-32.68805],[-60.26697,-32.68817],[-60.26477,-32.68849],[-60.26255,-32.68903],[-60.26139,-32.68993],[-60.26115,-32.69069],[-60.26147,-32.69233],[-60.26163,-32.69484],[-60.26192,-32.69639],[-60.26273,-32.69862],[-60.26292,-32.70016],[-60.2622,-32.701],[-60.26077,-32.70107],[-60.25692,-32.70055],[-60.2518,-32.69888],[-60.2464,-32.69683],[-60.24336,-32.69611],[-60.24248,-32.69567],[-60.24217,-32.69508],[-60.24254,-32.69441],[-60.24372,-32.69383],[-60.24596,-32.69342],[-60.24806,-32.69309],[-60.25017,-32.69252],[-60.25157,-32.69161],[-60.25221,-32.69075],[-60.25231,-32.68983],[-60.25156,-32.68858],[-60.25019,-32.68705],[-60.24856,-32.68589],[-60.2471,-32.6853],[-60.24571,-32.68507],[-60.24381,-32.68529],[-60.24246,-32.68617],[-60.24126,-32.68773],[-60.23934,-32.68902],[-60.23569,-32.69039],[-60.23327,-32.69159],[-60.2319,-32.69213],[-60.22961,-32.69221],[-60.22749,-32.69258],[-60.22623,-32.69299],[-60.2237,-32.69328],[-60.22259,-32.69369],[-60.22183,-32.69453],[-60.22066,-32.69599],[-60.21988,-32.69612],[-60.21846,-32.69602],[-60.21734,-32.69677],[-60.21678,-32.69794],[-60.21618,-32.69909],[-60.21563,-32.69918],[-60.21492,-32.69898],[-60.21317,-32.69702],[-60.21196,-32.69566],[-60.21058,-32.69432],[-60.20933,-32.69342],[-60.20856,-32.69262],[-60.20821,-32.6917],[-60.20813,-32.69064],[-60.20816,-32.68858],[-60.20787,-32.68702],[-60.20723,-32.68586],[-60.20634,-32.68511],[-60.20488,-32.68446],[-60.20372,-32.68433],[-60.20191,-32.68449],[-60.20043,-32.68498],[-60.19909,-32.68518],[-60.19752,-32.68476],[-60.19669,-32.68424],[-60.19603,-32.68308],[-60.19466,-32.68115],[-60.19375,-32.68011],[-60.19346,-32.67912],[-60.1938,-32.67827],[-60.19419,-32.67726],[-60.19393,-32.67623],[-60.19311,-32.67522],[-60.19211,-32.67481],[-60.191,-32.67461],[-60.18979,-32.67454],[-60.18742,-32.67405],[-60.18639,-32.67392],[-60.18398,-32.67418],[-60.18204,-32.67453],[-60.18066,-32.6746],[-60.1793,-32.67406],[-60.17843,-32.67323],[-60.17676,-32.67275],[-60.17558,-32.67297],[-60.17418,-32.67353],[-60.17309,-32.67356],[-60.17187,-32.67304],[-60.17107,-32.67222],[-60.16985,-32.67129],[-60.16866,-32.67097],[-60.16793,-32.67116],[-60.16723,-32.67188],[-60.16722,-32.67301],[-60.16763,-32.67408],[-60.16786,-32.67531],[-60.16741,-32.67633],[-60.16637,-32.67723],[-60.16594,-32.67812],[-60.16566,-32.67875],[-60.16523,-32.67898],[-60.16421,-32.67889],[-60.16305,-32.6783],[-60.16201,-32.67752],[-60.16196,-32.67688],[-60.16243,-32.67627],[-60.16317,-32.67541],[-60.16361,-32.67461],[-60.16404,-32.67383],[-60.1637,-32.67329],[-60.16306,-32.67321]]}},{"type":"Feature","properties":{"name":"Arroyo Correntoso","layer":"Rios y Arroyos"},"geometry":{"type":"LineString","coordinates":[[-60.23443,-32.73294],[-60.23542,-32.73329],[-60.23649,-32.73394],[-60.23714,-32.73483],[-60.23711,-32.73582],[-60.23674,-32.73654],[-60.23461,-32.73825],[-60.23397,-32.73849],[-60.23287,-32.73826],[-60.23175,-32.73781],[-60.22899,-32.73756],[-60.22687,-32.73756],[-60.22476,-32.73801],[-60.22373,-32.73866],[-60.22225,-32.73977],[-60.22159,-32.74054],[-60.22149,-32.74109],[-60.22187,-32.74143],[-60.22245,-32.74194],[-60.22248,-32.74267],[-60.22216,-32.74331],[-60.22121,-32.74421],[-60.21997,-32.74491],[-60.21906,-32.74548],[-60.21799,-32.74645],[-60.2171,-32.74691],[-60.21607,-32.74703],[-60.21468,-32.74682],[-60.21097,-32.74559],[-60.20831,-32.74469],[-60.20707,-32.74447],[-60.20528,-32.74438],[-60.20368,-32.74457],[-60.20244,-32.74528],[-60.20159,-32.74605],[-60.20118,-32.74621],[-60.20072,-32.74592],[-60.20069,-32.74545],[-60.20112,-32.74477],[-60.20208,-32.74398],[-60.20383,-32.74236],[-60.20562,-32.74102],[-60.20656,-32.74001],[-60.20684,-32.73917],[-60.20664,-32.73838],[-60.20592,-32.738],[-60.20447,-32.73793],[-60.20354,-32.73806],[-60.20318,-32.73868],[-60.20236,-32.73943],[-60.20142,-32.73981],[-60.20023,-32.74005],[-60.19853,-32.74012],[-60.19767,-32.74054],[-60.19604,-32.74174],[-60.19389,-32.74286],[-60.19299,-32.74378],[-60.19268,-32.74498],[-60.19242,-32.74774],[-60.19273,-32.75009],[-60.1931,-32.75109],[-60.19418,-32.75323],[-60.19489,-32.75499],[-60.19593,-32.75613],[-60.19677,-32.75731],[-60.19687,-32.75817],[-60.19639,-32.75907],[-60.19554,-32.76047],[-60.1953,-32.7613],[-60.19543,-32.76205],[-60.19633,-32.76297],[-60.19745,-32.76361],[-60.19863,-32.76378],[-60.20011,-32.76369],[-60.20195,-32.76358],[-60.20307,-32.76363],[-60.20408,-32.764],[-60.20486,-32.76462],[-60.20562,-32.7652],[-60.20613,-32.76649],[-60.20589,-32.76717],[-60.20486,-32.76823],[-60.20385,-32.76887],[-60.20275,-32.76929],[-60.20157,-32.76915],[-60.20001,-32.76874],[-60.19741,-32.76764],[-60.19509,-32.76673],[-60.19178,-32.76602],[-60.18934,-32.76536],[-60.18743,-32.76485],[-60.18635,-32.76497],[-60.18575,-32.76523],[-60.18516,-32.76585],[-60.18435,-32.76766],[-60.18408,-32.76905],[-60.18433,-32.76973],[-60.18485,-32.77017],[-60.18564,-32.77089],[-60.18636,-32.77229],[-60.18695,-32.77323],[-60.18826,-32.77482],[-60.18976,-32.77759],[-60.18981,-32.77888],[-60.18932,-32.77965],[-60.18833,-32.7797],[-60.1869,-32.779],[-60.1852,-32.77778],[-60.18215,-32.77497],[-60.18038,-32.77341],[-60.17776,-32.77182],[-60.17529,-32.7708],[-60.17331,-32.76968],[-60.17302,-32.76892],[-60.17502,-32.76733],[-60.17885,-32.76258],[-60.17975,-32.76036],[-60.17881,-32.7586],[-60.17602,-32.75857],[-60.17225,-32.75987],[-60.16949,-32.76179],[-60.16822,-32.76317],[-60.1664,-32.7639],[-60.16332,-32.76362],[-60.16109,-32.7636],[-60.15952,-32.76426],[-60.15962,-32.76586],[-60.1588,-32.76936],[-60.15812,-32.77107],[-60.15675,-32.77202],[-60.15456,-32.77215],[-60.15216,-32.77189],[-60.15011,-32.77102],[-60.14552,-32.76997],[-60.14228,-32.76869],[-60.14066,-32.76723],[-60.14039,-32.76528],[-60.13929,-32.76317],[-60.13773,-32.76097],[-60.13527,-32.75981],[-60.13305,-32.7608],[-60.1305,-32.76339],[-60.12837,-32.76612],[-60.1249,-32.76847],[-60.12152,-32.77025],[-60.11967,-32.77153],[-60.11889,-32.77283],[-60.11869,-32.77496],[-60.12051,-32.77793],[-60.12235,-32.7796],[-60.12692,-32.78253],[-60.13047,-32.78383],[-60.13307,-32.78528],[-60.13353,-32.78705],[-60.13201,-32.79066]]}},{"type":"Feature","properties":{"name":"Arroyo Saca Calzones","layer":"Rios y Arroyos"},"geometry":{"type":"LineString","coordinates":[[-60.51978,-32.87123],[-60.52021,-32.86947],[-60.52099,-32.86791],[-60.52229,-32.86659],[-60.52428,-32.86564],[-60.52654,-32.86527],[-60.52957,-32.86508],[-60.53342,-32.86549],[-60.5372,-32.86582],[-60.54029,-32.86675],[-60.54721,-32.87004],[-60.54832,-32.87039]]}},{"type":"Feature","properties":{"name":"Arroyo Pantanosa","layer":"Rios y Arroyos"},"geometry":{"type":"LineString","coordinates":[[-60.54836,-32.87042],[-60.55166,-32.87318],[-60.55326,-32.87476],[-60.55557,-32.87704],[-60.55842,-32.87979],[-60.56014,-32.88172],[-60.56149,-32.88378],[-60.56179,-32.885],[-60.5618,-32.88563],[-60.56234,-32.88702],[-60.56327,-32.88839],[-60.56513,-32.89026],[-60.5659,-32.8907],[-60.56764,-32.89125],[-60.5696,-32.89173],[-60.5714,-32.89175],[-60.57341,-32.89186]]}},{"type":"Feature","properties":{"name":"Zanjon Ancho","layer":"Rios y Arroyos"},"geometry":{"type":"LineString","coordinates":[[-60.55286,-32.79053],[-60.55085,-32.79093],[-60.54847,-32.79133],[-60.54617,-32.79247],[-60.54392,-32.79424],[-60.54224,-32.79644],[-60.54177,-32.7985],[-60.54088,-32.79997],[-60.53917,-32.80142],[-60.53686,-32.80207],[-60.53429,-32.8023],[-60.53198,-32.80355],[-60.52569,-32.80544],[-60.51963,-32.80717],[-60.51548,-32.80904],[-60.51223,-32.81142],[-60.511,-32.8149],[-60.5096,-32.81919],[-60.50792,-32.8234],[-60.50736,-32.82672],[-60.50737,-32.82822],[-60.50773,-32.8292],[-60.50882,-32.83076],[-60.5095,-32.83221],[-60.50976,-32.83407],[-60.51039,-32.83756],[-60.51092,-32.83959],[-60.51234,-32.84283],[-60.51342,-32.84537],[-60.51408,-32.84781]]}},{"type":"Feature","properties":{"name":"Arroyo Godoy","layer":"Rios y Arroyos"},"geometry":{"type":"LineString","coordinates":[[-60.66227,-32.72425],[-60.66229,-32.72387],[-60.662,-32.72322],[-60.66171,-32.72286],[-60.66144,-32.72271],[-60.66093,-32.72273],[-60.66022,-32.72281],[-60.65934,-32.723],[-60.65869,-32.72327],[-60.65835,-32.72332],[-60.65823,-32.72326],[-60.65804,-32.7232],[-60.65781,-32.72327],[-60.65754,-32.7234],[-60.65707,-32.72396],[-60.65653,-32.72447],[-60.65597,-32.72486],[-60.65562,-32.72499],[-60.65543,-32.72494],[-60.65525,-32.72474],[-60.65509,-32.72457],[-60.65485,-32.72452],[-60.65421,-32.72471],[-60.65351,-32.72475],[-60.65209,-32.72475],[-60.65146,-32.72473],[-60.65115,-32.72482],[-60.65102,-32.72501],[-60.65091,-32.72526],[-60.65058,-32.72561],[-60.65014,-32.72587],[-60.6498,-32.7259],[-60.64943,-32.72611],[-60.6491,-32.72649],[-60.64892,-32.72692],[-60.64858,-32.72745],[-60.64843,-32.7278],[-60.64852,-32.72806],[-60.6484,-32.72832],[-60.64818,-32.72856],[-60.64775,-32.72878],[-60.64711,-32.72899],[-60.64637,-32.72912],[-60.64596,-32.72905],[-60.64565,-32.72888],[-60.64538,-32.72857],[-60.6452,-32.72824],[-60.64507,-32.72776],[-60.64474,-32.72733],[-60.6443,-32.72678],[-60.64416,-32.72643],[-60.64413,-32.72616],[-60.64424,-32.72584],[-60.64446,-32.72541]]}},{"type":"Feature","properties":{"name":"Rio Parana Viejo","layer":"Rios y Arroyos"},"geometry":{"type":"LineString","coordinates":[[-60.66964,-32.86829],[-60.66645,-32.87291],[-60.66358,-32.87465],[-60.65859,-32.87599],[-60.65439,-32.87757],[-60.64948,-32.88112],[-60.64544,-32.88576],[-60.6431,-32.89055],[-60.64073,-32.89396],[-60.63863,-32.89613],[-60.63562,-32.89996],[-60.63317,-32.9045],[-60.63152,-32.90757],[-60.63154,-32.90945],[-60.63193,-32.91254],[-60.63096,-32.91469],[-60.62947,-32.91697],[-60.62619,-32.92002],[-60.62334,-32.92207],[-60.6189,-32.92482],[-60.61385,-32.92781],[-60.61165,-32.92949],[-60.60868,-32.93388],[-60.60496,-32.93852]]}},{"type":"Feature","properties":{"name":"Arroyo Ezequiel","layer":"Rios y Arroyos"},"geometry":{"type":"LineString","coordinates":[[-60.43731,-33.05357],[-60.43866,-33.05138],[-60.44192,-33.0462],[-60.44463,-33.0412],[-60.44801,-33.03509],[-60.45145,-33.03002],[-60.45523,-33.02567],[-60.45767,-33.02351],[-60.46005,-33.02251],[-60.46219,-33.02163],[-60.46383,-33.02016],[-60.46588,-33.0176],[-60.46848,-33.01333],[-60.47107,-33.00819],[-60.47421,-33.00288],[-60.47547,-33.00148],[-60.47757,-32.99985],[-60.48036,-32.99855],[-60.48235,-32.9977],[-60.48388,-32.99702],[-60.48494,-32.99704],[-60.4862,-32.99721],[-60.48788,-32.99772],[-60.48956,-32.99865],[-60.49282,-33.00064],[-60.49563,-33.00234],[-60.49682,-33.00321],[-60.49801,-33.00434],[-60.49872,-33.00491],[-60.49953,-33.00541],[-60.50025,-33.00583],[-60.50078,-33.00632],[-60.50131,-33.00665],[-60.50173,-33.00685],[-60.50191,-33.00712]]}},{"type":"Feature","properties":{"name":"Arroyo Fray Justo","layer":"Rios y Arroyos"},"geometry":{"type":"LineString","coordinates":[[-60.79514,-32.44662],[-60.79395,-32.44673],[-60.79266,-32.44711],[-60.79117,-32.44767],[-60.78917,-32.44866],[-60.78762,-32.44929],[-60.78637,-32.44939],[-60.78489,-32.4494],[-60.78328,-32.44941],[-60.78241,-32.44953],[-60.78178,-32.44982],[-60.78083,-32.45069],[-60.77988,-32.45178],[-60.77927,-32.45251],[-60.77842,-32.45311],[-60.7765,-32.4541],[-60.77446,-32.45542],[-60.77259,-32.45673],[-60.77205,-32.45719],[-60.77134,-32.45771],[-60.77036,-32.45792],[-60.7696,-32.45758],[-60.76869,-32.45696],[-60.76794,-32.45602],[-60.7668,-32.45487],[-60.7651,-32.45312],[-60.76439,-32.45198],[-60.76412,-32.45107],[-60.76426,-32.45005],[-60.76469,-32.44858],[-60.76529,-32.4469],[-60.7653,-32.44597],[-60.76512,-32.4451],[-60.76438,-32.44393],[-60.76342,-32.44275],[-60.763,-32.44204],[-60.7625,-32.44112],[-60.76202,-32.4401],[-60.76139,-32.43929],[-60.76006,-32.43806],[-60.75882,-32.43673]]}},{"type":"Feature","properties":{"name":"Paso Arroyo Yaguaron","layer":"Rios y Arroyos"},"geometry":{"type":"LineString","coordinates":[[-60.27231,-33.25645],[-60.19845,-33.29687]]}},{"type":"Feature","properties":{"name":"Paso Alvear","layer":"Rios y Arroyos"},"geometry":{"type":"LineString","coordinates":[[-60.57716,-33.03458],[-60.56045,-33.05313],[-60.52703,-33.07754],[-60.51389,-33.10168],[-60.501,-33.12685]]}},{"type":"Feature","properties":{"name":"Canal Oriental","layer":"Rios y Arroyos"},"geometry":{"type":"LineString","coordinates":[[-60.60249,-32.95406],[-60.59404,-32.95929],[-60.58855,-32.96735],[-60.58837,-32.97511],[-60.59207,-32.98257],[-60.59651,-32.98818],[-60.59777,-32.9911]]}},{"type":"Feature","properties":{"name":"Arroyo Tialucha","layer":"Rios y Arroyos"},"geometry":{"type":"LineString","coordinates":[[-59.84147,-33.53628],[-59.84104,-33.53795],[-59.84126,-33.53918],[-59.84231,-33.54176],[-59.84361,-33.54535],[-59.84435,-33.5467],[-59.84542,-33.54753],[-59.84671,-33.54784],[-59.84805,-33.54865],[-59.84962,-33.54916],[-59.85209,-33.54939],[-59.8534,-33.54996],[-59.85452,-33.55103],[-59.85494,-33.554]]}},{"type":"Feature","properties":{"name":"Vuelta de Obligado","layer":"Rios y Arroyos"},"geometry":{"type":"LineString","coordinates":[[-59.80598,-33.56182],[-59.80875,-33.57511],[-59.8105,-33.58357],[-59.80841,-33.59132],[-59.80246,-33.59647]]}},{"type":"Feature","properties":{"name":"Paso Las Hermanas","layer":"Rios y Arroyos"},"geometry":{"type":"LineString","coordinates":[[-59.98454,-33.48257],[-59.9781,-33.48998],[-59.96153,-33.49736],[-59.94687,-33.50139],[-59.91728,-33.50588]]}},{"type":"Feature","properties":{"name":"Paso de los Ratones","layer":"Rios y Arroyos"},"geometry":{"type":"LineString","coordinates":[[-59.80076,-33.5972],[-59.78878,-33.60326],[-59.76412,-33.61472],[-59.75068,-33.61857]]}},{"type":"Feature","properties":{"name":"Paso Abajo Los Ratones","layer":"Rios y Arroyos"},"geometry":{"type":"LineString","coordinates":[[-59.74832,-33.62072],[-59.73104,-33.62423],[-59.71837,-33.62539],[-59.70958,-33.6223],[-59.69828,-33.6117]]}},{"type":"Feature","properties":{"name":"Riacho Dos de Oro","layer":"Rios y Arroyos"},"geometry":{"type":"LineString","coordinates":[[-59.6373,-33.68726],[-59.6367,-33.68862],[-59.63512,-33.68983],[-59.63324,-33.691],[-59.63146,-33.69163],[-59.63079,-33.69257],[-59.63073,-33.69416],[-59.63014,-33.69619]]}},{"type":"Feature","properties":{"name":"Arroyo Sarandí","layer":"Rios y Arroyos"},"geometry":{"type":"LineString","coordinates":[[-59.49542,-33.75326],[-59.49453,-33.75187],[-59.4944,-33.74975],[-59.4947,-33.74676],[-59.49557,-33.7441],[-59.49783,-33.73989],[-59.50433,-33.73356],[-59.51011,-33.72872],[-59.51305,-33.72678],[-59.51389,-33.72616],[-59.51433,-33.72532],[-59.51718,-33.72203],[-59.51872,-33.71989],[-59.51904,-33.71856],[-59.51893,-33.7167],[-59.51831,-33.71513],[-59.51806,-33.71373],[-59.51783,-33.71182],[-59.51782,-33.71012],[-59.51776,-33.70946],[-59.51834,-33.70911],[-59.51914,-33.70697],[-59.51943,-33.70488]]}},{"type":"Feature","properties":{"name":"Rio Paraná","layer":"Rios y Arroyos"},"geometry":{"type":"LineString","coordinates":[[-60.48965,-31.70088],[-60.52417,-31.69962],[-60.54622,-31.69493],[-60.56908,-31.69822],[-60.58268,-31.70844],[-60.61149,-31.72752],[-60.6313,-31.73561],[-60.64396,-31.75211],[-60.64191,-31.76978],[-60.63922,-31.78711],[-60.64347,-31.80401],[-60.64609,-31.81448],[-60.65403,-31.8279],[-60.65753,-31.84815],[-60.65905,-31.87243],[-60.65445,-31.8873],[-60.65275,-31.89805],[-60.65797,-31.91364],[-60.66801,-31.92758],[-60.68272,-31.93577],[-60.69558,-31.94848],[-60.69496,-31.95379],[-60.68349,-31.97911],[-60.67375,-31.99727],[-60.67174,-32.01048],[-60.67139,-32.0202],[-60.67525,-32.03719],[-60.66701,-32.06176],[-60.65806,-32.06976],[-60.66014,-32.08792],[-60.67907,-32.11187],[-60.69552,-32.12475],[-60.7073,-32.15298],[-60.69605,-32.19181],[-60.67915,-32.21563],[-60.67382,-32.2259],[-60.67235,-32.24203],[-60.67851,-32.26754],[-60.67789,-32.30013],[-60.67678,-32.31683],[-60.68344,-32.32472],[-60.69381,-32.32591],[-60.70384,-32.32339],[-60.71293,-32.32394],[-60.72347,-32.32947],[-60.73563,-32.34308],[-60.73471,-32.35671],[-60.72002,-32.37068],[-60.71289,-32.38345],[-60.71295,-32.39698],[-60.71948,-32.43687],[-60.73231,-32.46971],[-60.75578,-32.48783],[-60.76563,-32.50404],[-60.76995,-32.5205],[-60.75632,-32.53896],[-60.74698,-32.55498],[-60.74163,-32.58919],[-60.7326,-32.60337],[-60.7239,-32.62306],[-60.72539,-32.64176],[-60.73045,-32.65195],[-60.72113,-32.67244],[-60.71813,-32.69902],[-60.72357,-32.72826],[-60.72038,-32.75821],[-60.70235,-32.7993],[-60.69084,-32.8493],[-60.67556,-32.89688],[-60.66271,-32.91578],[-60.63087,-32.93755],[-60.61203,-32.96254],[-60.60626,-32.99659],[-60.59145,-33.0192],[-60.56113,-33.05409],[-60.52806,-33.0781],[-60.51051,-33.10972],[-60.49681,-33.13091],[-60.4638,-33.15169],[-60.44326,-33.14996],[-60.42305,-33.14909],[-60.40358,-33.15531],[-60.39441,-33.1693],[-60.37597,-33.17946],[-60.36049,-33.18171],[-60.33342,-33.17755],[-60.31083,-33.17973],[-60.292,-33.19276],[-60.28212,-33.20748],[-60.29178,-33.22337],[-60.29847,-33.23743],[-60.2907,-33.2459],[-60.27293,-33.25598],[-60.2286,-33.28039],[-60.19835,-33.29721],[-60.1853,-33.31632],[-60.17087,-33.33815],[-60.16384,-33.35224],[-60.1517,-33.35688],[-60.1282,-33.36483],[-60.10145,-33.37949],[-60.08248,-33.39835],[-60.05893,-33.43278],[-60.04259,-33.44714],[-60.01642,-33.46079],[-59.99065,-33.47503],[-59.97843,-33.48977],[-59.96684,-33.49554],[-59.94894,-33.50128],[-59.90893,-33.50719],[-59.85776,-33.52141],[-59.82819,-33.52909],[-59.81119,-33.54573],[-59.80599,-33.5619],[-59.80875,-33.57693],[-59.81098,-33.5869],[-59.80282,-33.59494],[-59.77935,-33.60663],[-59.75086,-33.60867],[-59.72681,-33.60341],[-59.70981,-33.60507],[-59.69289,-33.61084],[-59.67338,-33.61585],[-59.65948,-33.62264],[-59.6402,-33.63814],[-59.63263,-33.65068],[-59.62989,-33.6671],[-59.62837,-33.67627],[-59.62195,-33.68605],[-59.60735,-33.6945],[-59.59664,-33.69394],[-59.58365,-33.68498],[-59.57028,-33.66792],[-59.55429,-33.65059],[-59.53869,-33.63878],[-59.52241,-33.63002],[-59.50529,-33.63301],[-59.48885,-33.64265],[-59.47528,-33.65984],[-59.47284,-33.67522],[-59.47026,-33.69584],[-59.46047,-33.71357],[-59.44513,-33.72696],[-59.42673,-33.73367],[-59.37769,-33.73864],[-59.34155,-33.73295],[-59.31293,-33.72868]]}},{"type":"Feature","properties":{"name":"Arroyo Francés","layer":"Rios y Arroyos"},"geometry":{"type":"LineString","coordinates":[[-59.4681,-33.67861],[-59.46585,-33.67716],[-59.46464,-33.67612],[-59.46348,-33.6746],[-59.46232,-33.67367],[-59.4608,-33.67273],[-59.45891,-33.67184],[-59.45654,-33.67118],[-59.45453,-33.67125],[-59.45145,-33.67205],[-59.4474,-33.67307],[-59.44277,-33.67324],[-59.43676,-33.67312],[-59.42988,-33.67277],[-59.42428,-33.67239],[-59.41974,-33.6722],[-59.41534,-33.67223],[-59.41181,-33.67275],[-59.40857,-33.67393],[-59.40665,-33.67567],[-59.40579,-33.67793],[-59.40611,-33.6797],[-59.40718,-33.68277],[-59.40703,-33.68564],[-59.40498,-33.69035],[-59.40261,-33.69333],[-59.39921,-33.69636],[-59.39434,-33.698],[-59.38942,-33.69837],[-59.38306,-33.69913],[-59.37728,-33.70042],[-59.37189,-33.70221],[-59.3653,-33.70433],[-59.35959,-33.70683],[-59.35418,-33.71023],[-59.3481,-33.71513],[-59.34333,-33.7183],[-59.33951,-33.72095],[-59.33519,-33.72393],[-59.33073,-33.72685]]}},{"type":"Feature","properties":{"name":"Zanjon de Obramar","layer":"Rios y Arroyos"},"geometry":{"type":"LineString","coordinates":[[-59.71201,-33.38652],[-59.71226,-33.38574],[-59.71227,-33.38519],[-59.71254,-33.3843],[-59.71217,-33.38196],[-59.71137,-33.37846],[-59.71102,-33.37489],[-59.71084,-33.37194],[-59.71115,-33.36873],[-59.712,-33.36563],[-59.7133,-33.36222],[-59.71463,-33.35908],[-59.71587,-33.35729],[-59.71749,-33.35546],[-59.72074,-33.35226],[-59.72239,-33.35068],[-59.72532,-33.34666],[-59.72691,-33.34298],[-59.72765,-33.33899],[-59.72852,-33.33044],[-59.72902,-33.3298],[-59.73054,-33.32936],[-59.73318,-33.32734],[-59.73372,-33.32653],[-59.73378,-33.32483],[-59.73404,-33.32431],[-59.73513,-33.32377],[-59.73584,-33.32293],[-59.73473,-33.32166],[-59.73466,-33.32127],[-59.735,-33.32065],[-59.73671,-33.31981],[-59.7403,-33.31853],[-59.74093,-33.31847],[-59.74192,-33.31932]]}},{"type":"Feature","properties":{"name":"Arroyo Barrancoso","layer":"Rios y Arroyos"},"geometry":{"type":"LineString","coordinates":[[-60.01962,-33.35081],[-60.01978,-33.35024],[-60.02038,-33.35003],[-60.02239,-33.34885],[-60.0238,-33.34789],[-60.02436,-33.34774],[-60.02555,-33.34666],[-60.02693,-33.34577],[-60.02802,-33.34512],[-60.02939,-33.34388],[-60.03023,-33.34292],[-60.02979,-33.34162],[-60.02936,-33.34108],[-60.02818,-33.33998],[-60.0277,-33.33872],[-60.02689,-33.33771],[-60.02601,-33.33703],[-60.02445,-33.33478],[-60.02298,-33.33371],[-60.02272,-33.33333],[-60.02223,-33.33231],[-60.02177,-33.33192],[-60.02076,-33.33173],[-60.0202,-33.3313],[-60.01969,-33.33075],[-60.01905,-33.33038],[-60.01874,-33.32985],[-60.01823,-33.32818],[-60.01797,-33.32767],[-60.01766,-33.32768],[-60.01705,-33.32833],[-60.01564,-33.32917],[-60.01509,-33.32905],[-60.01451,-33.32849],[-60.01346,-33.32781],[-60.01224,-33.32723],[-60.01174,-33.32789],[-60.01027,-33.3295],[-60.00923,-33.3304],[-60.00715,-33.33241],[-60.00579,-33.33414],[-60.00523,-33.33486],[-60.00463,-33.33522],[-60.00362,-33.33543],[-60.00315,-33.33544],[-60.0029,-33.33515],[-60.00247,-33.33373],[-60.00228,-33.33256],[-60.00193,-33.33222],[-60.00076,-33.33198],[-59.99967,-33.33206],[-59.99896,-33.3321]]}},{"type":"Feature","properties":{"name":"Arroyo Curupí","layer":"Rios y Arroyos"},"geometry":{"type":"LineString","coordinates":[[-59.51447,-33.61822],[-59.51637,-33.6169],[-59.51977,-33.61491],[-59.52371,-33.61238],[-59.52703,-33.60972],[-59.52923,-33.6068],[-59.53209,-33.60223],[-59.53518,-33.59735],[-59.53907,-33.59219],[-59.5428,-33.58802],[-59.54912,-33.58266],[-59.5535,-33.57827],[-59.55654,-33.57552],[-59.56003,-33.57272],[-59.56288,-33.57023],[-59.56586,-33.56716],[-59.56927,-33.56385],[-59.57227,-33.56148],[-59.57502,-33.55978],[-59.57779,-33.55825],[-59.58086,-33.55575],[-59.58213,-33.55418],[-59.58375,-33.55215],[-59.58467,-33.55167],[-59.58582,-33.55165],[-59.58906,-33.5516],[-59.59138,-33.55087],[-59.5936,-33.54952],[-59.59627,-33.54739],[-59.5987,-33.54574],[-59.60086,-33.54457],[-59.60377,-33.54343],[-59.60919,-33.54139],[-59.61348,-33.53959],[-59.61563,-33.53803],[-59.61848,-33.53534],[-59.62525,-33.52974],[-59.62877,-33.52675],[-59.63202,-33.52428],[-59.63643,-33.5208],[-59.63901,-33.51813],[-59.64189,-33.51471],[-59.64378,-33.51303],[-59.64879,-33.50966],[-59.65407,-33.50648],[-59.65565,-33.50575],[-59.65772,-33.5052],[-59.65959,-33.50454],[-59.66034,-33.50399],[-59.6608,-33.50322],[-59.66089,-33.50254],[-59.66058,-33.50171],[-59.65998,-33.50065],[-59.65953,-33.49943],[-59.65929,-33.49863],[-59.65948,-33.49808],[-59.66017,-33.49743],[-59.66092,-33.49692],[-59.66195,-33.49672],[-59.66395,-33.49642],[-59.66539,-33.49578],[-59.66664,-33.49495],[-59.66806,-33.49368],[-59.66953,-33.4913],[-59.67015,-33.49047],[-59.67196,-33.48862],[-59.67247,-33.4879],[-59.67283,-33.48722],[-59.67312,-33.48657],[-59.6731,-33.48616],[-59.67242,-33.48459],[-59.67187,-33.48338],[-59.67145,-33.48171]]}},{"type":"Feature","properties":{"name":"Arroyo Cuartillo","layer":"Rios y Arroyos"},"geometry":{"type":"LineString","coordinates":[[-59.22151,-33.71598],[-59.22162,-33.71374],[-59.22197,-33.71152],[-59.22224,-33.70782],[-59.22243,-33.70546],[-59.22341,-33.7029],[-59.2247,-33.70105],[-59.22735,-33.69751],[-59.23168,-33.69395],[-59.23444,-33.69176]]}},{"type":"Feature","properties":{"name":"Arroyo Cruz Sin Brazo","layer":"Rios y Arroyos"},"geometry":{"type":"LineString","coordinates":[[-58.85208,-33.79953],[-58.85215,-33.80068],[-58.85265,-33.80212],[-58.85378,-33.80345],[-58.85445,-33.80456],[-58.85481,-33.80592],[-58.85546,-33.80729],[-58.85622,-33.80813],[-58.85757,-33.80929],[-58.85819,-33.80981],[-58.8602,-33.81114],[-58.86104,-33.81184],[-58.86168,-33.81267],[-58.86225,-33.81364],[-58.86274,-33.81414],[-58.86341,-33.81444],[-58.86446,-33.81453],[-58.86594,-33.81466],[-58.86767,-33.81486],[-58.87003,-33.81518],[-58.87098,-33.81544],[-58.87198,-33.81591],[-58.87323,-33.81673],[-58.87426,-33.8176],[-58.87512,-33.81797],[-58.87642,-33.81817],[-58.87791,-33.81828],[-58.87896,-33.81843],[-58.87977,-33.81865],[-58.88115,-33.81935],[-58.88291,-33.82019],[-58.88525,-33.8211],[-58.88677,-33.82171],[-58.88851,-33.82273],[-58.88971,-33.82361],[-58.8912,-33.82484],[-58.892,-33.82575],[-58.89261,-33.82673],[-58.89311,-33.82753],[-58.89387,-33.82838],[-58.89464,-33.82963],[-58.89516,-33.83113],[-58.89538,-33.83193],[-58.89584,-33.8332],[-58.89674,-33.83482],[-58.89753,-33.83628],[-58.89847,-33.83742],[-58.89943,-33.8382],[-58.90064,-33.83868],[-58.90139,-33.8389],[-58.90336,-33.83939],[-58.90488,-33.83957],[-58.9066,-33.83992],[-58.90745,-33.83996],[-58.90983,-33.84076],[-58.91085,-33.84121],[-58.91164,-33.84168],[-58.91198,-33.84203],[-58.91232,-33.84277],[-58.91271,-33.84371],[-58.91296,-33.84472],[-58.91305,-33.8455],[-58.91295,-33.84616],[-58.9129,-33.84677],[-58.91333,-33.84749],[-58.91384,-33.84793]]}},{"type":"Feature","properties":{"name":"Arroyo Ibicuycito","layer":"Rios y Arroyos"},"geometry":{"type":"LineString","coordinates":[[-58.98354,-33.85452],[-58.98051,-33.85548],[-58.97963,-33.856],[-58.9791,-33.8562],[-58.97832,-33.85633],[-58.97777,-33.85643],[-58.97667,-33.85644],[-58.97586,-33.85653],[-58.97114,-33.85647],[-58.97051,-33.85659],[-58.96971,-33.85676],[-58.96896,-33.8565],[-58.96832,-33.85623],[-58.96678,-33.85608],[-58.96284,-33.85594],[-58.95955,-33.85566],[-58.95504,-33.85519],[-58.95152,-33.85478],[-58.95089,-33.8548],[-58.94772,-33.85438],[-58.94606,-33.85405],[-58.94554,-33.85397],[-58.94348,-33.85351],[-58.94113,-33.85306],[-58.93875,-33.85275],[-58.93617,-33.85229],[-58.93481,-33.85219],[-58.9329,-33.85217],[-58.9308,-33.85255],[-58.92896,-33.85262],[-58.92633,-33.85253],[-58.92316,-33.85221],[-58.91896,-33.85173],[-58.91429,-33.85093],[-58.91315,-33.85068],[-58.90969,-33.84929],[-58.9067,-33.848],[-58.90592,-33.84771],[-58.90324,-33.84631],[-58.90223,-33.84556],[-58.90005,-33.8443],[-58.89865,-33.84358],[-58.89659,-33.8428],[-58.89367,-33.84129],[-58.89204,-33.84038],[-58.89158,-33.84034],[-58.89025,-33.83952],[-58.88773,-33.83858],[-58.88438,-33.83731],[-58.88018,-33.83606],[-58.87716,-33.83506],[-58.87482,-33.8342],[-58.8727,-33.83379],[-58.86757,-33.83224],[-58.86596,-33.83146],[-58.86446,-33.83082],[-58.85857,-33.82742],[-58.85556,-33.82544],[-58.85306,-33.82413],[-58.85079,-33.82358],[-58.84831,-33.82331],[-58.84563,-33.82368],[-58.84269,-33.82391],[-58.84072,-33.82359],[-58.83843,-33.82289],[-58.83619,-33.82242],[-58.83298,-33.82259],[-58.82986,-33.82318],[-58.82707,-33.82425],[-58.82524,-33.82546],[-58.82349,-33.82684],[-58.82296,-33.82693],[-58.82193,-33.82656],[-58.82021,-33.82651],[-58.81765,-33.82662],[-58.8163,-33.82628],[-58.81442,-33.82588],[-58.81302,-33.82549],[-58.80981,-33.82415]]}},{"type":"Feature","properties":{"name":"Arroyo Ceibo Grande","layer":"Rios y Arroyos"},"geometry":{"type":"LineString","coordinates":[[-58.94699,-33.82205],[-58.94544,-33.82094],[-58.9435,-33.81942],[-58.94214,-33.81881],[-58.94053,-33.81901],[-58.93876,-33.81882],[-58.93713,-33.81947],[-58.93548,-33.82033],[-58.93427,-33.82028],[-58.93259,-33.8201],[-58.93012,-33.82024],[-58.92788,-33.82081],[-58.92538,-33.82174],[-58.92223,-33.82277],[-58.91955,-33.82325],[-58.91648,-33.82379],[-58.91456,-33.82453],[-58.91349,-33.82478],[-58.91191,-33.82463],[-58.90907,-33.8239],[-58.90563,-33.82315],[-58.9033,-33.82239],[-58.9004,-33.82063],[-58.89713,-33.81798],[-58.89478,-33.81638],[-58.89199,-33.81502],[-58.88905,-33.81423],[-58.88519,-33.81306],[-58.88165,-33.81144],[-58.87933,-33.81038],[-58.87679,-33.80879],[-58.87463,-33.80674],[-58.87263,-33.80477],[-58.87094,-33.80356],[-58.86924,-33.80293],[-58.86599,-33.8028],[-58.86171,-33.80233],[-58.85603,-33.8008],[-58.85234,-33.79925],[-58.85,-33.79774],[-58.84728,-33.79693],[-58.8457,-33.79712],[-58.84336,-33.79807],[-58.84166,-33.7986],[-58.84072,-33.79869],[-58.83919,-33.79832],[-58.83726,-33.79709],[-58.83485,-33.79585],[-58.83177,-33.79493],[-58.8299,-33.79411],[-58.8283,-33.79261],[-58.82763,-33.7903],[-58.82735,-33.78866],[-58.82674,-33.78762],[-58.82297,-33.78531],[-58.81714,-33.78323],[-58.81281,-33.78244],[-58.80808,-33.78073],[-58.80505,-33.77826],[-58.80335,-33.77734],[-58.80227,-33.7766],[-58.80203,-33.77611],[-58.80242,-33.77508],[-58.80245,-33.77434],[-58.80226,-33.77332],[-58.80189,-33.77222],[-58.80161,-33.77185],[-58.80098,-33.77182],[-58.80037,-33.77163],[-58.79937,-33.77106],[-58.79884,-33.77064],[-58.79844,-33.77037],[-58.79784,-33.77045],[-58.79671,-33.77093],[-58.79561,-33.77111],[-58.79482,-33.77101],[-58.79416,-33.7705],[-58.79351,-33.76993],[-58.79313,-33.76966],[-58.79283,-33.76969],[-58.79255,-33.76994],[-58.79265,-33.77034],[-58.79314,-33.77094],[-58.79324,-33.77132],[-58.79304,-33.77171],[-58.79255,-33.77204],[-58.79201,-33.77228],[-58.79107,-33.77244],[-58.78957,-33.77241],[-58.78804,-33.77231],[-58.78623,-33.77234],[-58.78484,-33.77272],[-58.78419,-33.77292],[-58.78374,-33.77285],[-58.78332,-33.77253],[-58.78319,-33.77191],[-58.78317,-33.77037],[-58.78347,-33.76935],[-58.78428,-33.76917],[-58.78512,-33.76912],[-58.78548,-33.76889],[-58.78554,-33.7683],[-58.7856,-33.76747],[-58.78571,-33.76682],[-58.78553,-33.7662],[-58.78476,-33.76586],[-58.78363,-33.76594],[-58.78243,-33.76605],[-58.78173,-33.76588],[-58.78163,-33.7655],[-58.78225,-33.76485],[-58.78272,-33.7641],[-58.78252,-33.76349],[-58.78137,-33.76302],[-58.78045,-33.76254],[-58.77993,-33.76199],[-58.77997,-33.76123],[-58.78058,-33.76018],[-58.78075,-33.75966],[-58.78047,-33.75914],[-58.78011,-33.75875],[-58.77944,-33.75855],[-58.77862,-33.75856],[-58.77775,-33.75842],[-58.77712,-33.75854],[-58.77558,-33.75868],[-58.77483,-33.75889],[-58.77177,-33.75992],[-58.76969,-33.76114],[-58.76813,-33.76237],[-58.76702,-33.7632],[-58.76566,-33.7637],[-58.76474,-33.76368],[-58.76419,-33.76345],[-58.76299,-33.76344],[-58.76115,-33.7633],[-58.75947,-33.76297],[-58.75844,-33.76302],[-58.7572,-33.76311],[-58.75312,-33.76369],[-58.75182,-33.76391],[-58.75118,-33.76395],[-58.7504,-33.76353]]}},{"type":"Feature","properties":{"name":"Arroyo Espinillo","layer":"Rios y Arroyos"},"geometry":{"type":"LineString","coordinates":[[-58.85546,-33.82453],[-58.85157,-33.82231],[-58.84997,-33.82119],[-58.84776,-33.81981],[-58.84671,-33.81887],[-58.84618,-33.81802],[-58.84554,-33.81638],[-58.84499,-33.81484],[-58.84465,-33.81375],[-58.84438,-33.81309],[-58.84359,-33.81198],[-58.84276,-33.81083],[-58.84238,-33.80983],[-58.84197,-33.80894],[-58.8412,-33.80848],[-58.84027,-33.80847],[-58.83887,-33.8088],[-58.83757,-33.80881],[-58.83629,-33.80846],[-58.83517,-33.80781],[-58.8331,-33.80548],[-58.83009,-33.80235],[-58.82843,-33.80137],[-58.82432,-33.8019],[-58.81841,-33.80213],[-58.81312,-33.80119],[-58.80818,-33.79804],[-58.80749,-33.79469],[-58.80785,-33.79152],[-58.80688,-33.78861],[-58.80531,-33.78714],[-58.80297,-33.78581],[-58.80042,-33.78558],[-58.79846,-33.78493],[-58.79559,-33.78339],[-58.79374,-33.78139],[-58.79195,-33.77988],[-58.79071,-33.77906],[-58.7893,-33.77844]]}},{"type":"Feature","properties":{"name":"Arroyo Brazo Largo","layer":"Rios y Arroyos"},"geometry":{"type":"LineString","coordinates":[[-58.89932,-33.88492],[-58.89951,-33.881],[-58.89911,-33.879],[-58.89852,-33.87796],[-58.89731,-33.87686],[-58.89568,-33.87605],[-58.89315,-33.8753],[-58.89138,-33.87464],[-58.88989,-33.8737],[-58.88723,-33.87167],[-58.88474,-33.8686],[-58.88262,-33.86618],[-58.87977,-33.86473],[-58.87863,-33.86459],[-58.87757,-33.86419],[-58.87507,-33.86402],[-58.87281,-33.86396],[-58.87171,-33.86403],[-58.87118,-33.86442],[-58.86997,-33.86457],[-58.86837,-33.86451],[-58.86747,-33.86409],[-58.86653,-33.86329],[-58.86246,-33.86064],[-58.85943,-33.85887],[-58.85651,-33.85717],[-58.85339,-33.85506],[-58.84846,-33.85081],[-58.84725,-33.84971],[-58.84484,-33.84817],[-58.8416,-33.84706],[-58.84001,-33.84621],[-58.83887,-33.84581],[-58.83671,-33.8447],[-58.83562,-33.84419],[-58.82983,-33.84002],[-58.82682,-33.83775],[-58.82448,-33.83597],[-58.82151,-33.83426],[-58.81643,-33.83163],[-58.81432,-33.8302],[-58.81169,-33.82735],[-58.80955,-33.8244],[-58.80802,-33.82215],[-58.80163,-33.81597],[-58.79531,-33.81048],[-58.79015,-33.80743],[-58.78498,-33.80531],[-58.77923,-33.80188],[-58.77564,-33.80006],[-58.77467,-33.79861],[-58.77333,-33.79553],[-58.772,-33.79317],[-58.77006,-33.79122],[-58.76775,-33.78955],[-58.76431,-33.78786],[-58.76061,-33.78715],[-58.75729,-33.78695],[-58.75404,-33.78563],[-58.75158,-33.7834],[-58.75091,-33.78233],[-58.7503,-33.78005],[-58.74913,-33.77716],[-58.74768,-33.77491],[-58.74667,-33.77427],[-58.74512,-33.77472],[-58.74016,-33.77748],[-58.73747,-33.77949],[-58.73519,-33.78217],[-58.73337,-33.78344],[-58.73145,-33.78394],[-58.72952,-33.78388],[-58.72826,-33.78331],[-58.72732,-33.78196],[-58.72477,-33.78011],[-58.72179,-33.77768],[-58.72075,-33.77649],[-58.71881,-33.77323],[-58.71641,-33.76984],[-58.71431,-33.76816],[-58.71166,-33.76716],[-58.7075,-33.7671],[-58.70059,-33.76748],[-58.69338,-33.76896],[-58.68919,-33.77091],[-58.68713,-33.77268],[-58.68476,-33.77651],[-58.68474,-33.77745],[-58.68556,-33.77836],[-58.68703,-33.77907],[-58.6878,-33.77974],[-58.68794,-33.78023],[-58.68746,-33.78149],[-58.68533,-33.78406],[-58.68168,-33.78748],[-58.67956,-33.78857],[-58.67743,-33.78931],[-58.67428,-33.78921],[-58.66906,-33.78952],[-58.66178,-33.78964],[-58.65216,-33.78889],[-58.64853,-33.78819],[-58.64478,-33.78816],[-58.64197,-33.78864],[-58.63674,-33.78872],[-58.63485,-33.78907],[-58.63335,-33.79002],[-58.63039,-33.79205],[-58.6295,-33.79228],[-58.62817,-33.79223],[-58.624,-33.79],[-58.62069,-33.78872],[-58.61794,-33.78766],[-58.61559,-33.78595],[-58.61224,-33.78213],[-58.61111,-33.78001],[-58.61035,-33.77795],[-58.61006,-33.77626],[-58.60802,-33.77488],[-58.60609,-33.77406],[-58.60355,-33.77377],[-58.60045,-33.77363],[-58.59744,-33.7729],[-58.59206,-33.77047],[-58.58954,-33.76949],[-58.58754,-33.76933],[-58.58558,-33.76984],[-58.58191,-33.77125],[-58.57579,-33.77284],[-58.57285,-33.77307],[-58.56976,-33.77292],[-58.56487,-33.77174],[-58.56208,-33.7701],[-58.559,-33.76659],[-58.55494,-33.76309],[-58.55105,-33.75936],[-58.54891,-33.75758],[-58.54719,-33.75684],[-58.54576,-33.75664],[-58.54378,-33.75679],[-58.54246,-33.75666],[-58.54105,-33.75612],[-58.53943,-33.75478],[-58.5379,-33.75377],[-58.53593,-33.75298],[-58.53266,-33.75225],[-58.531,-33.75209],[-58.5299,-33.75239],[-58.5285,-33.75363],[-58.52706,-33.75518],[-58.52529,-33.75594],[-58.52377,-33.75595],[-58.52254,-33.75568],[-58.52071,-33.7555],[-58.51886,-33.75513]]}},{"type":"Feature","properties":{"name":"Canal del Kayakista","layer":"Rios y Arroyos"},"geometry":{"type":"LineString","coordinates":[[-60.67901,-32.86186],[-60.67867,-32.8611],[-60.67804,-32.85977],[-60.67731,-32.85852],[-60.67623,-32.85719],[-60.67445,-32.85547],[-60.67261,-32.85404],[-60.67099,-32.85272],[-60.66969,-32.85084],[-60.66757,-32.8481],[-60.66596,-32.84567],[-60.66472,-32.84253],[-60.66242,-32.83638],[-60.66189,-32.83436],[-60.66108,-32.83341]]}},{"type":"Feature","properties":{"name":"Arroyo Ciego","layer":"Rios y Arroyos"},"geometry":{"type":"LineString","coordinates":[[-58.88207,-33.80635],[-58.88126,-33.80611],[-58.88055,-33.80594],[-58.87997,-33.80596],[-58.8796,-33.80594]]}},{"type":"Feature","properties":{"name":"Arroyo Malo","layer":"Rios y Arroyos"},"geometry":{"type":"LineString","coordinates":[[-58.88166,-33.72986],[-58.88215,-33.72997],[-58.88242,-33.72996],[-58.8829,-33.72978],[-58.88361,-33.72951],[-58.88426,-33.72945],[-58.88481,-33.72951],[-58.88548,-33.72977],[-58.88633,-33.73022],[-58.88681,-33.73034],[-58.88755,-33.7306],[-58.88806,-33.73092],[-58.8884,-33.73136],[-58.88856,-33.73149],[-58.88884,-33.7315],[-58.88963,-33.73093],[-58.8903,-33.73034],[-58.89163,-33.72928],[-58.89212,-33.72872],[-58.8923,-33.72791],[-58.89237,-33.7273],[-58.89276,-33.72652],[-58.89329,-33.72614],[-58.89403,-33.72614],[-58.89496,-33.72606],[-58.89608,-33.72569],[-58.89799,-33.72527],[-58.90066,-33.7247],[-58.9018,-33.72446],[-58.90316,-33.72433],[-58.90461,-33.72374],[-58.90603,-33.72339],[-58.90764,-33.72319],[-58.90983,-33.72291],[-58.91118,-33.72286],[-58.91251,-33.72302],[-58.91354,-33.72339],[-58.9155,-33.72423],[-58.91641,-33.72452],[-58.91784,-33.72495],[-58.91935,-33.72586],[-58.92102,-33.72707],[-58.92191,-33.72765],[-58.92339,-33.72824],[-58.92441,-33.72834],[-58.92596,-33.72785],[-58.92743,-33.72698],[-58.92906,-33.72512],[-58.93072,-33.72311],[-58.93171,-33.72198],[-58.93267,-33.72132],[-58.93383,-33.7206]]}},{"type":"Feature","properties":{"name":"Rio Paranacito","layer":"Rios y Arroyos"},"geometry":{"type":"LineString","coordinates":[[-58.61062,-33.77664],[-58.61216,-33.77692],[-58.61407,-33.77742],[-58.61728,-33.77749],[-58.62003,-33.77719],[-58.6239,-33.77626],[-58.6276,-33.77555],[-58.63256,-33.77515],[-58.63572,-33.77478],[-58.63894,-33.7739],[-58.64159,-33.77254],[-58.64411,-33.77016],[-58.64562,-33.76727],[-58.64627,-33.76496],[-58.647,-33.76287],[-58.64792,-33.76173],[-58.65008,-33.76046],[-58.65362,-33.75917],[-58.65486,-33.75834],[-58.65572,-33.75638],[-58.6567,-33.75507],[-58.65813,-33.75355],[-58.65904,-33.75219],[-58.65883,-33.75091],[-58.65764,-33.74902],[-58.65659,-33.74705],[-58.6554,-33.74408],[-58.65475,-33.74087],[-58.65545,-33.73848],[-58.65699,-33.73668],[-58.65858,-33.73435],[-58.65908,-33.73172],[-58.65932,-33.72836],[-58.6587,-33.72538],[-58.65743,-33.72199],[-58.65642,-33.71935],[-58.65621,-33.71776],[-58.6564,-33.71688],[-58.65722,-33.71671],[-58.65935,-33.71679],[-58.66166,-33.71689],[-58.66368,-33.71659],[-58.66792,-33.71502],[-58.67041,-33.71466],[-58.67216,-33.71497],[-58.67437,-33.71596],[-58.67764,-33.71865],[-58.67932,-33.71981],[-58.6807,-33.72019],[-58.68218,-33.72014],[-58.68583,-33.71898],[-58.68982,-33.71698],[-58.69504,-33.71311],[-58.69925,-33.70987],[-58.70156,-33.70849],[-58.70309,-33.70808],[-58.7044,-33.70826],[-58.70769,-33.70977],[-58.71327,-33.71241],[-58.71489,-33.7131],[-58.71849,-33.71366],[-58.72171,-33.71359],[-58.72709,-33.71323],[-58.7318,-33.71363],[-58.7357,-33.71417],[-58.73861,-33.71422],[-58.74054,-33.71384],[-58.74239,-33.71389],[-58.74344,-33.7147],[-58.74434,-33.7164],[-58.74565,-33.71915],[-58.7471,-33.72133],[-58.74885,-33.72242],[-58.7512,-33.72292],[-58.75397,-33.72282],[-58.75943,-33.72203],[-58.76539,-33.72095],[-58.76841,-33.72078],[-58.77027,-33.72108],[-58.77135,-33.72169],[-58.77161,-33.72251],[-58.77107,-33.72468],[-58.76995,-33.72696],[-58.76958,-33.72817],[-58.76975,-33.72938],[-58.77078,-33.73066],[-58.77257,-33.7313],[-58.774,-33.73124],[-58.77667,-33.73028],[-58.77948,-33.72839],[-58.78108,-33.72727],[-58.78222,-33.72699],[-58.78357,-33.72735],[-58.78482,-33.72863],[-58.7862,-33.73054],[-58.78689,-33.73217],[-58.78782,-33.73321],[-58.78926,-33.73416],[-58.79301,-33.7356],[-58.79553,-33.73619],[-58.79693,-33.73608],[-58.7996,-33.73497],[-58.8023,-33.73316],[-58.80511,-33.7307],[-58.80804,-33.72894],[-58.81199,-33.72721],[-58.81773,-33.72558],[-58.81974,-33.72521],[-58.82122,-33.72535],[-58.82278,-33.72621],[-58.82812,-33.73109],[-58.83025,-33.73277],[-58.83122,-33.73286],[-58.83279,-33.73243],[-58.83502,-33.73124],[-58.83776,-33.72949],[-58.84011,-33.72789],[-58.84082,-33.72774],[-58.84202,-33.72809],[-58.84447,-33.7301],[-58.84648,-33.73141],[-58.84897,-33.73208],[-58.85213,-33.73235],[-58.85461,-33.73218],[-58.85784,-33.73236],[-58.85922,-33.73331],[-58.86071,-33.73496],[-58.86285,-33.73515],[-58.86774,-33.73379],[-58.87128,-33.73274],[-58.87598,-33.7318],[-58.87965,-33.73114],[-58.88092,-33.73069],[-58.88121,-33.73014],[-58.88108,-33.72936],[-58.87974,-33.72638],[-58.87929,-33.725],[-58.8787,-33.72406],[-58.87767,-33.72269],[-58.87772,-33.72186],[-58.87821,-33.72122],[-58.87914,-33.72114],[-58.88051,-33.72161],[-58.88239,-33.72272],[-58.8837,-33.72319],[-58.88466,-33.72293],[-58.88582,-33.72189],[-58.88754,-33.71961],[-58.88866,-33.71878],[-58.89083,-33.71756],[-58.89178,-33.71652],[-58.8934,-33.71462],[-58.89464,-33.71371],[-58.89665,-33.71249],[-58.89874,-33.71093],[-58.8999,-33.70985],[-58.90139,-33.70889],[-58.90299,-33.70815],[-58.90435,-33.70724],[-58.90492,-33.7057],[-58.90532,-33.70405],[-58.90594,-33.70325],[-58.90745,-33.7025],[-58.91042,-33.70165],[-58.91261,-33.70138],[-58.91382,-33.70145],[-58.91473,-33.70113],[-58.91537,-33.69987],[-58.91584,-33.69745],[-58.91639,-33.69579],[-58.91754,-33.69346],[-58.91798,-33.69256],[-58.91831,-33.69046],[-58.91944,-33.68926],[-58.92164,-33.68877],[-58.92382,-33.68872],[-58.92495,-33.68833],[-58.92582,-33.68724],[-58.92673,-33.68457],[-58.92755,-33.68235],[-58.92818,-33.68139],[-58.9289,-33.68122],[-58.9297,-33.68138],[-58.93109,-33.68229],[-58.93622,-33.68555],[-58.93741,-33.6854],[-58.93892,-33.68421],[-58.94006,-33.68275],[-58.94097,-33.6813],[-58.94185,-33.68073],[-58.943,-33.68066],[-58.9462,-33.68135],[-58.94813,-33.68172],[-58.95045,-33.68224],[-58.95134,-33.68222],[-58.95257,-33.6818],[-58.95455,-33.68008],[-58.9564,-33.67877],[-58.9575,-33.67848],[-58.95822,-33.6778],[-58.95835,-33.67691],[-58.9574,-33.67511],[-58.95649,-33.6731],[-58.95574,-33.67201],[-58.95429,-33.67153],[-58.95119,-33.67101],[-58.94947,-33.67095],[-58.94882,-33.6707],[-58.94856,-33.66987],[-58.94879,-33.6684],[-58.94912,-33.66664],[-58.94831,-33.66493],[-58.94634,-33.66254],[-58.94568,-33.66113],[-58.94563,-33.65929],[-58.946,-33.65781],[-58.94621,-33.65678],[-58.94579,-33.65595],[-58.94469,-33.65508],[-58.94245,-33.65423],[-58.9421,-33.65367],[-58.94213,-33.65296],[-58.9452,-33.65067],[-58.94739,-33.6495],[-58.94915,-33.64789],[-58.94924,-33.64716],[-58.94828,-33.64578],[-58.94635,-33.6442],[-58.94328,-33.64276],[-58.9408,-33.64238],[-58.93767,-33.64235],[-58.93536,-33.64259],[-58.93279,-33.64213],[-58.93193,-33.64179],[-58.93052,-33.64166],[-58.9296,-33.64113],[-58.92913,-33.63986],[-58.92947,-33.63837],[-58.93074,-33.63672],[-58.93205,-33.63517],[-58.93236,-33.63387],[-58.93235,-33.63192],[-58.93142,-33.62985],[-58.93126,-33.62897],[-58.932,-33.62779],[-58.93339,-33.62688],[-58.93489,-33.6263],[-58.93566,-33.62583],[-58.9363,-33.62412],[-58.93585,-33.62173],[-58.9355,-33.61961],[-58.93586,-33.61707],[-58.93537,-33.61606],[-58.93419,-33.61513],[-58.93229,-33.61437],[-58.92794,-33.61277],[-58.92641,-33.61179],[-58.92562,-33.61069],[-58.92557,-33.60887],[-58.92599,-33.60525],[-58.92555,-33.60382],[-58.92447,-33.60182],[-58.92482,-33.59978],[-58.92637,-33.5979],[-58.92875,-33.5964],[-58.92976,-33.59535],[-58.93032,-33.59382],[-58.93012,-33.59187],[-58.92875,-33.59],[-58.92483,-33.58603],[-58.92397,-33.5846],[-58.92361,-33.58192],[-58.92361,-33.57964],[-58.92275,-33.5771],[-58.92109,-33.57477],[-58.91963,-33.572],[-58.91945,-33.57032],[-58.91996,-33.56889],[-58.92072,-33.56743],[-58.92007,-33.56566],[-58.9179,-33.5644],[-58.91575,-33.56414],[-58.91365,-33.56437],[-58.91244,-33.56363],[-58.91157,-33.56244],[-58.91208,-33.56108],[-58.9138,-33.56016],[-58.91647,-33.55983],[-58.91891,-33.55904],[-58.92061,-33.5577],[-58.92203,-33.55666],[-58.92367,-33.55627],[-58.92535,-33.55661],[-58.92764,-33.55684],[-58.92953,-33.55641],[-58.93153,-33.55564],[-58.93274,-33.55408],[-58.9323,-33.55239],[-58.93089,-33.55116],[-58.92959,-33.55023],[-58.92939,-33.54961],[-58.92966,-33.54873],[-58.93061,-33.54779],[-58.93276,-33.5468],[-58.93403,-33.54546],[-58.93397,-33.54411],[-58.93331,-33.54246],[-58.9328,-33.54065],[-58.93245,-33.53877],[-58.93146,-33.53765],[-58.93059,-33.53646],[-58.93084,-33.53532],[-58.93182,-33.53435],[-58.93449,-33.534],[-58.93721,-33.53447],[-58.93886,-33.53552],[-58.9413,-33.53714],[-58.94379,-33.53808],[-58.94651,-33.53801],[-58.95109,-33.53624],[-58.95421,-33.53621],[-58.95931,-33.53703],[-58.96292,-33.53672],[-58.96845,-33.5363],[-58.97243,-33.5363],[-58.97572,-33.53516],[-58.97924,-33.53382],[-58.98136,-33.53388],[-58.98482,-33.53482],[-58.98803,-33.53576],[-58.99117,-33.53674],[-58.99545,-33.53688],[-59.00079,-33.53623],[-59.01078,-33.5324],[-59.01264,-33.53209],[-59.01509,-33.53254],[-59.02024,-33.53484],[-59.02496,-33.53485],[-59.02934,-33.5339],[-59.03257,-33.53197],[-59.03794,-33.53066],[-59.04507,-33.52958],[-59.05054,-33.53055],[-59.05369,-33.53178],[-59.0572,-33.53146],[-59.06187,-33.52979],[-59.06733,-33.52662],[-59.0697,-33.52611],[-59.07351,-33.52502],[-59.07583,-33.52573],[-59.07998,-33.52789],[-59.08211,-33.52951],[-59.08538,-33.53001],[-59.08877,-33.52992],[-59.09234,-33.52895],[-59.09595,-33.52803],[-59.09889,-33.52819],[-59.1019,-33.52911],[-59.10517,-33.52983],[-59.1105,-33.529],[-59.11244,-33.52795],[-59.11532,-33.52683],[-59.12323,-33.52661],[-59.12796,-33.52514],[-59.13123,-33.52348],[-59.13434,-33.52369],[-59.13535,-33.52465],[-59.1364,-33.52634],[-59.1382,-33.52704],[-59.14245,-33.52605],[-59.14439,-33.52663],[-59.14708,-33.52756],[-59.14969,-33.52727],[-59.1516,-33.5271],[-59.15416,-33.52776],[-59.156,-33.52744],[-59.16024,-33.52434],[-59.16289,-33.5232],[-59.17047,-33.52287],[-59.17281,-33.52342],[-59.17539,-33.52269],[-59.17652,-33.52158],[-59.17874,-33.51979],[-59.18095,-33.51891],[-59.18496,-33.51843],[-59.19024,-33.51697],[-59.1964,-33.51646],[-59.20074,-33.51704],[-59.20372,-33.51633],[-59.20712,-33.51445],[-59.21039,-33.51385],[-59.21624,-33.51336],[-59.22092,-33.51358],[-59.22675,-33.51499],[-59.22993,-33.51602],[-59.23052,-33.51689],[-59.23084,-33.51784],[-59.23204,-33.51841],[-59.23266,-33.51809],[-59.23292,-33.51682]]}},{"type":"Feature","properties":{"name":"Rio Paranacito","layer":"Rios y Arroyos"},"geometry":{"type":"LineString","coordinates":[[-59.23292,-33.51682],[-59.23237,-33.5156],[-59.2316,-33.51452],[-59.2316,-33.51343],[-59.23222,-33.51241],[-59.23339,-33.51191],[-59.23412,-33.51205],[-59.23462,-33.51169],[-59.23503,-33.51029],[-59.23687,-33.50905],[-59.23885,-33.50833],[-59.23971,-33.50752],[-59.23968,-33.50679]]}},{"type":"Feature","properties":{"name":"Arroyo Ceibo","layer":"Rios y Arroyos"},"geometry":{"type":"LineString","coordinates":[[-58.79686,-33.73647],[-58.79741,-33.73851],[-58.79746,-33.74031],[-58.79705,-33.74235],[-58.7971,-33.74352],[-58.79809,-33.74511],[-58.79844,-33.74594],[-58.7985,-33.74686],[-58.79794,-33.74839],[-58.79677,-33.75018],[-58.7963,-33.75098],[-58.79565,-33.75232],[-58.79487,-33.75342],[-58.7945,-33.754],[-58.79432,-33.75459],[-58.79383,-33.75514],[-58.79339,-33.75556],[-58.79304,-33.75618],[-58.79259,-33.75689],[-58.79203,-33.75726],[-58.79117,-33.75764],[-58.79016,-33.75783],[-58.78923,-33.75753],[-58.78853,-33.75679],[-58.7881,-33.75532],[-58.7876,-33.75394],[-58.78636,-33.75294],[-58.78547,-33.75236],[-58.78408,-33.75189],[-58.7836,-33.75138],[-58.78349,-33.75031],[-58.78336,-33.74916],[-58.78286,-33.74853],[-58.78205,-33.74802],[-58.78084,-33.74714],[-58.77906,-33.74606],[-58.77709,-33.74567],[-58.77444,-33.74562],[-58.77277,-33.74581],[-58.77006,-33.74731],[-58.76922,-33.74961],[-58.76846,-33.75365],[-58.76772,-33.75536],[-58.76761,-33.7572],[-58.76766,-33.7585],[-58.76749,-33.75948],[-58.76669,-33.76105],[-58.76566,-33.76234],[-58.76412,-33.76301]]}},{"type":"Feature","properties":{"name":"Arroyo Baltazar Chico","layer":"Rios y Arroyos"},"geometry":{"type":"LineString","coordinates":[[-58.74813,-33.7748],[-58.74842,-33.77459],[-58.74917,-33.77365],[-58.75022,-33.77194],[-58.75091,-33.77062],[-58.7512,-33.76982],[-58.75121,-33.76859],[-58.75105,-33.76733],[-58.75071,-33.76604],[-58.75045,-33.76515],[-58.75019,-33.76385],[-58.74984,-33.76253],[-58.74924,-33.7621],[-58.74813,-33.76189],[-58.74706,-33.7616],[-58.74592,-33.76129],[-58.74531,-33.76133],[-58.74466,-33.76155],[-58.74394,-33.76157],[-58.74235,-33.76147],[-58.74159,-33.76143],[-58.74039,-33.76155],[-58.73864,-33.76175],[-58.73784,-33.76195],[-58.73676,-33.76231],[-58.73552,-33.76242],[-58.73461,-33.76232],[-58.73356,-33.76195],[-58.73228,-33.7614],[-58.7302,-33.76047],[-58.72772,-33.75929],[-58.72565,-33.75808],[-58.72401,-33.75712],[-58.72249,-33.75615],[-58.7213,-33.75556],[-58.72016,-33.75524],[-58.71874,-33.75511],[-58.71733,-33.75511],[-58.71624,-33.7552],[-58.71444,-33.75531],[-58.71344,-33.75531],[-58.71207,-33.75485],[-58.71114,-33.7544],[-58.70988,-33.75373],[-58.7091,-33.75329],[-58.70815,-33.75298],[-58.70703,-33.75267],[-58.70578,-33.75254],[-58.70428,-33.75257],[-58.70263,-33.75274],[-58.70014,-33.75326],[-58.69881,-33.75344],[-58.69708,-33.75348],[-58.69552,-33.75327],[-58.69314,-33.75272],[-58.69085,-33.75196],[-58.68925,-33.75153],[-58.68826,-33.75136],[-58.68701,-33.75136],[-58.68569,-33.75152],[-58.68492,-33.75178],[-58.68411,-33.75228],[-58.68337,-33.75304],[-58.68263,-33.7539],[-58.68174,-33.75451],[-58.68084,-33.75498],[-58.67954,-33.75551],[-58.67803,-33.75603],[-58.67679,-33.75637],[-58.67475,-33.75669],[-58.67293,-33.75686],[-58.67018,-33.75676],[-58.66822,-33.75658],[-58.66609,-33.7563],[-58.66497,-33.75633],[-58.66404,-33.75651],[-58.66273,-33.75697],[-58.66062,-33.75792],[-58.6583,-33.75885],[-58.6575,-33.75906],[-58.65663,-33.75912],[-58.65528,-33.75896],[-58.65463,-33.75885]]}},{"type":"Feature","properties":{"name":"Arroyo Sagastume Grande","layer":"Rios y Arroyos"},"geometry":{"type":"LineString","coordinates":[[-58.63498,-33.69973],[-58.63526,-33.69991],[-58.63559,-33.70023],[-58.63634,-33.7004],[-58.63752,-33.70026],[-58.63872,-33.70014],[-58.64002,-33.70033],[-58.64112,-33.70025],[-58.64243,-33.69991],[-58.64502,-33.699],[-58.64669,-33.6982],[-58.64866,-33.69743],[-58.64964,-33.69682],[-58.65089,-33.69575],[-58.65215,-33.69488],[-58.65316,-33.69451],[-58.65475,-33.69403],[-58.65705,-33.69349],[-58.65798,-33.69317],[-58.65938,-33.69296],[-58.66168,-33.69271],[-58.66409,-33.69261],[-58.66527,-33.69216],[-58.66705,-33.69094],[-58.6678,-33.69004],[-58.66811,-33.68917],[-58.6685,-33.68857],[-58.66983,-33.68713],[-58.67104,-33.68629],[-58.67328,-33.68542],[-58.67426,-33.68479],[-58.67584,-33.68397],[-58.67697,-33.68361],[-58.67744,-33.68337],[-58.6776,-33.68293],[-58.67742,-33.68243],[-58.67692,-33.68179],[-58.67544,-33.6807],[-58.67522,-33.68045],[-58.67518,-33.67999],[-58.67569,-33.67919],[-58.67596,-33.67851],[-58.67624,-33.67785],[-58.67686,-33.67739],[-58.67735,-33.67752],[-58.67881,-33.67877],[-58.68091,-33.68047],[-58.68193,-33.6811],[-58.68362,-33.6817],[-58.68606,-33.68286],[-58.6876,-33.68328],[-58.68902,-33.68322],[-58.68994,-33.68297],[-58.69057,-33.68227],[-58.69141,-33.68099],[-58.69233,-33.68012],[-58.69324,-33.67914],[-58.69382,-33.67814],[-58.69468,-33.67616],[-58.69546,-33.67513],[-58.69697,-33.67354],[-58.69793,-33.67249],[-58.6991,-33.67181],[-58.70423,-33.66914],[-58.70604,-33.66857],[-58.70909,-33.66808],[-58.71158,-33.66752],[-58.71285,-33.66685],[-58.71357,-33.66591],[-58.7142,-33.66497],[-58.71534,-33.6642],[-58.71655,-33.66373],[-58.71874,-33.66342],[-58.71984,-33.66293],[-58.72054,-33.66197],[-58.72117,-33.66116],[-58.72194,-33.66076],[-58.72251,-33.66083],[-58.7228,-33.6612],[-58.72303,-33.6621],[-58.72373,-33.66261],[-58.72445,-33.6626],[-58.7256,-33.6623],[-58.72697,-33.66222],[-58.72812,-33.66263],[-58.72917,-33.66275]]}},{"type":"Feature","properties":{"name":"Arroyo Brazo de la Tinta","layer":"Rios y Arroyos"},"geometry":{"type":"LineString","coordinates":[[-58.65603,-33.71672],[-58.65328,-33.71493],[-58.65077,-33.71361],[-58.64842,-33.71299],[-58.64576,-33.71232],[-58.64192,-33.71015],[-58.63732,-33.70672],[-58.63599,-33.70557],[-58.63543,-33.70554],[-58.63481,-33.70622],[-58.63395,-33.70722],[-58.63104,-33.70875],[-58.62947,-33.70959],[-58.62897,-33.71025],[-58.62911,-33.71133],[-58.62937,-33.71233],[-58.62888,-33.71411],[-58.62833,-33.716],[-58.62781,-33.71848],[-58.62649,-33.71986],[-58.62378,-33.72193],[-58.62088,-33.72372],[-58.61943,-33.72471],[-58.61832,-33.726],[-58.61778,-33.72735],[-58.6172,-33.72924],[-58.61663,-33.73168],[-58.61632,-33.73317],[-58.61521,-33.73398],[-58.61292,-33.73504],[-58.60744,-33.73856],[-58.60656,-33.73879],[-58.60548,-33.73862],[-58.60329,-33.73698],[-58.60193,-33.73656],[-58.60089,-33.73685],[-58.59839,-33.73887],[-58.59682,-33.73966],[-58.5945,-33.73999],[-58.58868,-33.73954],[-58.5867,-33.73911],[-58.58288,-33.73752],[-58.58086,-33.73671],[-58.57692,-33.73352],[-58.57469,-33.73184],[-58.57269,-33.73068],[-58.57086,-33.73062],[-58.56456,-33.73293],[-58.55979,-33.73437],[-58.55806,-33.73456],[-58.55694,-33.73403],[-58.55606,-33.73316],[-58.55555,-33.73181],[-58.556,-33.72983],[-58.55711,-33.72667],[-58.55719,-33.72529],[-58.55683,-33.7245],[-58.55598,-33.72418],[-58.55449,-33.7246],[-58.55107,-33.72618],[-58.54796,-33.7269],[-58.54632,-33.72659],[-58.54494,-33.72525],[-58.54361,-33.72391],[-58.54255,-33.72341],[-58.54138,-33.72368],[-58.53795,-33.72596],[-58.53542,-33.7275],[-58.53362,-33.72853],[-58.53215,-33.72846],[-58.53072,-33.72809]]}},{"type":"Feature","properties":{"name":"Arroyo Sagastume Chico","layer":"Rios y Arroyos"},"geometry":{"type":"LineString","coordinates":[[-58.63556,-33.70518],[-58.63531,-33.70338],[-58.63471,-33.70115],[-58.63436,-33.69958],[-58.63372,-33.69862],[-58.63315,-33.697],[-58.63258,-33.6954],[-58.63232,-33.69385],[-58.63164,-33.69284],[-58.6301,-33.6915],[-58.62841,-33.68981],[-58.62726,-33.6884],[-58.62633,-33.68714],[-58.62556,-33.68654],[-58.62421,-33.68523],[-58.62251,-33.68415],[-58.6192,-33.6826],[-58.61672,-33.68124],[-58.61534,-33.68017],[-58.61376,-33.67855],[-58.61226,-33.67652],[-58.61129,-33.67558],[-58.61019,-33.67411],[-58.60963,-33.6728],[-58.60898,-33.67072],[-58.60796,-33.66836],[-58.60599,-33.66416],[-58.60523,-33.66215],[-58.60527,-33.66094],[-58.6061,-33.65975],[-58.60664,-33.65837],[-58.60654,-33.65747],[-58.6058,-33.65595],[-58.60469,-33.65356],[-58.60336,-33.65097]]}},{"type":"Feature","properties":{"name":"Arroyo Sanchez Grande","layer":"Rios y Arroyos"},"geometry":{"type":"LineString","coordinates":[[-58.55303,-33.69086],[-58.55406,-33.69085],[-58.55498,-33.69107],[-58.55581,-33.69113],[-58.55691,-33.69099],[-58.558,-33.6913],[-58.55929,-33.69131],[-58.56098,-33.691],[-58.56218,-33.69072]]}},{"type":"Feature","properties":{"name":"Arroyo Guaycará Chico","layer":"Rios y Arroyos"},"geometry":{"type":"LineString","coordinates":[[-58.66526,-34.35536],[-58.66485,-34.35549],[-58.66412,-34.35584],[-58.66315,-34.3563],[-58.66251,-34.35654],[-58.66213,-34.35658],[-58.66193,-34.35651],[-58.66119,-34.35606],[-58.66043,-34.35544],[-58.65952,-34.35462],[-58.65888,-34.35397],[-58.65825,-34.35348],[-58.65777,-34.35328],[-58.65755,-34.35331],[-58.65723,-34.35361],[-58.65695,-34.3542],[-58.65681,-34.35501],[-58.65679,-34.35578],[-58.6569,-34.35639],[-58.657,-34.35716],[-58.65702,-34.35772],[-58.65692,-34.35834],[-58.6566,-34.35943],[-58.65637,-34.36016],[-58.65557,-34.36134],[-58.65512,-34.36209],[-58.65475,-34.363],[-58.65486,-34.36339],[-58.65529,-34.36411],[-58.65574,-34.3645],[-58.65621,-34.36467],[-58.65736,-34.36481],[-58.65847,-34.36495],[-58.65898,-34.36512],[-58.65943,-34.3655],[-58.66004,-34.36623]]}},{"type":"Feature","properties":{"name":"Arroyo Martinez","layer":"Rios y Arroyos"},"geometry":{"type":"LineString","coordinates":[[-58.55151,-33.66688],[-58.55362,-33.66871],[-58.55539,-33.66926],[-58.55779,-33.66869],[-58.56027,-33.66691],[-58.56296,-33.66591],[-58.56733,-33.664],[-58.57129,-33.66296],[-58.57483,-33.66187],[-58.5779,-33.65978],[-58.58198,-33.65722],[-58.58745,-33.65427],[-58.5891,-33.65223],[-58.59066,-33.64946],[-58.59227,-33.64853],[-58.59504,-33.64812],[-58.5972,-33.64809],[-58.59894,-33.64878],[-58.60025,-33.64996],[-58.60255,-33.6506],[-58.60349,-33.6501],[-58.60405,-33.64835],[-58.60396,-33.64607],[-58.60386,-33.64388],[-58.60438,-33.6428],[-58.60576,-33.6413],[-58.60701,-33.64098],[-58.60892,-33.6418],[-58.61159,-33.64274],[-58.61697,-33.64375],[-58.61834,-33.64375],[-58.62085,-33.64373],[-58.62524,-33.64425],[-58.62723,-33.64398],[-58.6289,-33.64391],[-58.63099,-33.64433],[-58.6326,-33.64434],[-58.63375,-33.64407],[-58.63484,-33.64406],[-58.63579,-33.64459],[-58.63708,-33.64597],[-58.63909,-33.64771],[-58.64068,-33.64916]]}},{"type":"Feature","properties":{"name":"Arroyo Las Piedras","layer":"Rios y Arroyos"},"geometry":{"type":"LineString","coordinates":[[-58.72458,-33.9081],[-58.72529,-33.90758],[-58.7277,-33.90779],[-58.73044,-33.90838],[-58.73389,-33.90917],[-58.73504,-33.90917],[-58.73638,-33.90898],[-58.73792,-33.90839],[-58.73945,-33.90755],[-58.74265,-33.90584],[-58.7446,-33.90489],[-58.74556,-33.9041],[-58.74598,-33.90322],[-58.74617,-33.90233],[-58.74696,-33.90102]]}},{"type":"Feature","properties":{"name":"Arroyo Las Palomas","layer":"Rios y Arroyos"},"geometry":{"type":"LineString","coordinates":[[-58.81943,-33.88856],[-58.82013,-33.88725],[-58.82102,-33.88519],[-58.82134,-33.88382],[-58.82126,-33.88248],[-58.82035,-33.88138],[-58.81942,-33.88077],[-58.81654,-33.88007],[-58.81185,-33.87975],[-58.80665,-33.87835],[-58.80502,-33.87797],[-58.80383,-33.87734],[-58.80293,-33.87651],[-58.80135,-33.87492],[-58.79972,-33.87323],[-58.79885,-33.87242],[-58.79863,-33.87164],[-58.79897,-33.87047],[-58.79898,-33.86925],[-58.7989,-33.86768],[-58.79917,-33.86646],[-58.79889,-33.86534],[-58.79732,-33.86395],[-58.79546,-33.8624],[-58.79343,-33.86125],[-58.79114,-33.8603],[-58.78842,-33.8596],[-58.7863,-33.85944],[-58.78325,-33.86],[-58.77948,-33.86026],[-58.77667,-33.86001],[-58.77266,-33.85917],[-58.77084,-33.85862],[-58.76871,-33.85748],[-58.76557,-33.85522],[-58.76397,-33.8533],[-58.76222,-33.8517],[-58.75983,-33.8497],[-58.75876,-33.84893],[-58.75585,-33.84807],[-58.75337,-33.84771],[-58.75094,-33.84799],[-58.74768,-33.84905],[-58.74431,-33.84927],[-58.74193,-33.84895],[-58.74121,-33.84869],[-58.74031,-33.84895],[-58.7393,-33.84965],[-58.73825,-33.85113],[-58.73727,-33.85243],[-58.73624,-33.85302],[-58.73463,-33.8537],[-58.73258,-33.85465],[-58.73134,-33.8559],[-58.72959,-33.85803],[-58.7285,-33.85875],[-58.72632,-33.85977],[-58.72418,-33.86058],[-58.72284,-33.86137],[-58.72154,-33.86288],[-58.72029,-33.86471],[-58.71883,-33.86607],[-58.71699,-33.86707]]}},{"type":"Feature","properties":{"name":"Arroyo de los Tigres","layer":"Rios y Arroyos"},"geometry":{"type":"LineString","coordinates":[[-58.6656,-33.66426],[-58.6664,-33.66331],[-58.6668,-33.66197],[-58.6677,-33.66073],[-58.66815,-33.65945],[-58.6681,-33.65854],[-58.66779,-33.65788],[-58.66709,-33.65635],[-58.66698,-33.65548],[-58.66722,-33.65476],[-58.66804,-33.65437],[-58.66924,-33.65435],[-58.67064,-33.65457],[-58.67278,-33.6552],[-58.67388,-33.65542],[-58.67507,-33.65509],[-58.67672,-33.65487],[-58.67832,-33.65493],[-58.67966,-33.65485],[-58.68082,-33.65463],[-58.68168,-33.65472],[-58.68199,-33.65505],[-58.68209,-33.65571],[-58.68196,-33.65645],[-58.68208,-33.65693],[-58.68249,-33.65726],[-58.6833,-33.65725],[-58.68463,-33.65698],[-58.68548,-33.65696],[-58.68631,-33.65731],[-58.68688,-33.65815],[-58.68751,-33.65831],[-58.68827,-33.65781],[-58.6892,-33.65747],[-58.68989,-33.65756],[-58.6911,-33.65792],[-58.6922,-33.65822],[-58.69288,-33.65825],[-58.69382,-33.65766],[-58.69461,-33.65722],[-58.69494,-33.65673],[-58.69503,-33.65605],[-58.69515,-33.65534],[-58.6954,-33.65486],[-58.69617,-33.65426],[-58.69712,-33.65363],[-58.69751,-33.65311],[-58.69749,-33.65244],[-58.69765,-33.6516],[-58.6977,-33.65108]]}},{"type":"Feature","properties":{"name":"Boca Falsa","layer":"Rios y Arroyos"},"geometry":{"type":"LineString","coordinates":[[-58.54698,-33.75626],[-58.54496,-33.75404],[-58.54162,-33.75062],[-58.53997,-33.74913],[-58.53895,-33.74804],[-58.5377,-33.74617],[-58.53605,-33.74435],[-58.5341,-33.74349],[-58.53187,-33.74357],[-58.52866,-33.74417],[-58.52703,-33.74394],[-58.5252,-33.74305],[-58.52435,-33.74223]]}},{"type":"Feature","properties":{"name":"Arroyo Negro","layer":"Rios y Arroyos"},"geometry":{"type":"LineString","coordinates":[[-58.87365,-33.894],[-58.87198,-33.89463],[-58.87058,-33.89532],[-58.86918,-33.89608],[-58.868,-33.89677],[-58.86452,-33.8985],[-58.86236,-33.89918],[-58.86008,-33.89955],[-58.85841,-33.89955],[-58.85663,-33.89966],[-58.85503,-33.89979],[-58.85432,-33.89988],[-58.85406,-33.90002],[-58.85304,-33.89982],[-58.85207,-33.8996],[-58.85062,-33.89911],[-58.84887,-33.89847],[-58.84652,-33.89784],[-58.84393,-33.89699],[-58.84228,-33.89639],[-58.8406,-33.8961],[-58.83785,-33.89604],[-58.83554,-33.89609],[-58.83312,-33.89576],[-58.82995,-33.895],[-58.82868,-33.89488],[-58.82737,-33.89415],[-58.82565,-33.89317],[-58.8218,-33.89066],[-58.81891,-33.889],[-58.81714,-33.88873],[-58.81421,-33.88862],[-58.81254,-33.8883],[-58.80956,-33.88874],[-58.80684,-33.88936],[-58.80404,-33.88961],[-58.80055,-33.89039],[-58.79549,-33.89172],[-58.78946,-33.89226],[-58.7812,-33.89272],[-58.77739,-33.89346],[-58.77285,-33.89427],[-58.76978,-33.89632],[-58.76563,-33.89787],[-58.76105,-33.89892],[-58.75739,-33.8996],[-58.75227,-33.90066],[-58.74804,-33.90091],[-58.74475,-33.90062],[-58.74292,-33.90017],[-58.74131,-33.89911],[-58.73944,-33.89798],[-58.73859,-33.8971],[-58.7375,-33.89469],[-58.73587,-33.89208],[-58.73469,-33.89061],[-58.73259,-33.88941],[-58.72996,-33.88819],[-58.72836,-33.8868],[-58.72741,-33.88552],[-58.72711,-33.8843],[-58.72733,-33.88193],[-58.72773,-33.87924],[-58.72777,-33.87743],[-58.72732,-33.87558],[-58.72622,-33.87312],[-58.72556,-33.8717],[-58.7243,-33.87068],[-58.72129,-33.86929],[-58.71903,-33.86843],[-58.71668,-33.86726],[-58.71388,-33.8669],[-58.71095,-33.86677],[-58.70699,-33.86633],[-58.70386,-33.86545],[-58.70061,-33.8638],[-58.6968,-33.86245],[-58.69411,-33.86192],[-58.69017,-33.86196],[-58.68521,-33.86237],[-58.68113,-33.86319],[-58.67804,-33.86382],[-58.67234,-33.86447],[-58.66887,-33.86454],[-58.6675,-33.86421]]}},{"type":"Feature","properties":{"name":"Arroyo Brazo Chico","layer":"Rios y Arroyos"},"geometry":{"type":"LineString","coordinates":[[-58.77577,-33.80039],[-58.77501,-33.80134],[-58.77355,-33.80221],[-58.77215,-33.80278],[-58.76975,-33.80304],[-58.76675,-33.80333],[-58.76565,-33.80329],[-58.76372,-33.8037],[-58.76221,-33.80426],[-58.75786,-33.80572],[-58.75544,-33.80634],[-58.75367,-33.80657],[-58.75205,-33.80647],[-58.74915,-33.80591],[-58.74615,-33.80507],[-58.74459,-33.80476],[-58.74172,-33.80428],[-58.73943,-33.80394],[-58.73781,-33.80398],[-58.73652,-33.80435],[-58.73437,-33.80521],[-58.73175,-33.80649],[-58.73002,-33.80759],[-58.72863,-33.80822],[-58.72743,-33.80825],[-58.72519,-33.80817],[-58.72319,-33.80806],[-58.72118,-33.80759],[-58.71897,-33.80699],[-58.71514,-33.80593],[-58.71138,-33.80491],[-58.70871,-33.8043],[-58.70619,-33.80403],[-58.70433,-33.80426],[-58.70261,-33.80522],[-58.70059,-33.8069],[-58.69916,-33.8085],[-58.69861,-33.80984],[-58.69858,-33.81158],[-58.69898,-33.81347],[-58.699,-33.81458],[-58.69853,-33.81543],[-58.69675,-33.81679],[-58.69589,-33.81717],[-58.69342,-33.81723],[-58.69136,-33.81728],[-58.6902,-33.81714],[-58.68888,-33.81668],[-58.68749,-33.81582],[-58.68668,-33.81488],[-58.68573,-33.81412],[-58.68454,-33.81347],[-58.68182,-33.81257],[-58.67953,-33.81147],[-58.67683,-33.81005],[-58.67377,-33.80838],[-58.6718,-33.80753],[-58.67007,-33.80705],[-58.66812,-33.80683],[-58.66541,-33.8063],[-58.66182,-33.8059],[-58.65895,-33.8058],[-58.65649,-33.80597],[-58.65447,-33.80654],[-58.65253,-33.80752],[-58.65103,-33.80863],[-58.65018,-33.80988],[-58.64928,-33.81264],[-58.64756,-33.81747],[-58.64617,-33.81968],[-58.64394,-33.8213],[-58.64068,-33.82223],[-58.63724,-33.82271],[-58.63483,-33.82252],[-58.63096,-33.82164],[-58.6249,-33.81967],[-58.61833,-33.81717],[-58.61521,-33.81577],[-58.6121,-33.8134],[-58.60906,-33.81069],[-58.60702,-33.80921],[-58.60527,-33.80887],[-58.6026,-33.80953],[-58.59684,-33.81093],[-58.59107,-33.81185],[-58.58722,-33.81175],[-58.5853,-33.81122],[-58.5843,-33.81041],[-58.58377,-33.80789],[-58.58171,-33.80272],[-58.5802,-33.79855],[-58.57719,-33.79361],[-58.57408,-33.78859],[-58.5719,-33.78614],[-58.56743,-33.78135],[-58.56438,-33.77776],[-58.56189,-33.77559],[-58.55856,-33.77408],[-58.55352,-33.77257],[-58.54716,-33.77062],[-58.53911,-33.76716],[-58.53408,-33.76385],[-58.53018,-33.76184],[-58.52698,-33.76038],[-58.5232,-33.75995],[-58.51635,-33.75978]]}},{"type":"Feature","properties":{"name":"Arroyo La Rosita","layer":"Rios y Arroyos"},"geometry":{"type":"LineString","coordinates":[[-58.66872,-33.78994],[-58.66927,-33.79065],[-58.66935,-33.79131],[-58.66919,-33.79234],[-58.66959,-33.7933],[-58.67058,-33.79431],[-58.67157,-33.79485],[-58.67284,-33.79503],[-58.67419,-33.79444],[-58.67559,-33.79377],[-58.67742,-33.79344],[-58.67914,-33.79289],[-58.68056,-33.79257],[-58.68265,-33.79281],[-58.68402,-33.7923],[-58.68554,-33.79116],[-58.6879,-33.7893],[-58.68874,-33.78852],[-58.68936,-33.78752],[-58.69125,-33.78701],[-58.69379,-33.78705],[-58.69626,-33.78741],[-58.69824,-33.78747],[-58.70023,-33.78698],[-58.70231,-33.78634],[-58.70391,-33.78602],[-58.70508,-33.78598],[-58.70694,-33.78652],[-58.70958,-33.78721],[-58.7123,-33.78774],[-58.71497,-33.78809],[-58.71635,-33.78822],[-58.71787,-33.78865],[-58.72055,-33.79033],[-58.72387,-33.7923],[-58.72752,-33.79331],[-58.73005,-33.79342],[-58.73212,-33.79346]]}},{"type":"Feature","properties":{"name":"Arroyo Las Rosas","layer":"Rios y Arroyos"},"geometry":{"type":"LineString","coordinates":[[-58.67307,-33.80783],[-58.67378,-33.80739],[-58.67443,-33.80664],[-58.67487,-33.80583],[-58.67527,-33.80485],[-58.67587,-33.80372],[-58.67704,-33.80263],[-58.67823,-33.8022],[-58.68029,-33.8019],[-58.68156,-33.8019],[-58.68324,-33.80211],[-58.68473,-33.80245],[-58.68566,-33.80273],[-58.68662,-33.80269],[-58.68805,-33.8023],[-58.68871,-33.80192],[-58.68932,-33.80122],[-58.69015,-33.79952],[-58.69053,-33.79883],[-58.69121,-33.79814],[-58.6921,-33.79768],[-58.69299,-33.79758],[-58.69428,-33.79791],[-58.69584,-33.79841],[-58.69735,-33.7992],[-58.6983,-33.79982],[-58.69884,-33.80064],[-58.69931,-33.80128],[-58.70023,-33.80191],[-58.70155,-33.80232],[-58.70325,-33.8021],[-58.70521,-33.80124],[-58.70714,-33.80059],[-58.70905,-33.80016],[-58.7125,-33.79982],[-58.71449,-33.79995],[-58.71822,-33.80045],[-58.72186,-33.80122],[-58.72421,-33.80166],[-58.72589,-33.80165],[-58.7276,-33.8011],[-58.72955,-33.80016],[-58.73149,-33.79935],[-58.73309,-33.79924],[-58.73457,-33.79937],[-58.7355,-33.7996],[-58.73643,-33.80014],[-58.73732,-33.80056],[-58.73831,-33.801],[-58.74007,-33.80175],[-58.74143,-33.80228]]}},{"type":"Feature","properties":{"name":"Arroyo Brasilero","layer":"Rios y Arroyos"},"geometry":{"type":"LineString","coordinates":[[-58.58405,-33.8104],[-58.58375,-33.81061],[-58.58274,-33.81064],[-58.58022,-33.81048],[-58.57941,-33.81029],[-58.57768,-33.80969],[-58.57631,-33.80958],[-58.57282,-33.80822],[-58.57145,-33.8069],[-58.57089,-33.80652],[-58.57053,-33.80591],[-58.57004,-33.80436],[-58.56968,-33.80217],[-58.56958,-33.80133],[-58.56918,-33.80051],[-58.56822,-33.79909],[-58.56681,-33.79722],[-58.56566,-33.79621],[-58.56484,-33.79595],[-58.56418,-33.79605],[-58.56295,-33.79655],[-58.56236,-33.79666],[-58.56026,-33.79684],[-58.55986,-33.79676],[-58.55943,-33.79641],[-58.55786,-33.79437],[-58.5565,-33.79247],[-58.55626,-33.79203],[-58.55629,-33.79164],[-58.55658,-33.79125],[-58.55755,-33.79036],[-58.55793,-33.78981],[-58.55828,-33.78871],[-58.55834,-33.78792],[-58.55813,-33.78753],[-58.55576,-33.78574],[-58.55481,-33.78501],[-58.5538,-33.7846],[-58.5521,-33.7841],[-58.55083,-33.78378],[-58.54887,-33.78298],[-58.54851,-33.78254],[-58.54828,-33.78173],[-58.54841,-33.78004],[-58.54883,-33.77814],[-58.54947,-33.77676],[-58.54942,-33.77626],[-58.54907,-33.77547],[-58.54832,-33.7749],[-58.54717,-33.77426],[-58.54676,-33.77374],[-58.54675,-33.77312],[-58.54705,-33.77224],[-58.54737,-33.7713]]}},{"type":"Feature","properties":{"name":"Arroyo Cañitas","layer":"Rios y Arroyos"},"geometry":{"type":"LineString","coordinates":[[-60.62327,-32.57291],[-60.6241,-32.57285],[-60.62572,-32.57299],[-60.62694,-32.57317],[-60.62784,-32.5731],[-60.62853,-32.57279],[-60.62893,-32.57212],[-60.62934,-32.57103],[-60.63004,-32.57031],[-60.63067,-32.57023],[-60.6324,-32.57119],[-60.6335,-32.57221],[-60.63529,-32.57482],[-60.63667,-32.57624],[-60.64187,-32.57812],[-60.64428,-32.5796],[-60.64504,-32.58058],[-60.64497,-32.58182],[-60.64474,-32.58302],[-60.64453,-32.58368],[-60.64473,-32.58426],[-60.64528,-32.58461],[-60.64661,-32.58464],[-60.64735,-32.58429],[-60.64785,-32.58347],[-60.64834,-32.58267],[-60.6491,-32.58243],[-60.65042,-32.58261],[-60.65064,-32.58355],[-60.65007,-32.58456],[-60.64852,-32.58556],[-60.64455,-32.58843],[-60.64495,-32.5898]]}},{"type":"Feature","properties":{"name":"Arroyo de los Nogales","layer":"Rios y Arroyos"},"geometry":{"type":"LineString","coordinates":[[-58.65178,-34.27026],[-58.65168,-34.27096],[-58.65115,-34.27169],[-58.65045,-34.27274],[-58.65009,-34.27332],[-58.64993,-34.27401],[-58.64989,-34.27482],[-58.64931,-34.27525],[-58.64883,-34.27549],[-58.64847,-34.27646],[-58.64822,-34.27728],[-58.64811,-34.27866],[-58.64807,-34.2792],[-58.6476,-34.28053],[-58.64751,-34.28192],[-58.64728,-34.28274],[-58.64659,-34.28399],[-58.64632,-34.28464],[-58.64614,-34.28567],[-58.64619,-34.28634],[-58.64594,-34.28728],[-58.64569,-34.28801],[-58.64543,-34.28943],[-58.64496,-34.29062],[-58.64412,-34.29161],[-58.64339,-34.29235],[-58.64311,-34.2928],[-58.64314,-34.29339],[-58.64331,-34.29387],[-58.64308,-34.29424],[-58.64217,-34.2948],[-58.64124,-34.29521],[-58.64069,-34.29547],[-58.64009,-34.29707],[-58.63981,-34.29816],[-58.63969,-34.29925],[-58.63979,-34.30074],[-58.64019,-34.30157],[-58.64103,-34.30225],[-58.64174,-34.30324],[-58.64303,-34.30507],[-58.64392,-34.30638],[-58.64439,-34.30744],[-58.64473,-34.30797],[-58.64548,-34.30849],[-58.64632,-34.30878]]}},{"type":"Feature","properties":{"name":"Arroyo del Buen Pastor","layer":"Rios y Arroyos"},"geometry":{"type":"LineString","coordinates":[[-58.50843,-33.78234],[-58.50997,-33.78097],[-58.51123,-33.77985],[-58.51239,-33.77895],[-58.51349,-33.77817],[-58.51419,-33.7774],[-58.51481,-33.77601],[-58.51543,-33.7741],[-58.51669,-33.77195],[-58.51769,-33.77114],[-58.5195,-33.77052],[-58.52215,-33.76971],[-58.52306,-33.76935]]}},{"type":"Feature","properties":{"name":"Arroyo Desaguadero","layer":"Rios y Arroyos"},"geometry":{"type":"LineString","coordinates":[[-58.53377,-33.82155],[-58.53188,-33.81798],[-58.53022,-33.81284],[-58.52752,-33.80928],[-58.52387,-33.80662],[-58.51874,-33.80428],[-58.51262,-33.80175],[-58.50872,-33.79965],[-58.50733,-33.79955],[-58.50641,-33.8],[-58.50548,-33.80045],[-58.50218,-33.80087],[-58.49884,-33.80076],[-58.49613,-33.80067],[-58.49335,-33.8009],[-58.4908,-33.80136],[-58.48719,-33.80145],[-58.48597,-33.80154],[-58.48187,-33.80329]]}},{"type":"Feature","properties":{"name":"Arroyo Caballo","layer":"Rios y Arroyos"},"geometry":{"type":"LineString","coordinates":[[-58.49978,-33.77667],[-58.50184,-33.77857],[-58.50411,-33.78055],[-58.50612,-33.78161],[-58.50791,-33.7823],[-58.50861,-33.78315],[-58.50895,-33.78437],[-58.50902,-33.7867],[-58.50861,-33.78891],[-58.50738,-33.79095],[-58.50655,-33.79271],[-58.50627,-33.79419],[-58.50664,-33.79745],[-58.50717,-33.79857]]}},{"type":"Feature","properties":{"name":"Rio Gutierrez","layer":"Rios y Arroyos"},"geometry":{"type":"LineString","coordinates":[[-58.67035,-33.88571],[-58.67055,-33.87956],[-58.66954,-33.87199],[-58.66556,-33.86461],[-58.66253,-33.86231],[-58.65957,-33.86221],[-58.65524,-33.86489],[-58.64973,-33.8676],[-58.64618,-33.86769],[-58.64243,-33.86681],[-58.6383,-33.86413],[-58.63172,-33.8611],[-58.62025,-33.85815],[-58.6081,-33.8554],[-58.59828,-33.85132],[-58.58725,-33.84827],[-58.57597,-33.8452],[-58.5696,-33.84162],[-58.56423,-33.84006],[-58.55833,-33.83897],[-58.54932,-33.83502],[-58.53701,-33.82668],[-58.52916,-33.82143],[-58.52388,-33.81834],[-58.51807,-33.81632],[-58.51015,-33.81463],[-58.50588,-33.81402],[-58.50254,-33.81472],[-58.49786,-33.81735],[-58.49297,-33.81888],[-58.48125,-33.82118],[-58.47324,-33.82376],[-58.46856,-33.82659],[-58.46223,-33.8306],[-58.45679,-33.8323],[-58.4504,-33.83384]]}},{"type":"Feature","properties":{"name":"Arroyo Correntoso","layer":"Rios y Arroyos"},"geometry":{"type":"LineString","coordinates":[[-58.57152,-33.8409],[-58.57183,-33.8402],[-58.57167,-33.83931],[-58.5715,-33.83786],[-58.57126,-33.83662],[-58.57098,-33.83576],[-58.57048,-33.83498],[-58.57,-33.83468],[-58.56922,-33.83445],[-58.56833,-33.83409],[-58.56737,-33.83354],[-58.5661,-33.83264],[-58.56487,-33.83154],[-58.56383,-33.83027],[-58.56295,-33.82921],[-58.56221,-33.82801],[-58.56177,-33.82707],[-58.56086,-33.82567],[-58.56003,-33.82423],[-58.55939,-33.82278],[-58.55855,-33.82094],[-58.55826,-33.81975],[-58.55789,-33.81791],[-58.55761,-33.81626],[-58.55751,-33.81476],[-58.55745,-33.81349],[-58.55735,-33.81301],[-58.55655,-33.81154],[-58.55557,-33.80989],[-58.55476,-33.80858],[-58.55423,-33.8071],[-58.5537,-33.80507],[-58.55297,-33.80209],[-58.55294,-33.80171],[-58.55245,-33.80028],[-58.55188,-33.79903],[-58.55079,-33.79758],[-58.55009,-33.79746],[-58.54803,-33.79759],[-58.546,-33.79789],[-58.5434,-33.79833],[-58.5414,-33.79827],[-58.53984,-33.79785],[-58.53928,-33.79754],[-58.53897,-33.797],[-58.53888,-33.79589],[-58.53893,-33.79479],[-58.5397,-33.79222],[-58.54048,-33.79003],[-58.54085,-33.78835],[-58.54091,-33.78733],[-58.54068,-33.78646],[-58.53984,-33.78567],[-58.53857,-33.78486],[-58.53699,-33.78401],[-58.53548,-33.78328],[-58.53473,-33.78319],[-58.53382,-33.78343],[-58.53176,-33.78451],[-58.52854,-33.78531],[-58.52539,-33.78589],[-58.52256,-33.78605],[-58.51957,-33.7857]]}},{"type":"Feature","properties":{"name":"Arroyo Gutierrez Chico","layer":"Rios y Arroyos"},"geometry":{"type":"LineString","coordinates":[[-58.54387,-33.83382],[-58.54174,-33.83469],[-58.53961,-33.83573],[-58.53739,-33.83712],[-58.5356,-33.83843],[-58.53298,-33.84005],[-58.5316,-33.84092],[-58.52968,-33.84236],[-58.52748,-33.84367],[-58.5262,-33.8442],[-58.52475,-33.84459],[-58.52318,-33.8448],[-58.5222,-33.84475],[-58.5208,-33.84439],[-58.51889,-33.84389],[-58.5172,-33.84325],[-58.51614,-33.84263],[-58.51515,-33.84193],[-58.51371,-33.84123],[-58.51187,-33.84051],[-58.51014,-33.84001],[-58.50846,-33.83991],[-58.50676,-33.84003],[-58.50576,-33.84031],[-58.5048,-33.84023],[-58.50379,-33.84014],[-58.50236,-33.83953],[-58.50065,-33.83841],[-58.49932,-33.83723],[-58.49872,-33.8364],[-58.49837,-33.83531],[-58.49793,-33.83364],[-58.49728,-33.83181],[-58.49651,-33.82982],[-58.49564,-33.82799],[-58.49461,-33.82662],[-58.49319,-33.82529],[-58.49215,-33.8246],[-58.48968,-33.82339],[-58.48725,-33.82239],[-58.48434,-33.8214]]}},{"type":"Feature","properties":{"name":"Arroyo Paciencia Grande","layer":"Rios y Arroyos"},"geometry":{"type":"LineString","coordinates":[[-58.62443,-33.86032],[-58.62427,-33.86266],[-58.62414,-33.86326],[-58.62303,-33.86451],[-58.62197,-33.86552],[-58.62076,-33.86694],[-58.61908,-33.8684],[-58.61793,-33.86957],[-58.6161,-33.87059],[-58.61399,-33.8711],[-58.61047,-33.87176],[-58.60932,-33.87128],[-58.60574,-33.8713],[-58.60256,-33.8712],[-58.59856,-33.87097],[-58.59574,-33.87085],[-58.59275,-33.87115],[-58.58826,-33.87176],[-58.58452,-33.87244],[-58.58199,-33.87257],[-58.57799,-33.87277],[-58.57502,-33.87305],[-58.57413,-33.87304],[-58.57276,-33.87281],[-58.57142,-33.8728],[-58.56613,-33.87332],[-58.5635,-33.87354],[-58.56241,-33.87384],[-58.56166,-33.87384],[-58.56057,-33.87349],[-58.55958,-33.87277],[-58.55811,-33.87217],[-58.55614,-33.87174],[-58.55262,-33.87123],[-58.54912,-33.87072],[-58.54624,-33.87011],[-58.54356,-33.86931],[-58.54117,-33.86819],[-58.53817,-33.86656],[-58.53443,-33.86409],[-58.53205,-33.86261],[-58.5299,-33.86211],[-58.52786,-33.86189],[-58.52618,-33.86212],[-58.52406,-33.86291],[-58.52285,-33.86302],[-58.52206,-33.86305],[-58.52155,-33.86316]]}},{"type":"Feature","properties":{"name":"Arroyo Paciencia Chico","layer":"Rios y Arroyos"},"geometry":{"type":"LineString","coordinates":[[-58.514,-33.89765],[-58.51496,-33.89666],[-58.51589,-33.89534],[-58.51646,-33.89423],[-58.51651,-33.89304],[-58.51634,-33.89217],[-58.51591,-33.89092],[-58.51488,-33.88819],[-58.51435,-33.88681],[-58.51403,-33.88601],[-58.5139,-33.88533],[-58.51403,-33.88423],[-58.51443,-33.88298],[-58.51503,-33.88208],[-58.51551,-33.88108],[-58.5161,-33.8804],[-58.51711,-33.87966],[-58.51802,-33.87896],[-58.5183,-33.87844],[-58.5184,-33.87742],[-58.51874,-33.87647],[-58.51931,-33.8752],[-58.51961,-33.87416],[-58.51984,-33.87288],[-58.52036,-33.87163],[-58.5212,-33.87062],[-58.52239,-33.86975],[-58.52329,-33.86876],[-58.52357,-33.86774],[-58.52362,-33.86667],[-58.52308,-33.86547],[-58.52229,-33.86474],[-58.52183,-33.86408],[-58.52144,-33.86324],[-58.52108,-33.86298],[-58.52031,-33.8621],[-58.51923,-33.86089],[-58.51654,-33.85715],[-58.51466,-33.85474]]}},{"type":"Feature","properties":{"name":"Arroyo Zapallo","layer":"Rios y Arroyos"},"geometry":{"type":"LineString","coordinates":[[-58.50595,-33.84038],[-58.50646,-33.84168],[-58.50652,-33.84253],[-58.50644,-33.84385],[-58.50664,-33.84474],[-58.5072,-33.84575],[-58.50796,-33.84644],[-58.50985,-33.84733],[-58.5114,-33.84808],[-58.51256,-33.84901],[-58.51345,-33.85024],[-58.51408,-33.85137],[-58.51433,-33.85306],[-58.5143,-33.85414],[-58.51442,-33.85472],[-58.51414,-33.85566],[-58.51294,-33.85772],[-58.51201,-33.85915],[-58.51053,-33.86076],[-58.50962,-33.86192],[-58.5086,-33.86236],[-58.50798,-33.86305],[-58.50692,-33.86422],[-58.50691,-33.86474],[-58.50751,-33.86568],[-58.50784,-33.86653],[-58.50798,-33.86785],[-58.50768,-33.86974],[-58.50739,-33.87099],[-58.50662,-33.87164],[-58.50579,-33.87248],[-58.50486,-33.87371],[-58.50398,-33.87482],[-58.50361,-33.87584],[-58.50339,-33.87692],[-58.50284,-33.87748],[-58.50193,-33.87744],[-58.50117,-33.87745],[-58.50044,-33.87777],[-58.49944,-33.87849],[-58.49786,-33.87889],[-58.4969,-33.87948],[-58.49539,-33.88148],[-58.49454,-33.88295],[-58.49339,-33.88358],[-58.49097,-33.88447],[-58.48854,-33.88537],[-58.48694,-33.88579],[-58.48506,-33.88695],[-58.48398,-33.88817],[-58.48353,-33.88922],[-58.48317,-33.88963],[-58.48237,-33.89001],[-58.4819,-33.89017],[-58.4816,-33.89011],[-58.48119,-33.89017],[-58.48093,-33.8903],[-58.48059,-33.89021],[-58.48035,-33.89024],[-58.48015,-33.89031],[-58.47986,-33.89024],[-58.4796,-33.89006],[-58.47929,-33.8899],[-58.47908,-33.8897],[-58.47876,-33.88954],[-58.4781,-33.88931],[-58.47796,-33.88923],[-58.47785,-33.88893],[-58.47775,-33.88875],[-58.47768,-33.8882],[-58.4776,-33.88793],[-58.47754,-33.88759],[-58.47695,-33.8871],[-58.47691,-33.88688],[-58.47675,-33.88673],[-58.47677,-33.88623],[-58.4768,-33.88495],[-58.47666,-33.88477],[-58.4765,-33.8847],[-58.4764,-33.8845],[-58.47639,-33.88419],[-58.47656,-33.88397],[-58.47669,-33.88384],[-58.47665,-33.88363],[-58.47637,-33.88353],[-58.47427,-33.88327]]}},{"type":"Feature","properties":{"name":"Arroyo Carbon","layer":"Rios y Arroyos"},"geometry":{"type":"LineString","coordinates":[[-58.46504,-33.88417],[-58.46637,-33.88494],[-58.46715,-33.88515],[-58.46908,-33.88471],[-58.46989,-33.88458],[-58.47096,-33.88483],[-58.47177,-33.88508],[-58.4728,-33.88452],[-58.47373,-33.88384],[-58.47403,-33.88332],[-58.47385,-33.88276],[-58.47371,-33.88241],[-58.47335,-33.88045],[-58.4731,-33.87896],[-58.47328,-33.8782],[-58.47344,-33.87801],[-58.47369,-33.87794],[-58.47396,-33.87808],[-58.47427,-33.87815],[-58.47467,-33.87801],[-58.47492,-33.87755],[-58.47521,-33.8772],[-58.47573,-33.87688],[-58.47652,-33.87618],[-58.47789,-33.8744],[-58.47912,-33.87266],[-58.48005,-33.87134],[-58.48047,-33.87097],[-58.48069,-33.87091],[-58.48099,-33.87108],[-58.48141,-33.87168],[-58.48238,-33.87257],[-58.48307,-33.87347],[-58.48372,-33.87403],[-58.48426,-33.87403],[-58.48539,-33.87355],[-58.48553,-33.87298],[-58.48589,-33.87247],[-58.48669,-33.87188],[-58.48765,-33.87126],[-58.48954,-33.87054],[-58.48978,-33.8704],[-58.48996,-33.87011],[-58.4902,-33.86912],[-58.4903,-33.86839],[-58.49039,-33.86681],[-58.49025,-33.86617],[-58.49036,-33.86569],[-58.49079,-33.86542],[-58.49134,-33.86537],[-58.49162,-33.86503],[-58.4922,-33.86478],[-58.49311,-33.86435],[-58.49332,-33.86403],[-58.49355,-33.86364],[-58.49433,-33.8634],[-58.49454,-33.86306],[-58.49475,-33.86232],[-58.49469,-33.862],[-58.49435,-33.86178],[-58.49394,-33.86135],[-58.49374,-33.86105],[-58.49386,-33.86077],[-58.49387,-33.86055],[-58.49349,-33.86026],[-58.4935,-33.85989],[-58.49356,-33.8594],[-58.49366,-33.85894],[-58.4935,-33.8587],[-58.49323,-33.85826],[-58.49321,-33.85765],[-58.49274,-33.85712],[-58.49271,-33.8568],[-58.49289,-33.85604],[-58.49309,-33.85552],[-58.4931,-33.85506],[-58.49353,-33.85461],[-58.494,-33.8542],[-58.49388,-33.85365],[-58.49385,-33.85307],[-58.49415,-33.85253]]}},{"type":"Feature","properties":{"name":"Arroyo Caraguatá","layer":"Rios y Arroyos"},"geometry":{"type":"LineString","coordinates":[[-58.64632,-34.30884],[-58.64694,-34.30999],[-58.64726,-34.31076],[-58.64797,-34.31258],[-58.64848,-34.31386],[-58.64871,-34.31455],[-58.64897,-34.31628],[-58.64912,-34.31698],[-58.64898,-34.31825],[-58.64886,-34.31923],[-58.64927,-34.32026],[-58.65015,-34.32131],[-58.65066,-34.32172],[-58.65149,-34.32212],[-58.65227,-34.32243],[-58.65249,-34.32297],[-58.65251,-34.32375],[-58.65237,-34.32514],[-58.65221,-34.32653],[-58.6524,-34.32746],[-58.65294,-34.32885],[-58.65397,-34.33061],[-58.65463,-34.33132],[-58.65551,-34.33187],[-58.6559,-34.33221],[-58.65564,-34.33339],[-58.65484,-34.33511],[-58.65388,-34.33653],[-58.65348,-34.33762],[-58.65355,-34.33854],[-58.65408,-34.33961],[-58.65383,-34.34031],[-58.65283,-34.34116],[-58.65191,-34.3419],[-58.65149,-34.34256],[-58.65152,-34.34332],[-58.65178,-34.34442],[-58.65187,-34.34584],[-58.65147,-34.34698],[-58.65106,-34.34789],[-58.6508,-34.3489],[-58.65058,-34.35005],[-58.65005,-34.35083],[-58.6494,-34.35138],[-58.64862,-34.35262],[-58.64807,-34.35388],[-58.64762,-34.35542],[-58.64715,-34.35601],[-58.64657,-34.35623],[-58.64581,-34.35622],[-58.64478,-34.356],[-58.644,-34.35585],[-58.64343,-34.35601],[-58.6424,-34.35672],[-58.6413,-34.35805],[-58.64054,-34.35958],[-58.64041,-34.36073],[-58.64025,-34.36228],[-58.6398,-34.36345],[-58.63925,-34.36454],[-58.63908,-34.36575],[-58.63942,-34.36689],[-58.63981,-34.36758],[-58.63931,-34.36924],[-58.63936,-34.37071],[-58.63942,-34.37224],[-58.63923,-34.37313],[-58.63866,-34.3743],[-58.63776,-34.37588],[-58.6373,-34.37695],[-58.63712,-34.37779],[-58.63589,-34.37895],[-58.63424,-34.38028],[-58.63295,-34.38165],[-58.63239,-34.38299],[-58.6325,-34.38379]]}},{"type":"Feature","properties":{"name":"Arroyo Carboncito","layer":"Rios y Arroyos"},"geometry":{"type":"LineString","coordinates":[[-58.47353,-33.87783],[-58.47329,-33.87724],[-58.47306,-33.87629],[-58.47283,-33.87573],[-58.47222,-33.87544],[-58.47176,-33.87519],[-58.47145,-33.87457],[-58.47122,-33.87373],[-58.47097,-33.87331],[-58.47088,-33.87299],[-58.47109,-33.87243],[-58.47168,-33.87143],[-58.47237,-33.87021],[-58.4731,-33.86911],[-58.47384,-33.86812],[-58.47433,-33.86751],[-58.4749,-33.86635],[-58.47547,-33.8653],[-58.47585,-33.86411],[-58.47607,-33.86339],[-58.47617,-33.86248],[-58.47627,-33.86152],[-58.47635,-33.86035],[-58.47643,-33.85864],[-58.47647,-33.85774],[-58.47655,-33.85711],[-58.47664,-33.85672],[-58.47654,-33.85643],[-58.4752,-33.85439],[-58.47482,-33.85371],[-58.47456,-33.85336],[-58.47446,-33.85299],[-58.47418,-33.8524],[-58.47382,-33.85135],[-58.47337,-33.85001],[-58.47317,-33.84916],[-58.47306,-33.8488],[-58.47286,-33.84858],[-58.47265,-33.84839],[-58.47255,-33.84803],[-58.47226,-33.84659],[-58.47183,-33.84453],[-58.47162,-33.8438],[-58.47129,-33.8426],[-58.47068,-33.84124],[-58.47039,-33.84043],[-58.47022,-33.83964],[-58.47032,-33.83909],[-58.47031,-33.8385],[-58.47,-33.83807],[-58.46915,-33.83736],[-58.46835,-33.83646],[-58.46771,-33.83536],[-58.46717,-33.83448],[-58.46662,-33.83354],[-58.4664,-33.83297],[-58.46647,-33.83251],[-58.46681,-33.83186],[-58.46739,-33.8314],[-58.46793,-33.83071],[-58.46809,-33.8303],[-58.46932,-33.82938],[-58.46947,-33.82925]]}},{"type":"Feature","properties":{"name":"Arroyo Pereyra","layer":"Rios y Arroyos"},"geometry":{"type":"LineString","coordinates":[[-58.52823,-33.96715],[-58.52832,-33.96668],[-58.52821,-33.96626],[-58.52786,-33.96592],[-58.52737,-33.96568],[-58.52693,-33.96565],[-58.5265,-33.96559],[-58.52598,-33.96542],[-58.52545,-33.9654],[-58.5251,-33.96532],[-58.52499,-33.96511],[-58.52517,-33.96447],[-58.52565,-33.96348],[-58.52641,-33.96222],[-58.52726,-33.96093],[-58.52851,-33.95928],[-58.53006,-33.95733],[-58.53142,-33.95555],[-58.53177,-33.95494],[-58.53206,-33.95461],[-58.53292,-33.95399],[-58.53369,-33.95358],[-58.53472,-33.95317],[-58.53563,-33.95273],[-58.53572,-33.95253],[-58.53578,-33.95225],[-58.53653,-33.95037],[-58.53749,-33.9488],[-58.53937,-33.94742],[-58.54119,-33.94654],[-58.5421,-33.94627],[-58.54278,-33.94629],[-58.54344,-33.94613],[-58.54415,-33.9455],[-58.54491,-33.94505],[-58.54561,-33.94481],[-58.54597,-33.94407],[-58.54649,-33.94314],[-58.54757,-33.94178],[-58.54817,-33.94085],[-58.54893,-33.9402],[-58.54967,-33.93997],[-58.55089,-33.93997],[-58.55245,-33.93998],[-58.55328,-33.93995],[-58.55365,-33.9398],[-58.55369,-33.93943],[-58.55357,-33.93876],[-58.55379,-33.93843],[-58.55422,-33.93839],[-58.55478,-33.93838],[-58.55665,-33.93811],[-58.55762,-33.93809],[-58.55861,-33.93825],[-58.55977,-33.93817],[-58.56014,-33.93828],[-58.56078,-33.93883],[-58.56122,-33.93902],[-58.56171,-33.93915],[-58.56214,-33.93939],[-58.56274,-33.93942],[-58.56389,-33.93965],[-58.56488,-33.93981],[-58.56563,-33.94017],[-58.56621,-33.94038],[-58.56639,-33.94051],[-58.56657,-33.94051],[-58.5667,-33.94033],[-58.56682,-33.93993],[-58.56714,-33.93953],[-58.56843,-33.93896],[-58.56981,-33.93871],[-58.57135,-33.93857],[-58.5723,-33.9383],[-58.57305,-33.93873],[-58.57479,-33.93928],[-58.57559,-33.93981],[-58.57697,-33.94083],[-58.57763,-33.94146],[-58.57837,-33.94191],[-58.58092,-33.94339],[-58.58191,-33.94341],[-58.58248,-33.94344],[-58.58296,-33.94373],[-58.58321,-33.94429],[-58.5835,-33.94479]]}},{"type":"Feature","properties":{"name":"Arroyo Cuzco","layer":"Rios y Arroyos"},"geometry":{"type":"LineString","coordinates":[[-58.53531,-33.89674],[-58.53659,-33.8961],[-58.53784,-33.89487],[-58.53874,-33.8938],[-58.53944,-33.89257],[-58.53952,-33.89179],[-58.53971,-33.89027],[-58.53978,-33.88817],[-58.53974,-33.88688],[-58.53944,-33.8859],[-58.53903,-33.88524],[-58.53902,-33.88494],[-58.53929,-33.8847],[-58.54003,-33.88487],[-58.54154,-33.88433],[-58.54377,-33.88366],[-58.5459,-33.88313],[-58.54749,-33.883],[-58.54833,-33.88309],[-58.54915,-33.88346],[-58.5504,-33.88422],[-58.55168,-33.88525],[-58.55443,-33.88788],[-58.55749,-33.89099],[-58.56097,-33.8942],[-58.56304,-33.89591],[-58.56483,-33.89856],[-58.56679,-33.90071],[-58.56932,-33.90259],[-58.57149,-33.90369],[-58.57307,-33.90402],[-58.57461,-33.90354],[-58.577,-33.90269],[-58.57967,-33.90196],[-58.5812,-33.90223],[-58.584,-33.90389],[-58.58722,-33.90565],[-58.58787,-33.90643],[-58.58784,-33.90698],[-58.58746,-33.90767]]}},{"type":"Feature","properties":{"name":"Arroyo de la Paloma","layer":"Rios y Arroyos"},"geometry":{"type":"LineString","coordinates":[[-58.49638,-33.90353],[-58.49548,-33.90248],[-58.49535,-33.9011],[-58.49654,-33.89515],[-58.49594,-33.8935],[-58.49427,-33.89256],[-58.49207,-33.89242],[-58.48982,-33.89322],[-58.4861,-33.89554],[-58.48294,-33.8969],[-58.47501,-33.8984],[-58.46755,-33.89872],[-58.46417,-33.89846]]}},{"type":"Feature","properties":{"name":"Arroyo Las Cruces","layer":"Rios y Arroyos"},"geometry":{"type":"LineString","coordinates":[[-58.43384,-33.92156],[-58.43544,-33.92255],[-58.43687,-33.92336],[-58.4377,-33.92391],[-58.4383,-33.92442],[-58.43861,-33.92487],[-58.43899,-33.92552],[-58.43927,-33.92587],[-58.43983,-33.926],[-58.44039,-33.92633],[-58.44091,-33.9264],[-58.44174,-33.92646],[-58.44202,-33.92651],[-58.44256,-33.92634],[-58.44292,-33.92612],[-58.44334,-33.92549],[-58.44367,-33.9248],[-58.44353,-33.92444],[-58.44349,-33.92386],[-58.44389,-33.92329],[-58.44492,-33.92218],[-58.44544,-33.92176],[-58.44649,-33.92164],[-58.44784,-33.92163],[-58.45018,-33.92136],[-58.45206,-33.92102],[-58.45279,-33.92053],[-58.45392,-33.91951],[-58.45453,-33.9192],[-58.45515,-33.91888],[-58.4553,-33.91857],[-58.45575,-33.91809],[-58.4558,-33.9176],[-58.45603,-33.91719],[-58.45719,-33.91627]]}},{"type":"Feature","properties":{"name":"Rio Alferez Nelson Page","layer":"Rios y Arroyos"},"geometry":{"type":"LineString","coordinates":[[-58.73047,-33.92432],[-58.72657,-33.92517],[-58.72316,-33.92696],[-58.71974,-33.9302],[-58.71742,-33.9313],[-58.71156,-33.93153],[-58.70143,-33.9324],[-58.69642,-33.93407],[-58.69227,-33.9361],[-58.69007,-33.9365],[-58.68764,-33.93585],[-58.68424,-33.93434],[-58.68053,-33.934],[-58.67646,-33.93451],[-58.6713,-33.93606],[-58.66441,-33.93822],[-58.66005,-33.93843],[-58.64971,-33.93737],[-58.64136,-33.93627],[-58.63276,-33.93483],[-58.62616,-33.93328],[-58.62215,-33.93312],[-58.61845,-33.93372],[-58.61388,-33.93608],[-58.60837,-33.93795],[-58.60439,-33.93787],[-58.60066,-33.93572],[-58.59713,-33.93223],[-58.59353,-33.93069],[-58.58933,-33.92977],[-58.57641,-33.93042],[-58.56258,-33.92881],[-58.55565,-33.92755],[-58.54741,-33.92702]]}},{"type":"Feature","properties":{"name":"Rio Paraná Bravo","layer":"Rios y Arroyos"},"geometry":{"type":"LineString","coordinates":[[-58.761,-33.93691],[-58.7385,-33.92394],[-58.71867,-33.90875],[-58.7,-33.89926],[-58.67959,-33.89209],[-58.66845,-33.89035],[-58.65624,-33.89549],[-58.64658,-33.90015],[-58.61783,-33.90447],[-58.60387,-33.90745],[-58.59434,-33.91018],[-58.58043,-33.91017],[-58.56134,-33.91221],[-58.55092,-33.91166],[-58.54505,-33.90691],[-58.53901,-33.90077],[-58.53269,-33.89754],[-58.52327,-33.8968],[-58.51169,-33.90004],[-58.50035,-33.90431],[-58.49284,-33.91061],[-58.48508,-33.91481],[-58.48001,-33.9146],[-58.47498,-33.91169],[-58.45411,-33.89457]]}},{"type":"Feature","properties":{"name":"Rio Sauce","layer":"Rios y Arroyos"},"geometry":{"type":"LineString","coordinates":[[-58.55364,-33.91473],[-58.54886,-33.91735],[-58.54679,-33.92233],[-58.54557,-33.92716],[-58.54221,-33.93001],[-58.52963,-33.93599],[-58.52207,-33.93731],[-58.51382,-33.93541],[-58.50236,-33.93174],[-58.49357,-33.9318],[-58.48473,-33.93631],[-58.47455,-33.93963],[-58.45463,-33.94365],[-58.43452,-33.94551],[-58.41759,-33.94396]]}},{"type":"Feature","properties":{"name":"Rio Ceibo","layer":"Rios y Arroyos"},"geometry":{"type":"LineString","coordinates":[[-58.45239,-33.94649],[-58.45737,-33.94826],[-58.46082,-33.95033],[-58.46479,-33.95327],[-58.47117,-33.95611],[-58.4748,-33.95691],[-58.48226,-33.95854],[-58.48978,-33.96083],[-58.49746,-33.96365],[-58.50512,-33.96749],[-58.50798,-33.96817],[-58.51212,-33.96837],[-58.52034,-33.96767],[-58.53041,-33.96727],[-58.53385,-33.96704],[-58.53848,-33.96608],[-58.54495,-33.96411],[-58.54897,-33.96258],[-58.5507,-33.96215],[-58.55429,-33.9619],[-58.55971,-33.96168],[-58.56272,-33.96135],[-58.56807,-33.96004],[-58.57147,-33.95903],[-58.57505,-33.95837],[-58.58131,-33.95852],[-58.58714,-33.95846],[-58.59348,-33.95784],[-58.60093,-33.95695],[-58.60689,-33.95613],[-58.60927,-33.95567],[-58.61515,-33.95352],[-58.61843,-33.95212],[-58.61905,-33.95198],[-58.61997,-33.95203],[-58.62146,-33.95251],[-58.62454,-33.95411],[-58.62665,-33.95511],[-58.62845,-33.9555],[-58.63091,-33.9553],[-58.63256,-33.95504],[-58.63369,-33.95512],[-58.63473,-33.9554],[-58.63921,-33.95864],[-58.64214,-33.96124],[-58.64614,-33.96511],[-58.64678,-33.9658],[-58.64933,-33.96809],[-58.65068,-33.97002],[-58.65224,-33.97224],[-58.65331,-33.97357],[-58.65381,-33.97461],[-58.65572,-33.97736],[-58.65759,-33.97972],[-58.65946,-33.98168],[-58.6605,-33.98233],[-58.66222,-33.9832],[-58.66544,-33.9843],[-58.66993,-33.9856],[-58.67139,-33.98618],[-58.67319,-33.98709],[-58.67594,-33.98878],[-58.67789,-33.98989],[-58.67893,-33.99023],[-58.68018,-33.99041],[-58.68184,-33.99052],[-58.68361,-33.9904],[-58.68609,-33.99003],[-58.68735,-33.98972],[-58.69034,-33.98878],[-58.69291,-33.98757],[-58.69394,-33.9868],[-58.6949,-33.986],[-58.69706,-33.98469],[-58.69911,-33.98338],[-58.70028,-33.98284],[-58.70169,-33.98246],[-58.70297,-33.9825],[-58.7053,-33.98281],[-58.70671,-33.98314],[-58.70799,-33.98403]]}},{"type":"Feature","properties":{"name":"Arroyo Cucharas","layer":"Rios y Arroyos"},"geometry":{"type":"LineString","coordinates":[[-58.61724,-34.03432],[-58.62011,-34.03372],[-58.62097,-34.03333],[-58.62289,-34.03234],[-58.62301,-34.03189],[-58.62287,-34.03118],[-58.62342,-34.03044],[-58.62449,-34.02926],[-58.62506,-34.02825],[-58.62682,-34.02731],[-58.62938,-34.02553],[-58.63334,-34.02322],[-58.63884,-34.02078],[-58.64544,-34.01794],[-58.64813,-34.01642]]}},{"type":"Feature","properties":{"name":"Arroyo Guaycará","layer":"Rios y Arroyos"},"geometry":{"type":"LineString","coordinates":[[-58.67798,-34.34292],[-58.67776,-34.34319],[-58.67751,-34.34366],[-58.67729,-34.3439],[-58.67714,-34.34399],[-58.67676,-34.34395],[-58.67646,-34.34398],[-58.6751,-34.34388],[-58.67435,-34.34384],[-58.67372,-34.34389],[-58.67308,-34.34398],[-58.67266,-34.34416],[-58.67217,-34.34443],[-58.67166,-34.34499],[-58.67117,-34.3455],[-58.67037,-34.34637],[-58.66971,-34.34699],[-58.66929,-34.34741],[-58.66913,-34.34771],[-58.66887,-34.34814],[-58.66868,-34.34842],[-58.66833,-34.34859],[-58.66781,-34.3487],[-58.66689,-34.34886],[-58.66603,-34.34894],[-58.66554,-34.34898],[-58.66521,-34.34905],[-58.6649,-34.34934],[-58.66465,-34.34977],[-58.66453,-34.35011],[-58.6645,-34.35068],[-58.66465,-34.35133],[-58.66493,-34.35218],[-58.66514,-34.35271],[-58.66543,-34.35347],[-58.66548,-34.35399],[-58.66548,-34.3549],[-58.66538,-34.3553],[-58.66529,-34.35569],[-58.66527,-34.35617],[-58.66532,-34.35649],[-58.66548,-34.357],[-58.66576,-34.35753],[-58.66614,-34.35809],[-58.66647,-34.35856],[-58.6669,-34.35927],[-58.66772,-34.36064],[-58.66815,-34.3612]]}},{"type":"Feature","properties":{"name":"Arroyo Platos","layer":"Rios y Arroyos"},"geometry":{"type":"LineString","coordinates":[[-58.62492,-34.02825],[-58.62437,-34.02741],[-58.62414,-34.0268],[-58.62399,-34.02571],[-58.62393,-34.02448],[-58.62373,-34.02369],[-58.62327,-34.02326],[-58.62268,-34.02299],[-58.6221,-34.02248],[-58.62012,-34.01999],[-58.61851,-34.01846],[-58.61816,-34.01794],[-58.61777,-34.01702],[-58.61754,-34.01638],[-58.61694,-34.01534],[-58.61711,-34.01475]]}},{"type":"Feature","properties":{"name":"Arroyo Merlo","layer":"Rios y Arroyos"},"geometry":{"type":"LineString","coordinates":[[-58.52213,-34.01418],[-58.52855,-34.0128],[-58.53286,-34.01148],[-58.5355,-34.01046],[-58.53792,-34.01029],[-58.54125,-34.00916],[-58.54575,-34.00694],[-58.55104,-34.00336],[-58.55563,-34.00097],[-58.56029,-33.9986],[-58.56215,-33.99739],[-58.56564,-33.99504],[-58.56763,-33.99408],[-58.56893,-33.99392],[-58.57207,-33.99377],[-58.57411,-33.99378],[-58.57683,-33.99386],[-58.57887,-33.99365],[-58.58282,-33.99307],[-58.58526,-33.99289],[-58.58696,-33.99309],[-58.59015,-33.99373],[-58.59369,-33.99407],[-58.59569,-33.99406],[-58.59818,-33.99364],[-58.59967,-33.99332],[-58.60079,-33.99351],[-58.60252,-33.99405],[-58.60432,-33.99511],[-58.6063,-33.99598],[-58.60951,-33.99727],[-58.61142,-33.99801],[-58.61269,-33.99829],[-58.6137,-33.99847],[-58.61476,-33.99896],[-58.61653,-33.99943],[-58.61876,-34.00016],[-58.62135,-34.00108],[-58.62268,-34.00176],[-58.62308,-34.00194],[-58.6236,-34.0022],[-58.62381,-34.00232],[-58.62694,-34.00329],[-58.62886,-34.00384],[-58.62918,-34.00387],[-58.62994,-34.00412],[-58.63042,-34.00419],[-58.63196,-34.00463],[-58.63313,-34.00507],[-58.63335,-34.00524],[-58.63356,-34.00552],[-58.63405,-34.00583],[-58.63467,-34.00614],[-58.63527,-34.00617],[-58.63633,-34.00606],[-58.63712,-34.0059],[-58.63936,-34.00517]]}},{"type":"Feature","properties":{"name":"Arroyo Ceibito","layer":"Rios y Arroyos"},"geometry":{"type":"LineString","coordinates":[[-58.47564,-33.99761],[-58.476,-33.99644],[-58.47562,-33.99272],[-58.47627,-33.99097],[-58.47756,-33.98715],[-58.47767,-33.98587],[-58.47745,-33.98419],[-58.47625,-33.98073],[-58.47536,-33.97866],[-58.4742,-33.97637],[-58.47412,-33.97578],[-58.47424,-33.97548],[-58.47468,-33.97533],[-58.47521,-33.9754],[-58.47593,-33.97569],[-58.47647,-33.97564],[-58.47702,-33.97548],[-58.47742,-33.97538],[-58.47807,-33.97535],[-58.47863,-33.97509],[-58.47925,-33.97467],[-58.47935,-33.97439],[-58.47943,-33.97395],[-58.47965,-33.97368],[-58.48026,-33.97345],[-58.48065,-33.97341],[-58.48075,-33.97329],[-58.48072,-33.97309],[-58.48058,-33.97277],[-58.48048,-33.97262],[-58.4806,-33.97242],[-58.48011,-33.9719],[-58.47949,-33.9715],[-58.47885,-33.97123],[-58.47876,-33.97105],[-58.47834,-33.97053],[-58.47783,-33.97043],[-58.47733,-33.97043],[-58.47698,-33.97035],[-58.47654,-33.97015],[-58.47629,-33.97015],[-58.47578,-33.97028],[-58.47521,-33.97032],[-58.47477,-33.97026],[-58.47435,-33.97014],[-58.47371,-33.96978],[-58.47346,-33.96939],[-58.47338,-33.96899],[-58.47349,-33.9686],[-58.47387,-33.96824],[-58.4747,-33.9678],[-58.47481,-33.96748],[-58.47472,-33.96672],[-58.47451,-33.96615],[-58.47448,-33.96553],[-58.47474,-33.96443],[-58.47499,-33.96361],[-58.47518,-33.96284],[-58.47582,-33.96198],[-58.4776,-33.96019],[-58.47817,-33.95969],[-58.47872,-33.9593],[-58.47899,-33.95917],[-58.47938,-33.9584]]}},{"type":"Feature","properties":{"name":"Arroyo Pelado","layer":"Rios y Arroyos"},"geometry":{"type":"LineString","coordinates":[[-58.48182,-33.99948],[-58.48194,-33.99918],[-58.48197,-33.99863],[-58.48295,-33.99653],[-58.48449,-33.99358],[-58.48591,-33.99088],[-58.48624,-33.98943],[-58.48615,-33.98731],[-58.48599,-33.98599],[-58.48588,-33.98417],[-58.48557,-33.98334],[-58.4852,-33.98304],[-58.48456,-33.98278],[-58.4838,-33.98195],[-58.48346,-33.98127],[-58.48328,-33.98063],[-58.48302,-33.98038],[-58.4825,-33.98033],[-58.48195,-33.98043],[-58.48152,-33.98037],[-58.48128,-33.98019],[-58.48123,-33.97996],[-58.48133,-33.9795],[-58.4817,-33.97883],[-58.48219,-33.97819],[-58.48278,-33.97766],[-58.48367,-33.97726],[-58.4841,-33.97716],[-58.48457,-33.97723],[-58.48513,-33.97748],[-58.48554,-33.97784],[-58.48571,-33.97785],[-58.4865,-33.97745],[-58.48703,-33.9771],[-58.48759,-33.97631],[-58.48802,-33.97604],[-58.48835,-33.97596],[-58.48929,-33.97588],[-58.49122,-33.97572],[-58.49229,-33.9755],[-58.49505,-33.97462],[-58.49721,-33.97414],[-58.49884,-33.97383],[-58.4998,-33.97353],[-58.50107,-33.9731]]}},{"type":"Feature","properties":{"name":"Arroyo Perdido","layer":"Rios y Arroyos"},"geometry":{"type":"LineString","coordinates":[[-58.42643,-33.98802],[-58.42672,-33.98825],[-58.42697,-33.98835],[-58.4273,-33.98831],[-58.42754,-33.98839],[-58.4278,-33.98867],[-58.42918,-33.9894],[-58.42992,-33.98953],[-58.43123,-33.9897],[-58.43293,-33.98992],[-58.43348,-33.98977],[-58.4341,-33.98934],[-58.43439,-33.98887],[-58.43496,-33.98755],[-58.43587,-33.98638],[-58.43715,-33.9852],[-58.43815,-33.98427],[-58.43955,-33.98287],[-58.44065,-33.9821],[-58.44147,-33.98148],[-58.44282,-33.98001],[-58.44401,-33.97889],[-58.44476,-33.97837],[-58.446,-33.97795],[-58.44732,-33.97764],[-58.44825,-33.97746],[-58.44926,-33.97709],[-58.45003,-33.97666],[-58.45067,-33.97593],[-58.45096,-33.97528],[-58.45121,-33.97475],[-58.45141,-33.9741],[-58.45169,-33.97386],[-58.45232,-33.97393],[-58.45317,-33.97379],[-58.45437,-33.97331],[-58.45566,-33.97265],[-58.4569,-33.97223],[-58.45798,-33.97158],[-58.45811,-33.97118],[-58.45812,-33.97063],[-58.45801,-33.97026],[-58.45803,-33.96942],[-58.45785,-33.96917],[-58.45746,-33.96838],[-58.45722,-33.96688],[-58.45688,-33.96604],[-58.45685,-33.96528],[-58.45746,-33.96447],[-58.45812,-33.96396],[-58.45871,-33.96365],[-58.45893,-33.96333],[-58.45891,-33.96299],[-58.45932,-33.96181],[-58.45934,-33.96091],[-58.45939,-33.96059],[-58.45957,-33.96025],[-58.46003,-33.95988],[-58.46139,-33.95926],[-58.46334,-33.95841],[-58.46567,-33.95728],[-58.46656,-33.9569],[-58.46718,-33.95676],[-58.46763,-33.95647],[-58.46805,-33.956],[-58.4682,-33.95567]]}},{"type":"Feature","properties":{"name":"Arroyo Lobos","layer":"Rios y Arroyos"},"geometry":{"type":"LineString","coordinates":[[-58.42045,-33.99163],[-58.42102,-33.99136],[-58.42155,-33.99138],[-58.42218,-33.99139],[-58.42256,-33.99134],[-58.42308,-33.99116],[-58.42354,-33.99124],[-58.4238,-33.99117],[-58.42397,-33.99101],[-58.42404,-33.99073],[-58.42429,-33.99027],[-58.42462,-33.99004],[-58.42498,-33.98976],[-58.42511,-33.98949],[-58.42521,-33.98916],[-58.42582,-33.98852],[-58.42618,-33.98808],[-58.42617,-33.98795],[-58.42604,-33.98786],[-58.42597,-33.98775],[-58.426,-33.98762],[-58.42616,-33.98752],[-58.42636,-33.98751],[-58.42656,-33.98744],[-58.42659,-33.9873],[-58.42651,-33.98714],[-58.42653,-33.98702],[-58.42666,-33.98692],[-58.42709,-33.98682],[-58.42718,-33.98668],[-58.42715,-33.98648],[-58.42731,-33.98623],[-58.42734,-33.98606],[-58.42724,-33.98595],[-58.42689,-33.98577],[-58.42688,-33.98562],[-58.42701,-33.98519],[-58.42733,-33.98443],[-58.42767,-33.98372],[-58.42768,-33.98349],[-58.42756,-33.98324],[-58.42732,-33.98314],[-58.42712,-33.983],[-58.4269,-33.98274],[-58.42655,-33.98262],[-58.42619,-33.98246],[-58.42605,-33.98236],[-58.42606,-33.98215],[-58.42608,-33.98179],[-58.42625,-33.98126],[-58.42638,-33.98078],[-58.42646,-33.9806],[-58.42649,-33.98027],[-58.42677,-33.97942],[-58.42691,-33.97879],[-58.42692,-33.9782],[-58.4269,-33.9771],[-58.42725,-33.97601],[-58.42785,-33.97489],[-58.42851,-33.97377],[-58.42892,-33.97281],[-58.42963,-33.9722],[-58.43036,-33.97195],[-58.43114,-33.97208],[-58.43209,-33.97249],[-58.43302,-33.97273],[-58.43448,-33.97258],[-58.43534,-33.97228],[-58.43624,-33.97148],[-58.4385,-33.96897],[-58.43966,-33.96836],[-58.44209,-33.96777],[-58.4428,-33.96753],[-58.44304,-33.96716],[-58.44352,-33.96619],[-58.44387,-33.96539],[-58.44411,-33.9649],[-58.44464,-33.96449],[-58.44495,-33.96416],[-58.44493,-33.96376],[-58.44505,-33.96348],[-58.44526,-33.96321],[-58.44541,-33.9628],[-58.44547,-33.96243],[-58.44528,-33.96205],[-58.44497,-33.96169],[-58.44449,-33.96123]]}},{"type":"Feature","properties":{"name":"Arroyo Desaguadero del Sauce","layer":"Rios y Arroyos"},"geometry":{"type":"LineString","coordinates":[[-58.43243,-33.95008],[-58.43147,-33.9511],[-58.43023,-33.95273],[-58.4292,-33.95455],[-58.42834,-33.9561],[-58.42737,-33.95815],[-58.42632,-33.96084],[-58.42539,-33.96461],[-58.42467,-33.9679],[-58.42373,-33.97095],[-58.42329,-33.97208],[-58.42269,-33.97489],[-58.422,-33.97741],[-58.42075,-33.97924],[-58.41912,-33.98134],[-58.41773,-33.98255],[-58.41685,-33.98322],[-58.41578,-33.9843]]}},{"type":"Feature","properties":{"name":"Arroyo Negro","layer":"Rios y Arroyos"},"geometry":{"type":"LineString","coordinates":[[-58.93077,-34.10464],[-58.93045,-34.10616],[-58.93013,-34.10725],[-58.92991,-34.10798],[-58.92979,-34.10846],[-58.9296,-34.10957],[-58.9294,-34.11042],[-58.92927,-34.11119],[-58.92914,-34.11142],[-58.92871,-34.11205],[-58.92851,-34.11241],[-58.92856,-34.11369],[-58.92865,-34.11475],[-58.92859,-34.11576],[-58.92861,-34.11691],[-58.92859,-34.11786],[-58.92853,-34.11825],[-58.92834,-34.11845],[-58.92829,-34.11869],[-58.92838,-34.11893],[-58.92824,-34.11982],[-58.92722,-34.12276],[-58.92676,-34.12377],[-58.92637,-34.12456],[-58.92546,-34.12638],[-58.9239,-34.12868],[-58.9222,-34.13074],[-58.92079,-34.13206],[-58.91951,-34.13323],[-58.91868,-34.13426],[-58.91748,-34.13559],[-58.91654,-34.13699],[-58.91512,-34.13907],[-58.91403,-34.14048],[-58.91262,-34.14196],[-58.91153,-34.14294],[-58.91058,-34.14358],[-58.90943,-34.14419],[-58.90848,-34.14442],[-58.90775,-34.14471],[-58.90755,-34.1449],[-58.90744,-34.1452],[-58.90721,-34.14553],[-58.9072,-34.14581],[-58.90712,-34.14598],[-58.90653,-34.14669],[-58.90631,-34.14743],[-58.90635,-34.14816],[-58.90666,-34.14956],[-58.90707,-34.15041],[-58.90765,-34.15139],[-58.90826,-34.15251],[-58.90859,-34.15324],[-58.90896,-34.1536],[-58.90982,-34.15387],[-58.91013,-34.15414],[-58.9101,-34.15461],[-58.90976,-34.15525],[-58.90942,-34.15596],[-58.90894,-34.15678],[-58.90775,-34.15851],[-58.90605,-34.1606],[-58.90427,-34.16225],[-58.90183,-34.16417],[-58.90066,-34.16486],[-58.89846,-34.16566],[-58.89663,-34.16597],[-58.89559,-34.16638],[-58.8944,-34.16729],[-58.89391,-34.16762],[-58.89376,-34.16845],[-58.89418,-34.17008],[-58.89503,-34.17129],[-58.89576,-34.17218],[-58.89612,-34.17267],[-58.89627,-34.17366],[-58.89621,-34.17407],[-58.8959,-34.17469],[-58.89555,-34.17559],[-58.89536,-34.17638],[-58.89512,-34.17659],[-58.89416,-34.17708],[-58.89358,-34.17761],[-58.89263,-34.17887],[-58.89173,-34.17957],[-58.89122,-34.17981],[-58.8898,-34.17992]]}},{"type":"Feature","properties":{"name":"Brazo del Ceibal","layer":"Rios y Arroyos"},"geometry":{"type":"LineString","coordinates":[[-58.63106,-34.04333],[-58.63193,-34.04397],[-58.63266,-34.04436],[-58.63312,-34.04468],[-58.6335,-34.04504],[-58.63417,-34.04585],[-58.63491,-34.0469],[-58.63535,-34.04772],[-58.63558,-34.04863],[-58.6356,-34.0498],[-58.63541,-34.05039],[-58.63525,-34.0524],[-58.63516,-34.05435],[-58.63537,-34.05588],[-58.63593,-34.05719],[-58.63679,-34.0584],[-58.63751,-34.05933],[-58.63786,-34.06066],[-58.63849,-34.06196],[-58.64072,-34.06305],[-58.64605,-34.06732],[-58.64854,-34.06904],[-58.64896,-34.07036],[-58.65007,-34.07131],[-58.65038,-34.07176],[-58.65152,-34.07196],[-58.65212,-34.07235],[-58.65298,-34.07541],[-58.65342,-34.07651],[-58.65329,-34.07788],[-58.65357,-34.07868],[-58.65399,-34.07904]]}},{"type":"Feature","properties":{"name":"Arroyo Ricardito","layer":"Rios y Arroyos"},"geometry":{"type":"LineString","coordinates":[[-58.90746,-34.145],[-58.90687,-34.14493],[-58.90575,-34.14491],[-58.90471,-34.14502],[-58.9029,-34.14509],[-58.90046,-34.14523],[-58.89543,-34.14533],[-58.89048,-34.14526],[-58.88742,-34.14513],[-58.8865,-34.14534],[-58.88464,-34.14647],[-58.88034,-34.14912],[-58.87885,-34.15002],[-58.8778,-34.15046],[-58.87693,-34.15057],[-58.87548,-34.15045],[-58.87253,-34.14988],[-58.87054,-34.14981],[-58.86833,-34.15004],[-58.86637,-34.15041],[-58.86538,-34.15086],[-58.86424,-34.15224],[-58.86316,-34.15326],[-58.86222,-34.15354],[-58.86051,-34.15353],[-58.85906,-34.15357],[-58.85785,-34.15405]]}},{"type":"Feature","properties":{"name":"Arroyo Pacífico","layer":"Rios y Arroyos"},"geometry":{"type":"LineString","coordinates":[[-58.56038,-34.33303],[-58.56044,-34.33204],[-58.56086,-34.33118],[-58.56152,-34.33025],[-58.56258,-34.32809],[-58.56309,-34.32639],[-58.56349,-34.32599],[-58.56406,-34.32566],[-58.56418,-34.32536],[-58.56391,-34.32444],[-58.56386,-34.32348],[-58.56401,-34.32249],[-58.56434,-34.32152],[-58.56537,-34.31946],[-58.56558,-34.31859],[-58.56549,-34.31752]]}},{"type":"Feature","properties":{"name":"Arroyo Naranjito","layer":"Rios y Arroyos"},"geometry":{"type":"LineString","coordinates":[[-58.8952,-34.16652],[-58.89338,-34.16657],[-58.89192,-34.16643],[-58.89049,-34.16622],[-58.8897,-34.16618],[-58.88878,-34.16634],[-58.88799,-34.16635],[-58.88703,-34.16697],[-58.88609,-34.16783],[-58.88554,-34.16835],[-58.885,-34.16896],[-58.88463,-34.16947],[-58.88457,-34.17033],[-58.88427,-34.17228],[-58.8841,-34.17305],[-58.88428,-34.17364],[-58.88479,-34.17443],[-58.88475,-34.175],[-58.88475,-34.17595],[-58.88478,-34.17679],[-58.88452,-34.17732],[-58.88426,-34.1777],[-58.88393,-34.17799]]}},{"type":"Feature","properties":{"name":"Arroyo de Ceibal","layer":"Rios y Arroyos"},"geometry":{"type":"LineString","coordinates":[[-58.64256,-34.16578],[-58.64246,-34.16491],[-58.64185,-34.16382],[-58.64165,-34.16324],[-58.64192,-34.16066],[-58.64182,-34.15795],[-58.64201,-34.15726],[-58.64288,-34.15562],[-58.64313,-34.15482],[-58.64308,-34.15418],[-58.6427,-34.15369],[-58.64223,-34.15318],[-58.64206,-34.15251],[-58.64213,-34.15161],[-58.6426,-34.15066],[-58.64433,-34.14839],[-58.64605,-34.14632],[-58.64672,-34.1451],[-58.64843,-34.14312],[-58.64967,-34.14118],[-58.65086,-34.13948],[-58.65083,-34.13872],[-58.65064,-34.13732],[-58.65055,-34.13678],[-58.64997,-34.13516],[-58.64965,-34.13445],[-58.64934,-34.13389],[-58.64931,-34.13343],[-58.64955,-34.13179],[-58.65009,-34.12956],[-58.65085,-34.12768],[-58.6512,-34.1265],[-58.65107,-34.12424],[-58.65116,-34.12316],[-58.65171,-34.12239],[-58.65194,-34.12175],[-58.65257,-34.11961],[-58.6531,-34.11849],[-58.65338,-34.11781],[-58.65404,-34.11731],[-58.65662,-34.11593],[-58.65751,-34.1153],[-58.65785,-34.11442],[-58.65827,-34.11293],[-58.65868,-34.11228],[-58.65885,-34.1118],[-58.65902,-34.11032],[-58.65859,-34.10895],[-58.65746,-34.10762],[-58.65735,-34.10697],[-58.65883,-34.10498],[-58.65946,-34.10394],[-58.65948,-34.10231],[-58.6595,-34.10023],[-58.6591,-34.09975],[-58.65814,-34.09941],[-58.65756,-34.09892],[-58.65748,-34.09827],[-58.65767,-34.0976],[-58.65912,-34.0966],[-58.65947,-34.09606],[-58.65952,-34.09502],[-58.65901,-34.09381],[-58.65805,-34.09234],[-58.65766,-34.09148],[-58.65751,-34.08976],[-58.6572,-34.08904],[-58.6563,-34.0883],[-58.65397,-34.08616],[-58.65283,-34.08515],[-58.65173,-34.08423],[-58.65158,-34.0838],[-58.65203,-34.0825],[-58.65345,-34.08038],[-58.65436,-34.07925],[-58.65532,-34.07841],[-58.66061,-34.07416],[-58.66416,-34.07137]]}},{"type":"Feature","properties":{"name":"Arroyo La Casilla","layer":"Rios y Arroyos"},"geometry":{"type":"LineString","coordinates":[[-58.65058,-34.13729],[-58.65011,-34.13673],[-58.64964,-34.13627],[-58.64876,-34.13553],[-58.64779,-34.13506],[-58.64685,-34.13455],[-58.64616,-34.13387],[-58.64538,-34.13225],[-58.64449,-34.13035],[-58.64365,-34.12913],[-58.64237,-34.12768],[-58.64216,-34.1273],[-58.64239,-34.12484],[-58.6426,-34.12372],[-58.6424,-34.12315],[-58.64181,-34.12165],[-58.64107,-34.12056],[-58.63999,-34.11953],[-58.63855,-34.11858],[-58.63628,-34.11757],[-58.63471,-34.11653],[-58.63319,-34.11533],[-58.63233,-34.11401],[-58.63182,-34.11268],[-58.63141,-34.11157],[-58.63036,-34.10967],[-58.62901,-34.107],[-58.62852,-34.10591],[-58.62825,-34.10456],[-58.62835,-34.10278],[-58.62867,-34.10028],[-58.62868,-34.09872],[-58.62823,-34.09593],[-58.62795,-34.09387],[-58.6281,-34.09205],[-58.62837,-34.09124],[-58.62827,-34.09093],[-58.62841,-34.08973],[-58.62823,-34.08802],[-58.62772,-34.08592],[-58.62759,-34.08535],[-58.62775,-34.08491],[-58.62777,-34.08347],[-58.62805,-34.08263],[-58.62855,-34.08134],[-58.62882,-34.08004],[-58.62878,-34.07923],[-58.62844,-34.07841],[-58.62381,-34.07419]]}},{"type":"Feature","properties":{"name":"Arroyo Mendez Grande","layer":"Rios y Arroyos"},"geometry":{"type":"LineString","coordinates":[[-58.57204,-34.10829],[-58.57029,-34.10689],[-58.5689,-34.10561],[-58.5676,-34.10481],[-58.56577,-34.10414],[-58.5631,-34.10328],[-58.5612,-34.10288],[-58.55872,-34.10261],[-58.5572,-34.10233],[-58.55608,-34.10194],[-58.55396,-34.10135],[-58.55324,-34.10101],[-58.5504,-34.10035],[-58.54732,-34.10055],[-58.54528,-34.10074],[-58.5438,-34.10116],[-58.54215,-34.10196],[-58.54082,-34.10287],[-58.53955,-34.10346],[-58.53809,-34.10386],[-58.53689,-34.10424],[-58.53589,-34.10482],[-58.53477,-34.1059],[-58.53364,-34.10706],[-58.53268,-34.10822],[-58.53182,-34.10992],[-58.53094,-34.11159],[-58.53026,-34.11257],[-58.52901,-34.11409],[-58.52758,-34.1159],[-58.52726,-34.11669],[-58.52716,-34.11783],[-58.52751,-34.11878],[-58.52844,-34.12039],[-58.53005,-34.1225],[-58.53081,-34.12356],[-58.53097,-34.12421],[-58.53119,-34.12472],[-58.53113,-34.12517],[-58.53048,-34.12568],[-58.5293,-34.12616],[-58.52823,-34.12659],[-58.52716,-34.1273],[-58.52627,-34.1279],[-58.52574,-34.12841],[-58.52521,-34.1293],[-58.52484,-34.12997],[-58.52425,-34.13058],[-58.52323,-34.13161],[-58.52309,-34.13203],[-58.52323,-34.13266],[-58.5234,-34.13341],[-58.52325,-34.13464],[-58.52298,-34.13592],[-58.52253,-34.1369],[-58.52125,-34.13865],[-58.52072,-34.13932],[-58.52069,-34.13952],[-58.52028,-34.14023],[-58.51941,-34.14109],[-58.51837,-34.14185],[-58.51771,-34.14238],[-58.51727,-34.14314],[-58.5171,-34.14404],[-58.51713,-34.14487],[-58.5175,-34.14569],[-58.51826,-34.14633],[-58.52084,-34.1479],[-58.52302,-34.1493],[-58.5238,-34.15014],[-58.52397,-34.15043]]}},{"type":"Feature","properties":{"name":"Arroyo Correntino","layer":"Rios y Arroyos"},"geometry":{"type":"LineString","coordinates":[[-58.56669,-34.05648],[-58.56307,-34.06209],[-58.56151,-34.06447],[-58.56089,-34.06553],[-58.55991,-34.06765],[-58.55809,-34.07147],[-58.55647,-34.07483],[-58.55497,-34.07788],[-58.5548,-34.07876],[-58.55441,-34.08103],[-58.55416,-34.08499],[-58.55409,-34.08686],[-58.55436,-34.09031],[-58.55372,-34.09227],[-58.55275,-34.09413],[-58.55244,-34.09545],[-58.55245,-34.09644],[-58.55239,-34.09705],[-58.55193,-34.09863],[-58.55026,-34.10023]]}},{"type":"Feature","properties":{"name":"Boca Falsa","layer":"Rios y Arroyos"},"geometry":{"type":"LineString","coordinates":[[-58.40033,-34.1829],[-58.39657,-34.18324],[-58.39368,-34.18352],[-58.39011,-34.18318],[-58.38701,-34.18326],[-58.38366,-34.18436],[-58.38045,-34.18614],[-58.37642,-34.18873],[-58.3733,-34.19142],[-58.36841,-34.19535],[-58.36454,-34.1974],[-58.36232,-34.19932],[-58.36095,-34.20161],[-58.36027,-34.20365],[-58.35952,-34.20703]]}},{"type":"Feature","properties":{"name":"Arroyo Espadaña","layer":"Rios y Arroyos"},"geometry":{"type":"LineString","coordinates":[[-58.49588,-34.10515],[-58.49704,-34.10392],[-58.49862,-34.10203],[-58.49983,-34.10044],[-58.50176,-34.09837],[-58.50306,-34.09722],[-58.50443,-34.09646],[-58.50632,-34.09571],[-58.50809,-34.09541],[-58.5105,-34.09519],[-58.51274,-34.09484],[-58.51379,-34.09415]]}},{"type":"Feature","properties":{"name":"Arroyo Carpincho","layer":"Rios y Arroyos"},"geometry":{"type":"LineString","coordinates":[[-58.41179,-34.13708],[-58.41242,-34.13724],[-58.41275,-34.13756],[-58.41311,-34.13836],[-58.41331,-34.13939],[-58.41367,-34.14014],[-58.41454,-34.14152],[-58.41514,-34.14266],[-58.41543,-34.14365],[-58.41542,-34.14463],[-58.41542,-34.14597],[-58.41564,-34.14741],[-58.41589,-34.14837],[-58.41651,-34.14992],[-58.41739,-34.15149],[-58.41753,-34.15198],[-58.41754,-34.15275],[-58.41709,-34.1541],[-58.4162,-34.15603],[-58.41569,-34.15657],[-58.41492,-34.15711],[-58.41403,-34.15771],[-58.41292,-34.15868],[-58.41228,-34.15919],[-58.41135,-34.15982],[-58.41056,-34.1605],[-58.41008,-34.16134],[-58.4097,-34.1621]]}},{"type":"Feature","properties":{"name":"Arroyo Las Cañas","layer":"Rios y Arroyos"},"geometry":{"type":"LineString","coordinates":[[-58.40776,-34.18028],[-58.40791,-34.17995],[-58.40808,-34.17981],[-58.40808,-34.1794],[-58.40793,-34.17868],[-58.40782,-34.1781],[-58.40785,-34.17761],[-58.40802,-34.17699],[-58.40837,-34.17648],[-58.40845,-34.17603],[-58.40858,-34.17512],[-58.40873,-34.17445],[-58.40879,-34.17379],[-58.40873,-34.17315],[-58.40856,-34.17276],[-58.40833,-34.17268],[-58.40794,-34.17281],[-58.40773,-34.17286],[-58.40753,-34.1728],[-58.40734,-34.17262],[-58.40726,-34.17246],[-58.40721,-34.17206],[-58.40773,-34.17128],[-58.40821,-34.17073],[-58.4085,-34.17043],[-58.40896,-34.17019],[-58.40958,-34.17007],[-58.41032,-34.17002],[-58.41078,-34.16996],[-58.41101,-34.16981],[-58.41126,-34.16943],[-58.4115,-34.16915],[-58.41176,-34.16912],[-58.41201,-34.16924],[-58.41235,-34.16921],[-58.41259,-34.16905],[-58.4129,-34.16897],[-58.41327,-34.16911],[-58.41364,-34.16922],[-58.41411,-34.16918],[-58.41452,-34.16916],[-58.4148,-34.16917],[-58.41523,-34.16947]]}},{"type":"Feature","properties":{"name":"Arroyo Arroyon","layer":"Rios y Arroyos"},"geometry":{"type":"LineString","coordinates":[[-58.38823,-34.15499],[-58.38867,-34.15516],[-58.38896,-34.15552],[-58.38908,-34.15604],[-58.38884,-34.15672],[-58.38847,-34.15731],[-58.3884,-34.15782],[-58.38844,-34.15861],[-58.38842,-34.1595],[-58.38854,-34.16124],[-58.38855,-34.16257],[-58.38843,-34.16398],[-58.38838,-34.16505],[-58.38845,-34.16588],[-58.38851,-34.16725]]}},{"type":"Feature","properties":{"name":"Arroyo 9 de julio","layer":"Rios y Arroyos"},"geometry":{"type":"LineString","coordinates":[[-58.551,-34.302],[-58.55224,-34.30271],[-58.55293,-34.30341],[-58.55496,-34.30465],[-58.55533,-34.30503],[-58.55524,-34.30552],[-58.55485,-34.30608],[-58.55493,-34.30661],[-58.55506,-34.30753],[-58.5546,-34.3089],[-58.5544,-34.31],[-58.55406,-34.31232],[-58.55359,-34.31518],[-58.55313,-34.31795],[-58.55204,-34.32125],[-58.55218,-34.32154],[-58.55255,-34.32191],[-58.55272,-34.32217],[-58.55262,-34.32243],[-58.55222,-34.32261],[-58.55217,-34.32282],[-58.55233,-34.32317],[-58.55229,-34.32398],[-58.55193,-34.32501],[-58.5514,-34.32634],[-58.55122,-34.32724],[-58.55129,-34.32802],[-58.55141,-34.32891],[-58.55108,-34.32914],[-58.55072,-34.3295],[-58.55029,-34.33009],[-58.55,-34.33038],[-58.54956,-34.33075]]}},{"type":"Feature","properties":{"name":"Arroyo Dominguito","layer":"Rios y Arroyos"},"geometry":{"type":"LineString","coordinates":[[-58.42301,-34.12761],[-58.42336,-34.12765],[-58.42378,-34.12786],[-58.42431,-34.12823],[-58.42455,-34.12864],[-58.42455,-34.12919],[-58.42441,-34.13007],[-58.42418,-34.13192],[-58.42365,-34.13358],[-58.4232,-34.13497],[-58.42291,-34.13626],[-58.42259,-34.1383],[-58.42252,-34.13945],[-58.42256,-34.14091],[-58.42262,-34.14338],[-58.42261,-34.14442],[-58.42272,-34.14484],[-58.42267,-34.14636],[-58.42236,-34.14673],[-58.42237,-34.14695],[-58.42286,-34.14779]]}},{"type":"Feature","properties":{"name":"Arroyo Tuyuparé","layer":"Rios y Arroyos"},"geometry":{"type":"LineString","coordinates":[[-58.51886,-34.09946],[-58.51816,-34.10204],[-58.51746,-34.104],[-58.51668,-34.10589],[-58.51624,-34.10659],[-58.51572,-34.10788],[-58.51505,-34.10918],[-58.51393,-34.11089],[-58.51331,-34.11204],[-58.51312,-34.11253],[-58.51299,-34.11322],[-58.51308,-34.11398],[-58.51347,-34.11521],[-58.51385,-34.11653],[-58.51455,-34.11833],[-58.51475,-34.11931],[-58.51487,-34.12069],[-58.51472,-34.12159],[-58.51407,-34.12357],[-58.51314,-34.1253],[-58.51264,-34.12632],[-58.51237,-34.12657],[-58.51185,-34.12748],[-58.51157,-34.12811],[-58.51097,-34.12985],[-58.51046,-34.13153],[-58.51031,-34.13235],[-58.51025,-34.13316],[-58.50998,-34.13365],[-58.50921,-34.13417],[-58.50851,-34.13436],[-58.50775,-34.13434],[-58.50696,-34.13433],[-58.50643,-34.13435],[-58.50604,-34.13456],[-58.50594,-34.13493],[-58.50606,-34.13535],[-58.50633,-34.13614],[-58.50627,-34.13718],[-58.5057,-34.13829],[-58.50489,-34.1397],[-58.50345,-34.14114],[-58.502,-34.14265],[-58.50094,-34.14351],[-58.4999,-34.14396],[-58.49888,-34.14401],[-58.49873,-34.14428],[-58.49873,-34.14469],[-58.4989,-34.14551],[-58.49895,-34.14656],[-58.49889,-34.14715],[-58.49856,-34.14741],[-58.49784,-34.14752],[-58.49667,-34.14747],[-58.49541,-34.1475],[-58.49468,-34.14759],[-58.4943,-34.14789],[-58.49402,-34.14881],[-58.49406,-34.14947],[-58.49429,-34.15046],[-58.4943,-34.15118],[-58.49429,-34.15223],[-58.49437,-34.1531],[-58.49462,-34.15395],[-58.49457,-34.15439],[-58.49408,-34.15504],[-58.49329,-34.15596],[-58.49315,-34.15651],[-58.49299,-34.15768],[-58.49286,-34.15839],[-58.49233,-34.15885],[-58.49093,-34.15976],[-58.48997,-34.1604],[-58.48962,-34.1608],[-58.48986,-34.16128],[-58.4901,-34.16186],[-58.49006,-34.1629],[-58.48923,-34.16485],[-58.48738,-34.16775],[-58.48688,-34.16886],[-58.48629,-34.17058],[-58.48563,-34.17342],[-58.48549,-34.17703],[-58.48566,-34.18184],[-58.4851,-34.1857],[-58.48391,-34.18934],[-58.48316,-34.19219],[-58.4824,-34.1941]]}},{"type":"Feature","properties":{"name":"Arroyo Romero","layer":"Rios y Arroyos"},"geometry":{"type":"LineString","coordinates":[[-58.40973,-34.13866],[-58.41014,-34.13882],[-58.4102,-34.1389],[-58.41021,-34.13899],[-58.41031,-34.13907],[-58.41031,-34.13918],[-58.41012,-34.13929],[-58.41007,-34.13941],[-58.41,-34.1395],[-58.40987,-34.13958],[-58.40978,-34.13972],[-58.40969,-34.13991],[-58.40959,-34.14024],[-58.4095,-34.14057],[-58.40958,-34.14066],[-58.4097,-34.14087],[-58.40976,-34.14107],[-58.4098,-34.14125],[-58.40987,-34.14138],[-58.41,-34.14152],[-58.4101,-34.14159],[-58.41026,-34.14187],[-58.41036,-34.14218],[-58.41046,-34.1425],[-58.41069,-34.14286]]}},{"type":"Feature","properties":{"name":"Rio Barca Grande","layer":"Rios y Arroyos"},"geometry":{"type":"LineString","coordinates":[[-58.59374,-34.03827],[-58.59119,-34.03934],[-58.58837,-34.04271],[-58.5853,-34.04541],[-58.57708,-34.0506],[-58.56925,-34.05341],[-58.5543,-34.05693],[-58.5408,-34.06096],[-58.53567,-34.06386],[-58.52963,-34.06959],[-58.52538,-34.07364],[-58.51676,-34.07866],[-58.50724,-34.08211],[-58.49523,-34.08623],[-58.48456,-34.09007],[-58.47696,-34.09483],[-58.47227,-34.09934],[-58.46624,-34.10518],[-58.46041,-34.10863],[-58.4565,-34.11201],[-58.45128,-34.1163],[-58.44813,-34.118],[-58.44291,-34.11875],[-58.43754,-34.11889],[-58.4338,-34.11953],[-58.42945,-34.12125],[-58.42357,-34.12527],[-58.41586,-34.13224],[-58.40823,-34.13784],[-58.39961,-34.14323],[-58.39393,-34.14827],[-58.38879,-34.15306],[-58.38476,-34.15548],[-58.37956,-34.15883],[-58.37341,-34.16457]]}},{"type":"Feature","properties":{"name":"Arroyo Manzano de la Barca","layer":"Rios y Arroyos"},"geometry":{"type":"LineString","coordinates":[[-58.54313,-34.05816],[-58.54707,-34.05319],[-58.54777,-34.05188],[-58.54812,-34.0512],[-58.54879,-34.05045],[-58.54898,-34.04997],[-58.54872,-34.04939],[-58.54413,-34.04304],[-58.54364,-34.04277],[-58.54286,-34.04241],[-58.54216,-34.04177],[-58.54108,-34.04082],[-58.53966,-34.03946],[-58.53858,-34.03841],[-58.53754,-34.03746]]}},{"type":"Feature","properties":{"name":"Arroyo Laguna del Guazú","layer":"Rios y Arroyos"},"geometry":{"type":"LineString","coordinates":[[-58.51866,-34.02042],[-58.51843,-34.02112],[-58.51844,-34.02157],[-58.51881,-34.02267],[-58.51947,-34.02346],[-58.52317,-34.02638],[-58.52648,-34.02925],[-58.52803,-34.03079],[-58.52898,-34.03171],[-58.53045,-34.03259],[-58.53163,-34.03326],[-58.53223,-34.03386],[-58.53344,-34.03483],[-58.53449,-34.03553],[-58.53598,-34.03638],[-58.53681,-34.03694],[-58.53747,-34.03741]]}},{"type":"Feature","properties":{"name":"Arroyo Naranjito del Guazú","layer":"Rios y Arroyos"},"geometry":{"type":"LineString","coordinates":[[-58.51826,-34.02146],[-58.5175,-34.02193],[-58.51663,-34.02239],[-58.5155,-34.02271],[-58.51458,-34.02289],[-58.51255,-34.02262],[-58.51084,-34.02231],[-58.50954,-34.02212],[-58.5085,-34.02195],[-58.50754,-34.02164],[-58.50642,-34.02126],[-58.50503,-34.02098],[-58.50404,-34.02104],[-58.50231,-34.02142],[-58.50054,-34.02164],[-58.49831,-34.02176],[-58.49707,-34.02184],[-58.49583,-34.02246],[-58.49405,-34.02328],[-58.49272,-34.02381],[-58.49196,-34.02429],[-58.49156,-34.02476],[-58.49115,-34.02609],[-58.49075,-34.02744],[-58.49032,-34.02838],[-58.48988,-34.02906],[-58.48911,-34.02972],[-58.48832,-34.03013],[-58.48699,-34.03056],[-58.48541,-34.03103],[-58.48388,-34.03147],[-58.48298,-34.03183]]}},{"type":"Feature","properties":{"name":"Arroyo Naranjo","layer":"Rios y Arroyos"},"geometry":{"type":"LineString","coordinates":[[-58.48985,-34.01035],[-58.48906,-34.01203],[-58.48763,-34.01391],[-58.48512,-34.01768],[-58.48338,-34.01985],[-58.48257,-34.02145],[-58.48225,-34.02316],[-58.48232,-34.02652],[-58.48274,-34.03175],[-58.48248,-34.03307],[-58.4811,-34.0376],[-58.48039,-34.04063],[-58.47912,-34.04242],[-58.4765,-34.04525],[-58.47463,-34.0468],[-58.47243,-34.04842],[-58.47178,-34.04918],[-58.47154,-34.0502],[-58.47161,-34.05216],[-58.47194,-34.05496]]}},{"type":"Feature","properties":{"name":"Arroyo Laguna de la Barca","layer":"Rios y Arroyos"},"geometry":{"type":"LineString","coordinates":[[-58.4818,-34.08923],[-58.47986,-34.08554],[-58.47921,-34.08382],[-58.4787,-34.082],[-58.47766,-34.0802],[-58.47635,-34.07821],[-58.47551,-34.07742],[-58.47416,-34.077],[-58.47283,-34.07673],[-58.47192,-34.07627],[-58.47127,-34.07561],[-58.47125,-34.07493],[-58.47196,-34.07414],[-58.47324,-34.0732],[-58.47418,-34.07127],[-58.47563,-34.06782],[-58.4759,-34.06656],[-58.47556,-34.06564],[-58.47443,-34.06276],[-58.47345,-34.05981],[-58.472,-34.05535]]}},{"type":"Feature","properties":{"name":"Arroyo El Negro","layer":"Rios y Arroyos"},"geometry":{"type":"LineString","coordinates":[[-58.50797,-34.03208],[-58.50915,-34.03339],[-58.50959,-34.03389],[-58.50994,-34.03423],[-58.51064,-34.03517],[-58.51147,-34.03619],[-58.51251,-34.03755],[-58.51302,-34.03827],[-58.51321,-34.03889],[-58.5134,-34.03967],[-58.51334,-34.04039],[-58.51329,-34.04105],[-58.51342,-34.04149],[-58.51371,-34.04239],[-58.51394,-34.04315],[-58.51396,-34.04358],[-58.51336,-34.04419],[-58.51276,-34.04527],[-58.51197,-34.0462],[-58.51142,-34.04653],[-58.51084,-34.04663],[-58.51018,-34.04661],[-58.50928,-34.04653],[-58.50783,-34.04649],[-58.50608,-34.04641],[-58.50448,-34.04638],[-58.50247,-34.04653],[-58.50143,-34.04677],[-58.50061,-34.04687],[-58.49848,-34.04727],[-58.49718,-34.04742],[-58.49586,-34.04773],[-58.49484,-34.04801],[-58.49354,-34.0485],[-58.49245,-34.04916],[-58.49179,-34.04962],[-58.49095,-34.05001],[-58.49036,-34.05025],[-58.48969,-34.05017],[-58.48901,-34.0499],[-58.4882,-34.04958],[-58.4874,-34.04935],[-58.48712,-34.04936],[-58.48687,-34.04972],[-58.48667,-34.05022],[-58.48645,-34.05034],[-58.48629,-34.05059],[-58.48641,-34.05094],[-58.48652,-34.05155],[-58.48635,-34.05174],[-58.48603,-34.05183],[-58.48585,-34.05174],[-58.48533,-34.05057],[-58.48509,-34.05038],[-58.4847,-34.05027],[-58.48378,-34.05016],[-58.4831,-34.05018],[-58.48252,-34.0502],[-58.4821,-34.05005],[-58.48187,-34.04979],[-58.48171,-34.04955],[-58.48151,-34.04946],[-58.48134,-34.04947],[-58.48113,-34.04998],[-58.48084,-34.05075],[-58.4806,-34.05119],[-58.4806,-34.05181],[-58.4805,-34.05213],[-58.48022,-34.05225],[-58.47988,-34.05228],[-58.47967,-34.05253],[-58.47942,-34.05292],[-58.47932,-34.05328],[-58.47947,-34.05376],[-58.47974,-34.05425],[-58.47978,-34.05448],[-58.47968,-34.0547],[-58.47942,-34.05477],[-58.47886,-34.05468],[-58.47852,-34.05467],[-58.47825,-34.05482],[-58.47791,-34.05531],[-58.47767,-34.05582],[-58.47736,-34.05606],[-58.47667,-34.05622],[-58.4763,-34.05634],[-58.47562,-34.05657],[-58.4752,-34.05656],[-58.47465,-34.05635],[-58.47369,-34.05591],[-58.47299,-34.05553],[-58.47256,-34.05522],[-58.47223,-34.05513]]}},{"type":"Feature","properties":{"name":"Arroyo Sabalos","layer":"Rios y Arroyos"},"geometry":{"type":"LineString","coordinates":[[-58.54955,-34.33077],[-58.54932,-34.33157],[-58.54933,-34.33217],[-58.54919,-34.33291],[-58.54899,-34.33408],[-58.54793,-34.33544],[-58.54671,-34.33666],[-58.54642,-34.33717],[-58.54627,-34.33784],[-58.5463,-34.33829],[-58.54638,-34.3386],[-58.54643,-34.3392],[-58.54611,-34.34044],[-58.54578,-34.34171],[-58.54548,-34.34325],[-58.54528,-34.34398],[-58.54525,-34.34452],[-58.54527,-34.34526],[-58.54539,-34.34717],[-58.54524,-34.34877],[-58.54524,-34.34983],[-58.54515,-34.35191],[-58.54484,-34.3532],[-58.54417,-34.35517],[-58.54369,-34.35679],[-58.54271,-34.35838],[-58.54253,-34.35899],[-58.54249,-34.35974],[-58.54181,-34.36084],[-58.54154,-34.36149],[-58.54162,-34.36194],[-58.54219,-34.36297]]}},{"type":"Feature","properties":{"name":"Arroyo Borrches","layer":"Rios y Arroyos"},"geometry":{"type":"LineString","coordinates":[[-58.44076,-34.08492],[-58.44253,-34.08349],[-58.44361,-34.08259],[-58.44416,-34.08149],[-58.44435,-34.08019],[-58.444,-34.07914],[-58.44321,-34.07767],[-58.44301,-34.07679],[-58.44308,-34.0756],[-58.442,-34.07361],[-58.44066,-34.071],[-58.43946,-34.06758],[-58.43932,-34.06641],[-58.43836,-34.06335],[-58.43803,-34.06185],[-58.43803,-34.06121],[-58.4383,-34.06056],[-58.439,-34.05987],[-58.4393,-34.05917],[-58.43926,-34.05846],[-58.43934,-34.05795],[-58.43974,-34.05732],[-58.44012,-34.05701],[-58.4404,-34.05578],[-58.44057,-34.05506],[-58.44095,-34.05447],[-58.44181,-34.05354],[-58.44285,-34.05245],[-58.44333,-34.05129],[-58.44407,-34.04857],[-58.4441,-34.04817]]}},{"type":"Feature","properties":{"name":"Arroyo Camacho","layer":"Rios y Arroyos"},"geometry":{"type":"LineString","coordinates":[[-58.46998,-34.00435],[-58.46998,-34.00583],[-58.46993,-34.0066],[-58.46962,-34.00728],[-58.46885,-34.00812],[-58.46703,-34.01007],[-58.46592,-34.01123],[-58.4655,-34.01209],[-58.465,-34.01374],[-58.46397,-34.01697],[-58.46357,-34.01782],[-58.46288,-34.01839],[-58.46183,-34.01872],[-58.45834,-34.01969],[-58.45768,-34.0198],[-58.45321,-34.01964],[-58.45223,-34.01971],[-58.45092,-34.02003],[-58.44995,-34.02089],[-58.44966,-34.02178],[-58.44984,-34.02268],[-58.44998,-34.02378],[-58.45026,-34.02488],[-58.45031,-34.02626],[-58.45016,-34.02789],[-58.44995,-34.02928],[-58.44973,-34.03243],[-58.44977,-34.0336],[-58.45005,-34.03533],[-58.44999,-34.03644],[-58.44989,-34.03704],[-58.45003,-34.03733],[-58.45038,-34.03789],[-58.45069,-34.03852],[-58.45154,-34.03939],[-58.4521,-34.04012],[-58.45217,-34.04039],[-58.45191,-34.04063],[-58.45149,-34.04097],[-58.45131,-34.04138],[-58.45124,-34.04175],[-58.4511,-34.04191],[-58.45081,-34.04196],[-58.44994,-34.04183],[-58.44918,-34.04176],[-58.44845,-34.04186],[-58.4478,-34.04204],[-58.44676,-34.04245],[-58.4458,-34.04294],[-58.44551,-34.0434],[-58.44551,-34.04401],[-58.44582,-34.04598],[-58.44596,-34.04644],[-58.44558,-34.04701],[-58.44428,-34.04798]]}},{"type":"Feature","properties":{"name":"Arroyo Manzano de Medina","layer":"Rios y Arroyos"},"geometry":{"type":"LineString","coordinates":[[-58.44404,-34.04798],[-58.44377,-34.04788],[-58.44326,-34.04793],[-58.44165,-34.04843],[-58.43979,-34.04915],[-58.43767,-34.04981],[-58.43549,-34.05079],[-58.43286,-34.05223],[-58.43113,-34.05284],[-58.42906,-34.05336],[-58.42727,-34.05387],[-58.42551,-34.05448],[-58.42295,-34.0557],[-58.42129,-34.05634],[-58.41965,-34.0568],[-58.41731,-34.05713],[-58.4148,-34.0572],[-58.41325,-34.05723],[-58.41252,-34.0574],[-58.41185,-34.05778],[-58.41128,-34.05855],[-58.41028,-34.05955],[-58.40927,-34.05997],[-58.40792,-34.06032],[-58.40562,-34.06061],[-58.40023,-34.06124],[-58.39584,-34.06174],[-58.39401,-34.0621],[-58.39281,-34.06247],[-58.39191,-34.06321],[-58.39176,-34.06382],[-58.39213,-34.06517],[-58.3926,-34.06668],[-58.3926,-34.06761],[-58.39194,-34.06883],[-58.39041,-34.07072],[-58.38891,-34.07216],[-58.38777,-34.07293],[-58.38638,-34.07323],[-58.38432,-34.07272],[-58.3822,-34.07208],[-58.3803,-34.07179],[-58.37802,-34.07168],[-58.37517,-34.07188],[-58.3734,-34.07205],[-58.3724,-34.07197],[-58.37144,-34.07151],[-58.37027,-34.07018],[-58.36878,-34.06738],[-58.36772,-34.06591],[-58.3663,-34.06491],[-58.36401,-34.0646]]}},{"type":"Feature","properties":{"name":"Arroyo Ciego","layer":"Rios y Arroyos"},"geometry":{"type":"LineString","coordinates":[[-58.48629,-34.00889],[-58.48527,-34.00977],[-58.48423,-34.01056],[-58.48286,-34.01159],[-58.48176,-34.01239],[-58.48071,-34.0132],[-58.47933,-34.01443],[-58.47835,-34.0153]]}},{"type":"Feature","properties":{"name":"Arroyo Camachito","layer":"Rios y Arroyos"},"geometry":{"type":"LineString","coordinates":[[-58.44531,-34.00434],[-58.44599,-34.00494],[-58.4465,-34.00546],[-58.4466,-34.00569],[-58.44634,-34.00639],[-58.44631,-34.00672],[-58.44651,-34.00702],[-58.44661,-34.00723],[-58.44659,-34.0091],[-58.44658,-34.01067],[-58.44646,-34.01229],[-58.44609,-34.01396],[-58.44587,-34.01509],[-58.44521,-34.01674],[-58.4449,-34.01734],[-58.44426,-34.01811]]}},{"type":"Feature","properties":{"name":"Arroyo Laguna del Pajal","layer":"Rios y Arroyos"},"geometry":{"type":"LineString","coordinates":[[-58.41055,-34.00876],[-58.41165,-34.01027],[-58.41213,-34.01063],[-58.41353,-34.01139],[-58.4152,-34.01226],[-58.41691,-34.01298],[-58.41824,-34.01337],[-58.41992,-34.01423],[-58.42229,-34.01533],[-58.4245,-34.01648],[-58.42532,-34.01719],[-58.42596,-34.0179],[-58.42645,-34.01862],[-58.4267,-34.01946],[-58.42701,-34.02047],[-58.42746,-34.02147],[-58.42793,-34.02257],[-58.42862,-34.02356],[-58.42922,-34.02425],[-58.42989,-34.02476],[-58.43031,-34.02505],[-58.43065,-34.0253],[-58.43097,-34.02547],[-58.43113,-34.02556],[-58.43136,-34.02587],[-58.43193,-34.0262],[-58.43223,-34.02641],[-58.43244,-34.02651]]}},{"type":"Feature","properties":{"name":"Arroyo Pito","layer":"Rios y Arroyos"},"geometry":{"type":"LineString","coordinates":[[-58.39971,-34.01439],[-58.40005,-34.01464],[-58.40066,-34.01476],[-58.40113,-34.01486],[-58.40147,-34.01527],[-58.40187,-34.01592],[-58.40265,-34.01657],[-58.40412,-34.01786],[-58.40465,-34.01808],[-58.40526,-34.01822],[-58.40564,-34.01856],[-58.40633,-34.01932],[-58.40698,-34.02025],[-58.40795,-34.02066],[-58.40951,-34.02114],[-58.41017,-34.0215],[-58.41063,-34.02174],[-58.41159,-34.02244],[-58.41198,-34.02284],[-58.41196,-34.02335],[-58.4121,-34.02377],[-58.41226,-34.02419],[-58.41227,-34.02474],[-58.41235,-34.0252],[-58.41282,-34.02554],[-58.4132,-34.02596],[-58.41337,-34.02627],[-58.41329,-34.02664],[-58.41314,-34.02688],[-58.41309,-34.02709],[-58.41332,-34.02745]]}},{"type":"Feature","properties":{"name":"Arroyo Chivico","layer":"Rios y Arroyos"},"geometry":{"type":"LineString","coordinates":[[-58.4309,-34.04229],[-58.4308,-34.04208],[-58.43056,-34.04181],[-58.43049,-34.04153],[-58.43065,-34.04108],[-58.43097,-34.04057],[-58.43165,-34.03989],[-58.43226,-34.03936],[-58.43276,-34.03891],[-58.4329,-34.03861],[-58.43263,-34.03838],[-58.43199,-34.03799],[-58.4316,-34.03785],[-58.43102,-34.03793],[-58.43039,-34.03818],[-58.42984,-34.03853],[-58.42939,-34.03893],[-58.42906,-34.03932],[-58.42862,-34.03952],[-58.42797,-34.03976],[-58.4274,-34.03977],[-58.42667,-34.03954],[-58.42594,-34.03916],[-58.42515,-34.03853],[-58.4245,-34.03812],[-58.42379,-34.03773],[-58.42272,-34.03753],[-58.42052,-34.03743],[-58.4188,-34.0373],[-58.41776,-34.03706],[-58.41642,-34.0366],[-58.41492,-34.03588],[-58.41312,-34.03487],[-58.4122,-34.03449],[-58.41126,-34.03424],[-58.40958,-34.03415],[-58.40805,-34.03441],[-58.40692,-34.03452],[-58.40611,-34.03445],[-58.40511,-34.03444],[-58.40393,-34.03437],[-58.40203,-34.03428],[-58.40153,-34.03431],[-58.40126,-34.03449],[-58.40016,-34.03463],[-58.3984,-34.03469],[-58.39726,-34.03451],[-58.39556,-34.03432],[-58.39428,-34.03405],[-58.3934,-34.03398],[-58.39232,-34.03412],[-58.39172,-34.03405],[-58.39129,-34.03418],[-58.39049,-34.03466],[-58.38952,-34.03553],[-58.38894,-34.03601],[-58.38871,-34.03603],[-58.38849,-34.0359],[-58.3877,-34.03492],[-58.38737,-34.03426],[-58.38706,-34.03374],[-58.38674,-34.03342],[-58.3864,-34.03326],[-58.38606,-34.03321]]}},{"type":"Feature","properties":{"name":"Arroyo Vico","layer":"Rios y Arroyos"},"geometry":{"type":"LineString","coordinates":[[-58.36165,-34.05735],[-58.36227,-34.05706],[-58.36355,-34.05685],[-58.36529,-34.0564],[-58.36609,-34.05613],[-58.36736,-34.05521],[-58.36837,-34.05474],[-58.36974,-34.05428],[-58.37047,-34.05413],[-58.37134,-34.0538],[-58.37248,-34.05322],[-58.37328,-34.05279],[-58.37382,-34.05267],[-58.37431,-34.05275],[-58.37485,-34.05304],[-58.37515,-34.05343],[-58.37547,-34.05419],[-58.37582,-34.05466],[-58.37635,-34.05488],[-58.37702,-34.0549],[-58.37781,-34.05441],[-58.37895,-34.05351],[-58.37983,-34.05308],[-58.38085,-34.05286],[-58.38223,-34.05271],[-58.3836,-34.05271],[-58.38511,-34.05292],[-58.38632,-34.05302],[-58.38761,-34.05298],[-58.38817,-34.05279],[-58.38868,-34.05235],[-58.3893,-34.05143],[-58.38984,-34.05095],[-58.39041,-34.05059],[-58.39114,-34.05031],[-58.39219,-34.04977],[-58.39343,-34.04883],[-58.39517,-34.04762],[-58.39617,-34.04716],[-58.39717,-34.04694],[-58.39916,-34.04644],[-58.40089,-34.04602],[-58.40282,-34.04559],[-58.4044,-34.04538],[-58.40571,-34.04529],[-58.40828,-34.04536],[-58.41116,-34.04548],[-58.41355,-34.04557],[-58.41492,-34.04572],[-58.41675,-34.04622],[-58.41824,-34.04678],[-58.41923,-34.0472],[-58.42005,-34.04741],[-58.42112,-34.04751],[-58.42231,-34.04743],[-58.4232,-34.0473],[-58.4243,-34.04703],[-58.42571,-34.04668],[-58.4268,-34.04632],[-58.42778,-34.04569],[-58.42881,-34.04467],[-58.42955,-34.04384],[-58.43034,-34.04308],[-58.43092,-34.04235],[-58.43124,-34.04226],[-58.43151,-34.0423],[-58.43198,-34.04233],[-58.43266,-34.04237],[-58.43393,-34.0422],[-58.43567,-34.04185],[-58.43658,-34.04129],[-58.43745,-34.04029],[-58.43817,-34.03966],[-58.43868,-34.03951],[-58.43982,-34.03962],[-58.44075,-34.04002],[-58.44124,-34.04027],[-58.44143,-34.04041],[-58.44167,-34.04042],[-58.44207,-34.04023],[-58.44279,-34.03923],[-58.44318,-34.03897],[-58.44367,-34.03888],[-58.44464,-34.03919],[-58.44499,-34.0395],[-58.44504,-34.03993],[-58.44518,-34.04046],[-58.44555,-34.04089],[-58.44617,-34.04123],[-58.44669,-34.04157],[-58.44708,-34.04203],[-58.44714,-34.04212]]}},{"type":"Feature","properties":{"name":"Arroyo Medina","layer":"Rios y Arroyos"},"geometry":{"type":"LineString","coordinates":[[-58.39238,-34.06881],[-58.39282,-34.06895],[-58.39386,-34.06947],[-58.39437,-34.0695],[-58.39569,-34.06923],[-58.39659,-34.06905],[-58.39738,-34.06904],[-58.39815,-34.06895],[-58.39934,-34.06909],[-58.40095,-34.0694],[-58.40245,-34.06972],[-58.40415,-34.07017],[-58.4049,-34.07026],[-58.40557,-34.07024],[-58.40721,-34.06998],[-58.40823,-34.06981],[-58.40964,-34.06968],[-58.41013,-34.06949],[-58.4108,-34.06914],[-58.41115,-34.06888],[-58.41134,-34.06858],[-58.41159,-34.06825],[-58.41187,-34.0678],[-58.41209,-34.06712],[-58.4124,-34.06635],[-58.41253,-34.066],[-58.41263,-34.06577],[-58.41303,-34.06514],[-58.41328,-34.06473],[-58.41337,-34.06436],[-58.41342,-34.06409],[-58.41371,-34.06375],[-58.4142,-34.06325],[-58.41472,-34.0629]]}},{"type":"Feature","properties":{"name":"Arroyo Malo","layer":"Rios y Arroyos"},"geometry":{"type":"LineString","coordinates":[[-58.6561,-34.33228],[-58.65648,-34.33252],[-58.657,-34.33287],[-58.65714,-34.33293],[-58.65725,-34.33295],[-58.65766,-34.33284],[-58.65812,-34.33274],[-58.65851,-34.33264],[-58.65902,-34.33241],[-58.65943,-34.33208],[-58.65989,-34.33165],[-58.66016,-34.33133],[-58.66061,-34.33113],[-58.66104,-34.33097],[-58.66187,-34.33061],[-58.66237,-34.33029],[-58.66276,-34.32988],[-58.66301,-34.32946],[-58.66309,-34.3292],[-58.6633,-34.32871],[-58.66354,-34.32828],[-58.66369,-34.32808],[-58.66393,-34.32767]]}},{"type":"Feature","properties":{"name":"Arroyo Guazucito","layer":"Rios y Arroyos"},"geometry":{"type":"LineString","coordinates":[[-58.396,-34.01279],[-58.39577,-34.01634],[-58.39572,-34.01792],[-58.39483,-34.02028],[-58.39343,-34.02317],[-58.39121,-34.02626],[-58.38863,-34.02929],[-58.38661,-34.0318],[-58.38371,-34.03579],[-58.38128,-34.03881],[-58.37916,-34.04073],[-58.37585,-34.04327],[-58.37128,-34.04592],[-58.36582,-34.04841],[-58.36395,-34.04958],[-58.36052,-34.05289],[-58.35872,-34.0536],[-58.35697,-34.05421]]}},{"type":"Feature","properties":{"name":"Arroyo La Linda","layer":"Rios y Arroyos"},"geometry":{"type":"LineString","coordinates":[[-58.39254,-34.08723],[-58.39276,-34.08715],[-58.39284,-34.08702],[-58.39287,-34.08682],[-58.39304,-34.08647],[-58.39313,-34.08624],[-58.39312,-34.08609],[-58.39307,-34.08594],[-58.39299,-34.0858],[-58.39301,-34.08561],[-58.39306,-34.08547],[-58.39279,-34.08521],[-58.39276,-34.08512],[-58.39283,-34.085],[-58.39289,-34.0849],[-58.39288,-34.0848],[-58.39311,-34.08448],[-58.39341,-34.08427],[-58.39358,-34.08401],[-58.39377,-34.08371],[-58.3941,-34.08352],[-58.39437,-34.08319],[-58.39445,-34.08306],[-58.39464,-34.083],[-58.39525,-34.08292],[-58.39577,-34.08284],[-58.39598,-34.0828],[-58.39631,-34.08266],[-58.39719,-34.08251],[-58.3976,-34.08239],[-58.39824,-34.08216],[-58.39873,-34.08205],[-58.39936,-34.08197],[-58.40036,-34.08173],[-58.40156,-34.08149],[-58.40314,-34.08111],[-58.40443,-34.0807],[-58.405,-34.08007],[-58.40578,-34.07934],[-58.40627,-34.07881],[-58.40693,-34.07781],[-58.40765,-34.07681],[-58.40844,-34.07602],[-58.40892,-34.07545],[-58.40967,-34.07451],[-58.41029,-34.07388],[-58.41113,-34.07326],[-58.41182,-34.07282],[-58.41242,-34.07245],[-58.41287,-34.07212]]}},{"type":"Feature","properties":{"name":"Arroyo Reduro","layer":"Rios y Arroyos"},"geometry":{"type":"LineString","coordinates":[[-58.40512,-34.09868],[-58.40478,-34.0981],[-58.40409,-34.09738],[-58.40335,-34.09692],[-58.40207,-34.09642],[-58.40128,-34.09626],[-58.40072,-34.09635],[-58.39991,-34.09662],[-58.39914,-34.09672],[-58.39813,-34.09669],[-58.39667,-34.09645],[-58.39603,-34.09625],[-58.39536,-34.09592],[-58.39503,-34.09587],[-58.39413,-34.09561],[-58.39357,-34.09534],[-58.39228,-34.09441],[-58.39166,-34.09406],[-58.39108,-34.09389],[-58.39051,-34.09392],[-58.38981,-34.09412],[-58.38873,-34.09457],[-58.38758,-34.09519],[-58.38668,-34.09548],[-58.38607,-34.09573],[-58.38559,-34.09585],[-58.38456,-34.09587],[-58.38366,-34.09573],[-58.38315,-34.09573],[-58.3828,-34.09576],[-58.38268,-34.09581],[-58.3827,-34.09594],[-58.38265,-34.09612],[-58.38245,-34.09634],[-58.3821,-34.09647],[-58.38196,-34.09656],[-58.3819,-34.09679],[-58.38175,-34.0969],[-58.3815,-34.09702],[-58.3813,-34.09709],[-58.38109,-34.09735],[-58.38095,-34.09756],[-58.38085,-34.09768],[-58.38065,-34.09774],[-58.38027,-34.09774],[-58.37974,-34.09777],[-58.37958,-34.0977],[-58.37944,-34.09757],[-58.3793,-34.09754],[-58.3791,-34.09757],[-58.37897,-34.09751],[-58.37883,-34.09735],[-58.37869,-34.09718],[-58.37851,-34.09708],[-58.37823,-34.09696],[-58.37796,-34.09688],[-58.37769,-34.09684],[-58.3775,-34.09695],[-58.37722,-34.09715],[-58.37703,-34.09714],[-58.37651,-34.09706],[-58.37634,-34.0971],[-58.37604,-34.09711],[-58.37561,-34.09704],[-58.37536,-34.09689],[-58.37517,-34.09669],[-58.37508,-34.09658],[-58.375,-34.09655],[-58.37483,-34.09663],[-58.37464,-34.09696],[-58.37458,-34.09733],[-58.37465,-34.09757],[-58.37461,-34.09776],[-58.37424,-34.09793],[-58.37366,-34.09804],[-58.37303,-34.09806],[-58.37264,-34.09797],[-58.37203,-34.09787],[-58.37162,-34.09787],[-58.3714,-34.09798],[-58.37112,-34.09822],[-58.37087,-34.09859],[-58.37068,-34.09898],[-58.37068,-34.09929],[-58.37064,-34.09976],[-58.37053,-34.10007],[-58.37041,-34.10029],[-58.37025,-34.10085],[-58.37012,-34.10125],[-58.37012,-34.1015],[-58.37015,-34.10179],[-58.3701,-34.10205],[-58.37015,-34.1024],[-58.37011,-34.10252],[-58.36999,-34.10258],[-58.36975,-34.10254],[-58.36914,-34.10248],[-58.3689,-34.10254],[-58.36861,-34.10269],[-58.36845,-34.10275],[-58.36834,-34.10274],[-58.36819,-34.10262],[-58.36806,-34.10248],[-58.36792,-34.1025],[-58.36777,-34.1026],[-58.3674,-34.10328],[-58.36704,-34.1039],[-58.3667,-34.10421],[-58.36625,-34.10442],[-58.36556,-34.10455]]}},{"type":"Feature","properties":{"name":"Arroyo Veron","layer":"Rios y Arroyos"},"geometry":{"type":"LineString","coordinates":[[-58.40827,-34.09741],[-58.40998,-34.09509],[-58.41051,-34.09497],[-58.41213,-34.09467],[-58.41491,-34.09417],[-58.41609,-34.09384],[-58.41755,-34.09324],[-58.41898,-34.09248],[-58.421,-34.09123],[-58.4244,-34.08882],[-58.42542,-34.08787],[-58.42575,-34.08724],[-58.42583,-34.08652],[-58.42592,-34.08495],[-58.42582,-34.08446],[-58.4254,-34.08297],[-58.4251,-34.08203],[-58.42502,-34.0813],[-58.42512,-34.08026],[-58.42532,-34.07942],[-58.42592,-34.07837],[-58.42739,-34.07619],[-58.42801,-34.0754],[-58.4296,-34.07331],[-58.43017,-34.07257],[-58.43069,-34.07187]]}},{"type":"Feature","properties":{"name":"Arroyo Melendre","layer":"Rios y Arroyos"},"geometry":{"type":"LineString","coordinates":[[-58.40977,-34.09491],[-58.40921,-34.09469],[-58.4087,-34.09462],[-58.40817,-34.09462],[-58.40766,-34.09452],[-58.40695,-34.09417],[-58.40536,-34.09317],[-58.40346,-34.0919],[-58.40278,-34.0915],[-58.40192,-34.09092],[-58.40161,-34.0907],[-58.40151,-34.09054],[-58.40158,-34.09042],[-58.40192,-34.09019],[-58.40213,-34.08975],[-58.40216,-34.0893],[-58.40213,-34.08878],[-58.4028,-34.08803],[-58.40369,-34.08729],[-58.40496,-34.08669],[-58.40576,-34.08623],[-58.40644,-34.0858],[-58.40735,-34.0856],[-58.40815,-34.08574],[-58.40897,-34.08551],[-58.40945,-34.08552],[-58.41013,-34.08533],[-58.4109,-34.08505],[-58.41187,-34.08452],[-58.41239,-34.08418],[-58.41266,-34.08405],[-58.413,-34.08398],[-58.41343,-34.08407],[-58.4137,-34.08411],[-58.41439,-34.08414],[-58.41506,-34.0841],[-58.41563,-34.08406],[-58.41578,-34.08402],[-58.41597,-34.08382],[-58.41622,-34.08365],[-58.41684,-34.08329],[-58.41732,-34.08318],[-58.41773,-34.0829],[-58.4182,-34.08245],[-58.4186,-34.08187],[-58.41879,-34.08161],[-58.41898,-34.08149],[-58.41951,-34.08088],[-58.41984,-34.0805]]}},{"type":"Feature","properties":{"name":"Arroyo Correntoso","layer":"Rios y Arroyos"},"geometry":{"type":"LineString","coordinates":[[-58.47406,-34.09357],[-58.46961,-34.09361],[-58.4649,-34.09274],[-58.45817,-34.09098],[-58.44803,-34.0887],[-58.44476,-34.08752],[-58.44194,-34.08587],[-58.43987,-34.0856],[-58.43844,-34.08618],[-58.43762,-34.08757],[-58.43729,-34.08996],[-58.43699,-34.09229],[-58.43598,-34.09409],[-58.43422,-34.09502],[-58.43273,-34.09518],[-58.43042,-34.09462],[-58.42828,-34.09453],[-58.42527,-34.09512],[-58.42058,-34.09649],[-58.41911,-34.09663],[-58.41519,-34.09627],[-58.41358,-34.09634],[-58.41009,-34.09742],[-58.40528,-34.09926],[-58.40124,-34.1028],[-58.39984,-34.10374],[-58.3955,-34.10592],[-58.38849,-34.10858],[-58.38346,-34.10944],[-58.37743,-34.11001],[-58.37146,-34.11106],[-58.36687,-34.11142]]}},{"type":"Feature","properties":{"name":"Arroyo Pantanoso","layer":"Rios y Arroyos"},"geometry":{"type":"LineString","coordinates":[[-58.44578,-34.08902],[-58.44474,-34.08937],[-58.44372,-34.09015],[-58.44243,-34.0913],[-58.44135,-34.09234],[-58.44082,-34.09326],[-58.4403,-34.09502],[-58.43976,-34.09662],[-58.43886,-34.09842],[-58.43789,-34.10027],[-58.43668,-34.10273],[-58.43609,-34.1043],[-58.43568,-34.10657],[-58.43489,-34.11062],[-58.43429,-34.1142],[-58.43333,-34.11697],[-58.4321,-34.11889]]}},{"type":"Feature","properties":{"name":"Arroyo Lima","layer":"Rios y Arroyos"},"geometry":{"type":"LineString","coordinates":[[-58.4207,-34.09696],[-58.42103,-34.09721],[-58.4212,-34.09766],[-58.42126,-34.09826],[-58.4214,-34.09954],[-58.42146,-34.10082],[-58.4217,-34.10222],[-58.42191,-34.10398],[-58.42213,-34.10543],[-58.42242,-34.10694],[-58.42247,-34.10769],[-58.42248,-34.1083],[-58.4224,-34.10892],[-58.42206,-34.10959],[-58.42157,-34.10999],[-58.42044,-34.11071],[-58.41956,-34.11143],[-58.41876,-34.11221],[-58.418,-34.11296],[-58.41729,-34.11371],[-58.41618,-34.11473],[-58.41519,-34.11548],[-58.41415,-34.11612],[-58.41278,-34.11689],[-58.41167,-34.11744],[-58.41032,-34.1182],[-58.40979,-34.11827],[-58.40914,-34.11846],[-58.40756,-34.1189],[-58.40631,-34.11924],[-58.40533,-34.1195],[-58.40455,-34.1198],[-58.40372,-34.12021],[-58.40288,-34.1206],[-58.40211,-34.12092],[-58.40162,-34.12115],[-58.40148,-34.12127],[-58.40078,-34.12156],[-58.40034,-34.12166],[-58.39998,-34.12181],[-58.39961,-34.12185],[-58.39921,-34.12185],[-58.3989,-34.12176],[-58.39858,-34.1216],[-58.39827,-34.12127],[-58.39795,-34.12092],[-58.39754,-34.12051],[-58.39711,-34.11999],[-58.39686,-34.11975],[-58.39639,-34.1196],[-58.39587,-34.1196],[-58.395,-34.11968],[-58.3939,-34.11996],[-58.39315,-34.1202],[-58.39206,-34.12015],[-58.39104,-34.11998],[-58.39073,-34.11998],[-58.39054,-34.12019],[-58.39034,-34.12085],[-58.39038,-34.12132],[-58.39001,-34.12175],[-58.38938,-34.12244],[-58.38898,-34.12264],[-58.38853,-34.12258],[-58.38784,-34.12209],[-58.38668,-34.12137],[-58.3858,-34.12092],[-58.38508,-34.12081],[-58.38414,-34.12092],[-58.38316,-34.12134],[-58.38195,-34.12214],[-58.38136,-34.12283],[-58.38068,-34.12344],[-58.37975,-34.12376],[-58.37861,-34.12393],[-58.37726,-34.12391],[-58.3762,-34.12391],[-58.37521,-34.12405],[-58.37429,-34.12427],[-58.37341,-34.12471],[-58.37216,-34.12556],[-58.37126,-34.12624],[-58.37088,-34.1264],[-58.37047,-34.12633],[-58.36958,-34.12573],[-58.36895,-34.12527],[-58.36851,-34.12515],[-58.36787,-34.12541],[-58.36748,-34.12589],[-58.3673,-34.12675],[-58.36722,-34.1275],[-58.36681,-34.12837]]}},{"type":"Feature","properties":{"name":"Arroyo La Cubierta","layer":"Rios y Arroyos"},"geometry":{"type":"LineString","coordinates":[[-58.41516,-34.13103],[-58.41487,-34.1308],[-58.41456,-34.1307],[-58.41389,-34.13058],[-58.41268,-34.13041],[-58.41197,-34.1302],[-58.41116,-34.12987],[-58.41045,-34.12931],[-58.40977,-34.12872],[-58.40915,-34.12843],[-58.4087,-34.12815],[-58.4083,-34.12789]]}},{"type":"Feature","properties":{"name":"Rio Santa Fé","layer":"Rios y Arroyos"},"geometry":{"type":"LineString","coordinates":[[-60.68161,-31.64332],[-60.67947,-31.64299],[-60.67774,-31.64293],[-60.67513,-31.64316],[-60.67309,-31.64311],[-60.66949,-31.64301],[-60.66621,-31.64286],[-60.66358,-31.64319],[-60.66145,-31.64405],[-60.65836,-31.64528],[-60.65629,-31.64609],[-60.65492,-31.647],[-60.65414,-31.64775],[-60.65302,-31.64937],[-60.65218,-31.65094],[-60.65178,-31.65204],[-60.65158,-31.65268],[-60.65101,-31.65334],[-60.65034,-31.6536],[-60.64921,-31.65356],[-60.6483,-31.65325],[-60.64732,-31.65253],[-60.64676,-31.65195],[-60.6465,-31.65141],[-60.64619,-31.65079],[-60.64547,-31.6502],[-60.64456,-31.64974],[-60.64359,-31.64954],[-60.64287,-31.64962],[-60.64197,-31.64939],[-60.64023,-31.64826],[-60.639,-31.64716],[-60.6377,-31.64672],[-60.63691,-31.64678],[-60.63646,-31.64718],[-60.63343,-31.65259],[-60.63121,-31.65576],[-60.63054,-31.65651],[-60.63008,-31.65684],[-60.62964,-31.65697],[-60.62924,-31.65701],[-60.6287,-31.65679],[-60.62817,-31.65643],[-60.62752,-31.65584],[-60.62728,-31.65517],[-60.62721,-31.65375],[-60.62733,-31.65195],[-60.62756,-31.65011],[-60.62756,-31.64894],[-60.62741,-31.64779],[-60.62718,-31.64746],[-60.62703,-31.64713],[-60.6267,-31.64699],[-60.626,-31.64709],[-60.62472,-31.64768],[-60.62323,-31.64851],[-60.62207,-31.64919],[-60.62166,-31.64941],[-60.61998,-31.6503],[-60.6185,-31.65092],[-60.61648,-31.65167],[-60.61523,-31.6523],[-60.61436,-31.65298],[-60.61367,-31.65385],[-60.61297,-31.6551],[-60.61223,-31.65664],[-60.6121,-31.65769],[-60.6124,-31.65889],[-60.6135,-31.66051],[-60.61514,-31.66252],[-60.61664,-31.66446],[-60.61755,-31.66504],[-60.61813,-31.66511],[-60.61847,-31.6652],[-60.61861,-31.66562],[-60.61849,-31.66651],[-60.61902,-31.66738],[-60.61913,-31.66783],[-60.61929,-31.66805],[-60.61922,-31.66845],[-60.61771,-31.66964],[-60.6169,-31.66972],[-60.61517,-31.66954],[-60.61318,-31.66945],[-60.61121,-31.66899],[-60.61049,-31.66866],[-60.60901,-31.66875],[-60.60844,-31.66869],[-60.60744,-31.66901]]}},{"type":"Feature","properties":{"name":"Arroyo Crucecitas","layer":"Rios y Arroyos"},"geometry":{"type":"LineString","coordinates":[[-60.68827,-31.65111],[-60.6878,-31.65061],[-60.68712,-31.6507],[-60.68688,-31.65086],[-60.68684,-31.65154],[-60.68662,-31.65206],[-60.68603,-31.6523],[-60.68557,-31.65213],[-60.68521,-31.65163],[-60.685,-31.65086],[-60.68474,-31.6502],[-60.6843,-31.64966],[-60.68369,-31.64936],[-60.6831,-31.64935],[-60.68289,-31.64966],[-60.68288,-31.65053],[-60.68273,-31.65146],[-60.68241,-31.65204],[-60.68153,-31.65257],[-60.68048,-31.65268],[-60.67949,-31.65282],[-60.67848,-31.65332],[-60.67784,-31.65419],[-60.67741,-31.6553],[-60.67691,-31.65629],[-60.67645,-31.65684],[-60.67508,-31.65751],[-60.67416,-31.65816],[-60.67339,-31.65864],[-60.67298,-31.65866],[-60.67273,-31.6585],[-60.67263,-31.65809],[-60.67265,-31.65679],[-60.67254,-31.65589],[-60.67215,-31.65549],[-60.67149,-31.65552],[-60.6705,-31.65601],[-60.66962,-31.65643],[-60.66913,-31.65651],[-60.66877,-31.65636],[-60.66875,-31.65592],[-60.66912,-31.65545],[-60.66987,-31.65445],[-60.67012,-31.65366],[-60.67011,-31.65305],[-60.66987,-31.65266],[-60.6692,-31.65247],[-60.66835,-31.65244],[-60.66776,-31.65273],[-60.66732,-31.65311],[-60.66699,-31.65392],[-60.6669,-31.6549],[-60.66698,-31.65621],[-60.66678,-31.65681],[-60.6662,-31.65782],[-60.66549,-31.65827],[-60.66471,-31.65853],[-60.66426,-31.65856],[-60.6638,-31.65832],[-60.66324,-31.65774],[-60.66284,-31.65702],[-60.66271,-31.65643],[-60.66298,-31.65586],[-60.66365,-31.65553],[-60.66466,-31.65537],[-60.66543,-31.65528],[-60.66573,-31.65499],[-60.66564,-31.65421],[-60.66532,-31.65362],[-60.66481,-31.6533],[-60.66406,-31.65299],[-60.66294,-31.65323],[-60.6621,-31.65369],[-60.66084,-31.65434],[-60.6603,-31.65439],[-60.65978,-31.65429],[-60.65946,-31.65384],[-60.65931,-31.65314],[-60.65953,-31.65233],[-60.65966,-31.65151],[-60.65956,-31.65069],[-60.65925,-31.65006],[-60.65875,-31.64943],[-60.65814,-31.64894]]}},{"type":"Feature","properties":{"name":"Arroyo Pito","layer":"Rios y Arroyos"},"geometry":{"type":"LineString","coordinates":[[-60.65845,-31.66657],[-60.65839,-31.66606],[-60.65813,-31.66571],[-60.65769,-31.66545],[-60.65751,-31.66522],[-60.65747,-31.66494],[-60.65777,-31.66456],[-60.65819,-31.66427],[-60.65821,-31.66407],[-60.658,-31.6638],[-60.65784,-31.66327],[-60.65772,-31.66257],[-60.65747,-31.66215],[-60.6569,-31.66179],[-60.65635,-31.66165],[-60.65587,-31.66153],[-60.65482,-31.66077],[-60.65357,-31.65969],[-60.65312,-31.65904],[-60.6529,-31.65779],[-60.65253,-31.6565],[-60.65222,-31.65585],[-60.65159,-31.65555],[-60.65067,-31.65553],[-60.64928,-31.65604],[-60.64839,-31.65614],[-60.64786,-31.6561],[-60.64715,-31.65626]]}},{"type":"Feature","properties":{"name":"Arroyo Piaggio","layer":"Rios y Arroyos"},"geometry":{"type":"LineString","coordinates":[[-60.73951,-32.48177],[-60.73918,-32.48227],[-60.73865,-32.48237],[-60.73782,-32.48272],[-60.73647,-32.48305],[-60.73491,-32.48311],[-60.73389,-32.48343],[-60.73348,-32.48408],[-60.73338,-32.48454],[-60.7335,-32.48497],[-60.73354,-32.48539],[-60.73361,-32.48611],[-60.73368,-32.48646],[-60.73357,-32.48693],[-60.7332,-32.48758],[-60.73297,-32.48763],[-60.73266,-32.48749],[-60.73255,-32.48759],[-60.73215,-32.48785],[-60.73194,-32.48826],[-60.73175,-32.48846],[-60.73128,-32.48878],[-60.73116,-32.48899],[-60.73124,-32.48939],[-60.73156,-32.48994],[-60.73198,-32.4902],[-60.73239,-32.49045],[-60.73278,-32.49056],[-60.73305,-32.49082],[-60.73322,-32.49109],[-60.73319,-32.49136],[-60.73295,-32.4918],[-60.73296,-32.492],[-60.73303,-32.49208]]}},{"type":"Feature","properties":{"name":"Rio Colastine","layer":"Rios y Arroyos"},"geometry":{"type":"LineString","coordinates":[[-60.66392,-31.72345],[-60.6604,-31.71572],[-60.65769,-31.71063],[-60.65675,-31.70569],[-60.65902,-31.70019],[-60.65861,-31.6959],[-60.65659,-31.68957],[-60.65067,-31.68572],[-60.64297,-31.67924],[-60.63764,-31.6752],[-60.6329,-31.67294],[-60.62663,-31.67409],[-60.6179,-31.67551],[-60.61248,-31.6747],[-60.60578,-31.67129],[-60.60017,-31.66579],[-60.59703,-31.66035],[-60.59586,-31.65251],[-60.59677,-31.64601],[-60.59528,-31.63914],[-60.59178,-31.62982],[-60.58607,-31.62324]]}},{"type":"Feature","properties":{"name":"Rio Tiradero Viejo","layer":"Rios y Arroyos"},"geometry":{"type":"LineString","coordinates":[[-60.59577,-31.66368],[-60.59052,-31.66663],[-60.58761,-31.66846],[-60.58421,-31.67135],[-60.5815,-31.67556],[-60.57847,-31.68023],[-60.57701,-31.68176],[-60.5755,-31.68267],[-60.57352,-31.68312],[-60.57113,-31.68318],[-60.5684,-31.68298],[-60.56457,-31.68266],[-60.56188,-31.68272],[-60.55688,-31.68315],[-60.55436,-31.68358],[-60.55246,-31.68432],[-60.55188,-31.68501]]}},{"type":"Feature","properties":{"name":"Rio Tiradero Nuevo","layer":"Rios y Arroyos"},"geometry":{"type":"LineString","coordinates":[[-60.60726,-31.71343],[-60.60586,-31.71306],[-60.60496,-31.71289],[-60.6033,-31.71215],[-60.60131,-31.71132],[-60.59969,-31.71015],[-60.59732,-31.70764],[-60.59564,-31.7057],[-60.59431,-31.70419],[-60.59257,-31.70249],[-60.59021,-31.70076],[-60.58843,-31.69937],[-60.58783,-31.69886],[-60.58784,-31.69792],[-60.58863,-31.69654],[-60.58934,-31.69431],[-60.58972,-31.6914],[-60.58944,-31.68833],[-60.58888,-31.68692]]}},{"type":"Feature","properties":{"name":"Riacho Pantanoso","layer":"Rios y Arroyos"},"geometry":{"type":"LineString","coordinates":[[-60.48534,-31.69684],[-60.48365,-31.69516],[-60.48201,-31.69299],[-60.48053,-31.69115],[-60.47908,-31.68998],[-60.47752,-31.68977],[-60.4758,-31.69052],[-60.47261,-31.69235]]}},{"type":"Feature","properties":{"name":"Arroyo Antonico","layer":"Rios y Arroyos"},"geometry":{"type":"LineString","coordinates":[[-60.53658,-31.714],[-60.53806,-31.71465],[-60.53917,-31.71518],[-60.54025,-31.71586],[-60.54074,-31.71618],[-60.54104,-31.71655],[-60.54108,-31.71672],[-60.54104,-31.71712],[-60.54122,-31.71744],[-60.54133,-31.71762],[-60.54163,-31.71789],[-60.54192,-31.71823],[-60.54209,-31.71851],[-60.54211,-31.71867],[-60.54203,-31.71915],[-60.54204,-31.71932],[-60.54213,-31.71948],[-60.54236,-31.71967],[-60.54254,-31.7198],[-60.54273,-31.7199],[-60.54283,-31.72017],[-60.54269,-31.7204],[-60.54272,-31.72047],[-60.54316,-31.72055],[-60.54388,-31.72079],[-60.54436,-31.72086],[-60.54463,-31.72096],[-60.5448,-31.72114],[-60.54491,-31.72139],[-60.54474,-31.72179],[-60.5444,-31.72237],[-60.54438,-31.72261],[-60.54464,-31.72288],[-60.54523,-31.72333],[-60.54644,-31.7239],[-60.54688,-31.72416],[-60.54706,-31.72456],[-60.54709,-31.72477],[-60.54718,-31.72503],[-60.54711,-31.72539]]}},{"type":"Feature","properties":{"name":"Paso Animas Paracao","layer":"Rios y Arroyos"},"geometry":{"type":"LineString","coordinates":[[-60.64991,-31.84161],[-60.64358,-31.83588],[-60.63446,-31.83274],[-60.62513,-31.83112],[-60.61725,-31.82824],[-60.61175,-31.82401],[-60.60914,-31.81944],[-60.60822,-31.81294]]}},{"type":"Feature","properties":{"name":"Riacho Malú","layer":"Rios y Arroyos"},"geometry":{"type":"LineString","coordinates":[[-60.60566,-31.81238],[-60.60388,-31.80785],[-60.60402,-31.80201],[-60.60366,-31.79497],[-60.60052,-31.78901],[-60.59564,-31.78433],[-60.59206,-31.77899],[-60.58959,-31.77406]]}},{"type":"Feature","properties":{"name":"Rio Paracao","layer":"Rios y Arroyos"},"geometry":{"type":"LineString","coordinates":[[-60.61164,-31.81209],[-60.61365,-31.80683],[-60.61595,-31.79968],[-60.61588,-31.7938],[-60.61218,-31.79065],[-60.60851,-31.78715],[-60.60557,-31.7827],[-60.60377,-31.77809],[-60.59848,-31.77328],[-60.59185,-31.77055],[-60.58507,-31.76443],[-60.57944,-31.75283],[-60.57853,-31.73844],[-60.58355,-31.72155]]}},{"type":"Feature","properties":{"name":"Riacho Tiraparatras","layer":"Rios y Arroyos"},"geometry":{"type":"LineString","coordinates":[[-60.62019,-31.73898],[-60.61972,-31.73957],[-60.61897,-31.73992],[-60.61735,-31.74018],[-60.6166,-31.7405],[-60.61636,-31.74166],[-60.61633,-31.74202],[-60.61644,-31.74254],[-60.6164,-31.74348],[-60.61604,-31.74442],[-60.61538,-31.74547],[-60.61468,-31.74688],[-60.61401,-31.74844],[-60.61381,-31.74952],[-60.61384,-31.75127],[-60.61409,-31.75225],[-60.61446,-31.75267],[-60.61523,-31.75292],[-60.61599,-31.75293],[-60.61603,-31.75291],[-60.61691,-31.75273],[-60.61752,-31.75278],[-60.61822,-31.75335],[-60.61921,-31.7549],[-60.61966,-31.75552],[-60.62103,-31.75628],[-60.62159,-31.75674],[-60.62205,-31.75752],[-60.622,-31.75828],[-60.6214,-31.7587],[-60.62003,-31.75918],[-60.61884,-31.75942],[-60.61765,-31.75996],[-60.61713,-31.76035],[-60.61697,-31.76095],[-60.61696,-31.76135],[-60.61715,-31.76168],[-60.61843,-31.76277],[-60.61939,-31.76337],[-60.62013,-31.76415],[-60.62066,-31.76521],[-60.62098,-31.76615],[-60.62119,-31.76732],[-60.62169,-31.77004],[-60.62184,-31.77311],[-60.62201,-31.77507],[-60.62264,-31.77617],[-60.62397,-31.77717],[-60.62755,-31.77864],[-60.63,-31.77983],[-60.63236,-31.78077],[-60.63437,-31.78131]]}},{"type":"Feature","properties":{"name":"Riacho Y Paso Barroso","layer":"Rios y Arroyos"},"geometry":{"type":"LineString","coordinates":[[-60.63538,-31.77739],[-60.63961,-31.76423],[-60.64037,-31.75483],[-60.63658,-31.74597],[-60.63238,-31.74248]]}},{"type":"Feature","properties":{"name":"Arroyo Los Timboses","layer":"Rios y Arroyos"},"geometry":{"type":"LineString","coordinates":[[-60.6893,-32.57264],[-60.69003,-32.57294],[-60.69026,-32.57348],[-60.6911,-32.57611],[-60.69123,-32.57929],[-60.69098,-32.58074],[-60.69067,-32.58141],[-60.69057,-32.58442],[-60.69092,-32.58586],[-60.69155,-32.58627],[-60.69164,-32.58709],[-60.69104,-32.58757],[-60.68993,-32.58788],[-60.68921,-32.58887],[-60.68898,-32.58978],[-60.6903,-32.59082]]}},{"type":"Feature","properties":{"name":"Paso Tragadero","layer":"Rios y Arroyos"},"geometry":{"type":"LineString","coordinates":[[-60.66659,-31.75947],[-60.65934,-31.76828],[-60.65527,-31.77907],[-60.65076,-31.78935],[-60.64628,-31.79502]]}},{"type":"Feature","properties":{"name":"Paso las Animas","layer":"Rios y Arroyos"},"geometry":{"type":"LineString","coordinates":[[-60.65893,-31.85359],[-60.65718,-31.8397],[-60.65558,-31.82919]]}},{"type":"Feature","properties":{"name":"Riacho Las Animas","layer":"Rios y Arroyos"},"geometry":{"type":"LineString","coordinates":[[-60.65556,-31.82899],[-60.64788,-31.81569],[-60.64484,-31.80701],[-60.64227,-31.79566]]}},{"type":"Feature","properties":{"name":"Paso La Paciencia","layer":"Rios y Arroyos"},"geometry":{"type":"LineString","coordinates":[[-60.66642,-31.75918],[-60.66746,-31.7518],[-60.66461,-31.74189],[-60.65994,-31.73593],[-60.64927,-31.7347],[-60.63452,-31.73221]]}},{"type":"Feature","properties":{"name":"Rio Paraná Viejo","layer":"Rios y Arroyos"},"geometry":{"type":"LineString","coordinates":[[-60.67115,-31.76012],[-60.67983,-31.77458],[-60.68777,-31.7937],[-60.69477,-31.80373],[-60.69594,-31.81127],[-60.69813,-31.81722],[-60.70937,-31.82611],[-60.7165,-31.8351],[-60.7193,-31.84667],[-60.72407,-31.86178],[-60.72517,-31.8746],[-60.73546,-31.89125],[-60.74417,-31.90392],[-60.74556,-31.91519],[-60.7396,-31.92848],[-60.7326,-31.94633],[-60.73157,-31.96138]]}},{"type":"Feature","properties":{"name":"Arroyo Puerto Real","layer":"Rios y Arroyos"},"geometry":{"type":"LineString","coordinates":[[-60.65111,-31.86624],[-60.65036,-31.86498],[-60.64964,-31.86285],[-60.64928,-31.86083],[-60.64842,-31.85874],[-60.6467,-31.85663],[-60.64373,-31.85378]]}},{"type":"Feature","properties":{"name":"Paso Paracao","layer":"Rios y Arroyos"},"geometry":{"type":"LineString","coordinates":[[-60.65938,-31.88481],[-60.66091,-31.86773],[-60.65924,-31.85379]]}},{"type":"Feature","properties":{"name":"Riacho La Juanita","layer":"Rios y Arroyos"},"geometry":{"type":"LineString","coordinates":[[-60.64818,-31.88357],[-60.64652,-31.88334],[-60.64555,-31.88306],[-60.64492,-31.88258],[-60.64448,-31.88182],[-60.64388,-31.88072],[-60.64345,-31.87924],[-60.64264,-31.87829],[-60.64161,-31.87777],[-60.64072,-31.87771],[-60.64012,-31.87772],[-60.63878,-31.87727],[-60.63813,-31.87722],[-60.63715,-31.87778],[-60.63702,-31.87812],[-60.63725,-31.87834],[-60.63762,-31.87877],[-60.63778,-31.87941],[-60.63766,-31.87994],[-60.63719,-31.88011],[-60.63681,-31.8801],[-60.63653,-31.87999],[-60.63627,-31.87984],[-60.63613,-31.87967],[-60.63612,-31.87949],[-60.63625,-31.87933],[-60.63625,-31.87908],[-60.63607,-31.87884],[-60.63581,-31.87882],[-60.63551,-31.8789],[-60.63535,-31.87917],[-60.63518,-31.87946],[-60.63506,-31.87959],[-60.635,-31.87977],[-60.63479,-31.87991],[-60.63445,-31.87987],[-60.63421,-31.87979],[-60.63413,-31.87972],[-60.63396,-31.87967],[-60.63377,-31.87967],[-60.63362,-31.87959],[-60.6335,-31.87952],[-60.63344,-31.87942],[-60.63326,-31.87936],[-60.63296,-31.87929],[-60.63275,-31.87925],[-60.6326,-31.87913],[-60.63256,-31.87899],[-60.63254,-31.87882],[-60.63246,-31.87868],[-60.63238,-31.87855],[-60.63236,-31.87827],[-60.63207,-31.87795],[-60.63182,-31.87784],[-60.63157,-31.87795],[-60.63141,-31.87846],[-60.631,-31.8789],[-60.63073,-31.87904]]}},{"type":"Feature","properties":{"name":"Riacho Los Chivos","layer":"Rios y Arroyos"},"geometry":{"type":"LineString","coordinates":[[-60.70307,-31.95164],[-60.71836,-31.96423],[-60.72328,-31.9761],[-60.72495,-31.99253],[-60.71737,-32.00158],[-60.70904,-32.00725],[-60.6923,-32.01002],[-60.68353,-32.01527],[-60.67956,-32.02152]]}},{"type":"Feature","properties":{"name":"Paso los Chivos","layer":"Rios y Arroyos"},"geometry":{"type":"LineString","coordinates":[[-60.67873,-32.02358],[-60.67401,-32.04498],[-60.66778,-32.06162],[-60.65804,-32.06967]]}},{"type":"Feature","properties":{"name":"Arroyo La Ceiba","layer":"Rios y Arroyos"},"geometry":{"type":"LineString","coordinates":[[-60.70829,-32.52215],[-60.70799,-32.52316],[-60.70757,-32.52387],[-60.70707,-32.5245],[-60.70682,-32.52516],[-60.70649,-32.52619],[-60.70577,-32.52721],[-60.70533,-32.52802],[-60.70484,-32.52924],[-60.70422,-32.53029],[-60.70358,-32.53086],[-60.70135,-32.53112],[-60.70024,-32.53137],[-60.69946,-32.5318],[-60.69807,-32.53263],[-60.69652,-32.5334],[-60.69517,-32.53382],[-60.69346,-32.53407],[-60.69159,-32.53408],[-60.69023,-32.53415],[-60.689,-32.53413],[-60.68794,-32.53372],[-60.68625,-32.53317],[-60.68403,-32.53267],[-60.68242,-32.53242],[-60.68074,-32.53232],[-60.67961,-32.53234],[-60.67843,-32.53266],[-60.67747,-32.53312],[-60.67653,-32.53365],[-60.67568,-32.53408],[-60.6748,-32.53475],[-60.6743,-32.53532],[-60.67368,-32.53604],[-60.6733,-32.5365],[-60.67287,-32.53703],[-60.67244,-32.53783],[-60.67247,-32.53862],[-60.6725,-32.53973],[-60.67225,-32.54043],[-60.6713,-32.54106],[-60.67017,-32.54168],[-60.66898,-32.54283],[-60.6674,-32.5437],[-60.66541,-32.54438],[-60.66364,-32.54475],[-60.66208,-32.54465],[-60.66038,-32.54454],[-60.6582,-32.54493],[-60.65577,-32.54529],[-60.65347,-32.54584],[-60.65199,-32.54653],[-60.65031,-32.54784],[-60.64903,-32.54878],[-60.64799,-32.55004],[-60.64742,-32.55142],[-60.64687,-32.55391],[-60.64682,-32.5553],[-60.64753,-32.55657],[-60.64849,-32.55712],[-60.64948,-32.55757],[-60.64963,-32.55893],[-60.64962,-32.56052],[-60.6494,-32.56353],[-60.64987,-32.56581],[-60.64961,-32.56629],[-60.64794,-32.56628],[-60.64677,-32.56662],[-60.64498,-32.56714],[-60.64414,-32.56692],[-60.64345,-32.56599],[-60.64284,-32.56492],[-60.64296,-32.56452],[-60.64357,-32.56415],[-60.64427,-32.56383],[-60.64457,-32.5631],[-60.64459,-32.562],[-60.64429,-32.56127],[-60.64362,-32.56089],[-60.64278,-32.56095],[-60.6416,-32.56141],[-60.64042,-32.56159]]}},{"type":"Feature","properties":{"name":"Arrollo Amarillo","layer":"Rios y Arroyos"},"geometry":{"type":"LineString","coordinates":[[-60.69819,-32.06559],[-60.69924,-32.06547],[-60.6998,-32.06559],[-60.70129,-32.0663],[-60.70171,-32.0667],[-60.70244,-32.06713],[-60.70339,-32.0674],[-60.70416,-32.06749],[-60.70459,-32.06741],[-60.70519,-32.06716],[-60.70568,-32.06714],[-60.7065,-32.06731],[-60.70763,-32.06764],[-60.7086,-32.0678],[-60.70954,-32.06788],[-60.71074,-32.06795],[-60.7112,-32.06791],[-60.71187,-32.06789],[-60.71292,-32.0682],[-60.71372,-32.06856],[-60.71429,-32.069],[-60.71469,-32.06949],[-60.71505,-32.07009],[-60.71534,-32.07038],[-60.71582,-32.07061],[-60.71628,-32.07068],[-60.7174,-32.07068],[-60.71834,-32.0708],[-60.71953,-32.07096],[-60.72121,-32.07114],[-60.7221,-32.07115],[-60.72301,-32.07127],[-60.72344,-32.07161],[-60.7236,-32.07206],[-60.72374,-32.07312],[-60.72417,-32.07395],[-60.72504,-32.07466],[-60.72583,-32.0752],[-60.72618,-32.07554],[-60.72628,-32.07583],[-60.72652,-32.07614],[-60.72679,-32.07679],[-60.72686,-32.07715],[-60.72733,-32.07857],[-60.72728,-32.07859],[-60.72815,-32.08064],[-60.72846,-32.0812],[-60.72917,-32.08191],[-60.72966,-32.08198],[-60.73046,-32.08227],[-60.73064,-32.08246],[-60.73093,-32.08269],[-60.73171,-32.08303],[-60.73211,-32.08309],[-60.73255,-32.0832],[-60.7329,-32.0834],[-60.73307,-32.0837],[-60.73319,-32.08438],[-60.73333,-32.08472],[-60.73348,-32.08524],[-60.73358,-32.08538],[-60.73403,-32.08576],[-60.73435,-32.08608],[-60.73459,-32.08664],[-60.73473,-32.0871],[-60.73488,-32.08752],[-60.73511,-32.08784],[-60.73516,-32.08819],[-60.73509,-32.08861],[-60.73513,-32.08896],[-60.73527,-32.08907],[-60.73558,-32.08916],[-60.73613,-32.08923],[-60.73649,-32.08923],[-60.73699,-32.08931],[-60.73757,-32.0894],[-60.73808,-32.08967],[-60.73824,-32.09004],[-60.73819,-32.09054],[-60.73814,-32.09108],[-60.73822,-32.09147],[-60.73854,-32.09193],[-60.73872,-32.09221],[-60.73873,-32.09234],[-60.73952,-32.09277],[-60.73967,-32.09275],[-60.74012,-32.09293],[-60.7408,-32.09323],[-60.74116,-32.09336],[-60.74148,-32.09346],[-60.74196,-32.09375],[-60.74267,-32.09421],[-60.74319,-32.09451],[-60.74463,-32.09514],[-60.74554,-32.09572],[-60.74619,-32.09587]]}},{"type":"Feature","properties":{"name":"Arroyo Bellaco Grande","layer":"Rios y Arroyos"},"geometry":{"type":"LineString","coordinates":[[-60.69429,-32.08072],[-60.69477,-32.08089],[-60.69542,-32.0813],[-60.69618,-32.08192],[-60.69661,-32.08232],[-60.69761,-32.08289],[-60.69846,-32.08331],[-60.7,-32.0844],[-60.70107,-32.08496],[-60.70351,-32.08646],[-60.70462,-32.08716],[-60.70584,-32.08808],[-60.70692,-32.08875],[-60.70746,-32.08892],[-60.70849,-32.08911],[-60.70901,-32.08918],[-60.71038,-32.08911],[-60.71151,-32.08898],[-60.71331,-32.08914],[-60.71486,-32.08913],[-60.71689,-32.08935],[-60.71774,-32.08958],[-60.71872,-32.09005],[-60.71931,-32.09056],[-60.71972,-32.09127],[-60.71982,-32.09192],[-60.71963,-32.09271],[-60.71939,-32.09334],[-60.71926,-32.09396],[-60.71927,-32.09469],[-60.71953,-32.09518],[-60.72053,-32.09644],[-60.72149,-32.09748],[-60.72281,-32.09885],[-60.72387,-32.09997],[-60.72602,-32.10171],[-60.72823,-32.10342],[-60.72945,-32.10508],[-60.72974,-32.10572],[-60.73022,-32.10759],[-60.73106,-32.11005],[-60.73154,-32.11225],[-60.73117,-32.11428],[-60.72995,-32.11612],[-60.72893,-32.11758],[-60.72838,-32.11892],[-60.72811,-32.12054],[-60.72791,-32.12403],[-60.72844,-32.12523],[-60.72841,-32.12683]]}},{"type":"Feature","properties":{"name":"Madrejón Los Vascos","layer":"Rios y Arroyos"},"geometry":{"type":"LineString","coordinates":[[-60.65173,-32.48859],[-60.65127,-32.48901],[-60.65121,-32.48971],[-60.65209,-32.49103],[-60.6522,-32.49161],[-60.65179,-32.49527],[-60.65194,-32.49573],[-60.65241,-32.4958],[-60.65397,-32.49565],[-60.65504,-32.49587],[-60.65559,-32.49645],[-60.65569,-32.49709],[-60.6554,-32.49769],[-60.65517,-32.49852],[-60.65499,-32.49954],[-60.65459,-32.50008],[-60.65304,-32.50051],[-60.65189,-32.50101],[-60.65117,-32.50198],[-60.6505,-32.50493],[-60.65053,-32.50559],[-60.65086,-32.50615],[-60.65242,-32.50759],[-60.65367,-32.50903],[-60.65423,-32.50959],[-60.65598,-32.51002],[-60.6572,-32.51045],[-60.65788,-32.51094],[-60.65806,-32.51133],[-60.65777,-32.51179],[-60.65693,-32.51239],[-60.65577,-32.51238],[-60.65468,-32.51241],[-60.65406,-32.51269],[-60.65382,-32.51327],[-60.65434,-32.51421],[-60.65527,-32.51523],[-60.65575,-32.51588],[-60.65563,-32.51628],[-60.65497,-32.51665],[-60.65331,-32.51705],[-60.65159,-32.51724],[-60.65098,-32.51746],[-60.65135,-32.51868],[-60.65197,-32.52026],[-60.65233,-32.52078],[-60.65298,-32.52088],[-60.65395,-32.52065],[-60.6554,-32.52003],[-60.65639,-32.51977],[-60.6571,-32.51971],[-60.65773,-32.51973],[-60.65822,-32.52004],[-60.65874,-32.52067],[-60.65935,-32.5221],[-60.6592,-32.52277],[-60.65877,-32.52314],[-60.65779,-32.52334],[-60.65708,-32.52343],[-60.65678,-32.52385],[-60.65713,-32.52425],[-60.65818,-32.52455],[-60.66,-32.52477],[-60.66068,-32.52494],[-60.66074,-32.52553],[-60.66057,-32.52709],[-60.66024,-32.52752],[-60.6594,-32.52752],[-60.65781,-32.52743],[-60.65096,-32.52759],[-60.64929,-32.52776],[-60.64665,-32.52766],[-60.64624,-32.52758],[-60.64627,-32.52729],[-60.64651,-32.52696],[-60.64704,-32.52663],[-60.64731,-32.52599],[-60.64706,-32.52574],[-60.64681,-32.52529],[-60.64624,-32.52474],[-60.6462,-32.52429],[-60.646,-32.52418],[-60.64563,-32.52435],[-60.6452,-32.52476],[-60.64518,-32.52523],[-60.64472,-32.52591],[-60.64139,-32.52837],[-60.63912,-32.53153],[-60.63776,-32.53155],[-60.63522,-32.53153],[-60.63419,-32.53403],[-60.63345,-32.53601],[-60.63278,-32.5367],[-60.63161,-32.53693],[-60.63039,-32.53811],[-60.62918,-32.53968],[-60.62886,-32.53964],[-60.6284,-32.53949],[-60.62607,-32.53963],[-60.6256,-32.53978],[-60.6253,-32.54001],[-60.62541,-32.54042],[-60.62573,-32.54072],[-60.62574,-32.54107],[-60.62613,-32.54124],[-60.62602,-32.54163],[-60.62605,-32.54193],[-60.6263,-32.5422]]}},{"type":"Feature","properties":{"name":"Arroyo Colastiné","layer":"Rios y Arroyos"},"geometry":{"type":"LineString","coordinates":[[-60.92926,-32.02499],[-60.93056,-32.02431],[-60.93126,-32.02374],[-60.93215,-32.02337],[-60.93318,-32.02368],[-60.93437,-32.02364],[-60.93565,-32.02309],[-60.93745,-32.02279],[-60.93899,-32.02309],[-60.93988,-32.023],[-60.94083,-32.023],[-60.94296,-32.02319],[-60.94398,-32.02362],[-60.94525,-32.02373],[-60.94638,-32.02356],[-60.94759,-32.02314],[-60.94924,-32.02306],[-60.95063,-32.02306],[-60.95138,-32.02298],[-60.95217,-32.02262],[-60.95331,-32.02204],[-60.95464,-32.02172],[-60.95566,-32.02161],[-60.95697,-32.02112],[-60.95776,-32.02126],[-60.95842,-32.02154],[-60.96767,-32.02004],[-60.96845,-32.01998],[-60.96893,-32.02019],[-60.96947,-32.02039],[-60.97038,-32.02042],[-60.97077,-32.02008],[-60.97114,-32.01957],[-60.97161,-32.01938],[-60.9728,-32.01923],[-60.97382,-32.01893]]}},{"type":"Feature","properties":{"name":"Arroyo Monje","layer":"Rios y Arroyos"},"geometry":{"type":"LineString","coordinates":[[-60.87109,-32.33256],[-60.87345,-32.33408],[-60.87432,-32.33487],[-60.87542,-32.33548],[-60.87572,-32.33676],[-60.87635,-32.33729],[-60.87755,-32.33794],[-60.87786,-32.33835],[-60.87785,-32.33891],[-60.87749,-32.33996],[-60.87735,-32.34085],[-60.87749,-32.34188],[-60.87821,-32.34262],[-60.87854,-32.34419],[-60.87839,-32.3452],[-60.87945,-32.34615],[-60.87961,-32.34715],[-60.87955,-32.34809],[-60.87939,-32.34869],[-60.87998,-32.3503],[-60.88123,-32.3515],[-60.88203,-32.35274],[-60.88252,-32.35307],[-60.88307,-32.35365],[-60.8835,-32.35425],[-60.8837,-32.35496],[-60.88461,-32.35581],[-60.88573,-32.35612],[-60.88618,-32.35643],[-60.8867,-32.35831],[-60.88717,-32.3586],[-60.88791,-32.35898],[-60.88842,-32.3597],[-60.88855,-32.36056],[-60.8884,-32.36123],[-60.88836,-32.36169],[-60.88864,-32.3621],[-60.88914,-32.36253],[-60.8894,-32.36398],[-60.88943,-32.36465],[-60.89039,-32.3649],[-60.89118,-32.36541],[-60.89158,-32.36613],[-60.89205,-32.36734],[-60.89231,-32.36782],[-60.893,-32.36886],[-60.89306,-32.37004],[-60.89297,-32.37063],[-60.89346,-32.37136],[-60.89408,-32.37183],[-60.89447,-32.37242],[-60.89518,-32.37375],[-60.89527,-32.37469],[-60.89499,-32.37599],[-60.89504,-32.37711],[-60.89546,-32.37809],[-60.89606,-32.37852],[-60.89718,-32.37913],[-60.89809,-32.37982],[-60.8991,-32.38042],[-60.90055,-32.38106],[-60.9019,-32.382],[-60.90306,-32.3827],[-60.90421,-32.38317],[-60.90526,-32.38338],[-60.9069,-32.3835],[-60.90772,-32.3838],[-60.90956,-32.38479],[-60.91074,-32.38546],[-60.91101,-32.38591],[-60.911,-32.38702],[-60.91154,-32.3876],[-60.91418,-32.38974],[-60.91598,-32.39097],[-60.91807,-32.39213],[-60.9189,-32.39238],[-60.91972,-32.39238],[-60.92078,-32.39209],[-60.92295,-32.39134],[-60.92403,-32.39096],[-60.92495,-32.39069],[-60.92564,-32.3906],[-60.92634,-32.39064],[-60.92731,-32.39097]]}},{"type":"Feature","properties":{"name":"Rio Carcaraña","layer":"Rios y Arroyos"},"geometry":{"type":"LineString","coordinates":[[-60.80378,-32.44236],[-60.8066,-32.44436],[-60.80935,-32.44616],[-60.81171,-32.44765],[-60.81294,-32.44882],[-60.81355,-32.45003],[-60.81316,-32.45111],[-60.81264,-32.45187],[-60.81261,-32.45285],[-60.81323,-32.45348],[-60.81424,-32.45359],[-60.81504,-32.45305],[-60.8152,-32.45227],[-60.81473,-32.45107],[-60.81486,-32.45051],[-60.81546,-32.45046],[-60.81649,-32.45106],[-60.81888,-32.45345],[-60.82176,-32.45511],[-60.82218,-32.45573],[-60.82191,-32.45674],[-60.82126,-32.45737],[-60.8207,-32.45795],[-60.8207,-32.45846],[-60.82149,-32.45857],[-60.82383,-32.45722],[-60.82532,-32.45625],[-60.82677,-32.45596],[-60.82834,-32.45582],[-60.8289,-32.45598],[-60.82879,-32.45657],[-60.82737,-32.45826],[-60.82549,-32.459],[-60.82503,-32.45931],[-60.82542,-32.45991],[-60.82737,-32.46015],[-60.82986,-32.45981],[-60.83046,-32.45921],[-60.831,-32.45935],[-60.83196,-32.46075],[-60.83391,-32.4618],[-60.83507,-32.46266],[-60.83594,-32.46449],[-60.83696,-32.46585],[-60.83874,-32.46681],[-60.84279,-32.46774],[-60.84474,-32.4678],[-60.84514,-32.46822],[-60.8452,-32.46934],[-60.84553,-32.47048],[-60.84674,-32.47108],[-60.84905,-32.47169],[-60.85027,-32.47269],[-60.85131,-32.47357],[-60.8542,-32.47389],[-60.85519,-32.47425],[-60.85504,-32.47519],[-60.85273,-32.47738],[-60.85169,-32.47836],[-60.85107,-32.47983],[-60.85084,-32.48113],[-60.85197,-32.48231],[-60.85271,-32.48309],[-60.85269,-32.48402],[-60.85198,-32.48452],[-60.85032,-32.48432],[-60.84981,-32.48456],[-60.84932,-32.48577],[-60.84981,-32.48891],[-60.85075,-32.48958],[-60.85264,-32.48992],[-60.85303,-32.49036],[-60.85293,-32.49119],[-60.85246,-32.49169],[-60.85191,-32.49251],[-60.85211,-32.49314],[-60.85311,-32.49445],[-60.85506,-32.497],[-60.85737,-32.49916],[-60.85888,-32.50039],[-60.85972,-32.50161],[-60.85982,-32.5022],[-60.85898,-32.50292],[-60.85672,-32.50363],[-60.85573,-32.50429],[-60.85411,-32.50619],[-60.85366,-32.50744],[-60.85337,-32.50856],[-60.85204,-32.50985],[-60.85141,-32.51063],[-60.85162,-32.51126],[-60.85307,-32.51203],[-60.85522,-32.51234],[-60.85617,-32.51299],[-60.85667,-32.51414],[-60.85638,-32.51539],[-60.85424,-32.51757],[-60.85179,-32.51978],[-60.85093,-32.52195],[-60.85038,-32.52281],[-60.84948,-32.52302],[-60.84756,-32.52221],[-60.84706,-32.52239],[-60.84678,-32.52349],[-60.84718,-32.52576],[-60.84744,-32.52719],[-60.84785,-32.52969],[-60.849,-32.53102],[-60.85072,-32.53212],[-60.85188,-32.53267],[-60.85245,-32.53368],[-60.85216,-32.53445],[-60.84989,-32.53522],[-60.8492,-32.53541],[-60.84779,-32.5368],[-60.84621,-32.53806],[-60.84584,-32.53857],[-60.84589,-32.53915],[-60.84638,-32.53983],[-60.84761,-32.53997],[-60.84888,-32.54018],[-60.84943,-32.54059],[-60.84934,-32.5415],[-60.8488,-32.54259],[-60.84764,-32.54381],[-60.84728,-32.54633],[-60.84724,-32.54912],[-60.84785,-32.55105],[-60.84845,-32.55349],[-60.84864,-32.5549],[-60.84923,-32.55646],[-60.84857,-32.55949],[-60.84821,-32.56058],[-60.84735,-32.56166],[-60.84711,-32.56248],[-60.84723,-32.56364],[-60.84761,-32.56447],[-60.84744,-32.56568],[-60.84652,-32.56891],[-60.84588,-32.57023],[-60.84453,-32.5701],[-60.84364,-32.56978],[-60.8427,-32.57021],[-60.84214,-32.57146],[-60.8422,-32.57212],[-60.84275,-32.5734],[-60.84325,-32.57406],[-60.84399,-32.57469],[-60.84408,-32.57526],[-60.84367,-32.57601],[-60.84288,-32.57666],[-60.84279,-32.57746],[-60.84317,-32.57894],[-60.8433,-32.58006],[-60.84311,-32.58119],[-60.84305,-32.58254],[-60.84247,-32.58384],[-60.84263,-32.58528],[-60.84312,-32.58585],[-60.84302,-32.58636],[-60.84166,-32.5868],[-60.84029,-32.5868],[-60.83932,-32.58699],[-60.83864,-32.58736],[-60.83828,-32.58781],[-60.83856,-32.58838],[-60.83935,-32.58894],[-60.84136,-32.58928],[-60.84243,-32.58986],[-60.84245,-32.5905],[-60.84181,-32.59132],[-60.8404,-32.5932],[-60.83964,-32.5947],[-60.83877,-32.59515],[-60.83709,-32.59567],[-60.83665,-32.5961],[-60.83653,-32.59661],[-60.83645,-32.59721],[-60.8355,-32.59769],[-60.8342,-32.59756],[-60.83359,-32.59753],[-60.83166,-32.59966],[-60.8303,-32.60084],[-60.82938,-32.60191],[-60.82899,-32.60336],[-60.82918,-32.60503],[-60.82907,-32.60616],[-60.82796,-32.60702],[-60.82635,-32.60786],[-60.82453,-32.61008],[-60.82422,-32.61126],[-60.82367,-32.61219],[-60.824,-32.61331],[-60.82467,-32.61392],[-60.82394,-32.61465],[-60.82199,-32.61572],[-60.82063,-32.61589],[-60.81916,-32.61726],[-60.81815,-32.61876],[-60.81723,-32.6212],[-60.8166,-32.6223],[-60.81703,-32.62402],[-60.81664,-32.62479],[-60.81589,-32.62641],[-60.81644,-32.6272],[-60.81705,-32.62839],[-60.81673,-32.62932],[-60.8159,-32.63028],[-60.81548,-32.63134],[-60.81532,-32.63261],[-60.81508,-32.63389],[-60.81347,-32.63564],[-60.81266,-32.63568],[-60.81222,-32.63632],[-60.81216,-32.63724],[-60.8127,-32.63799],[-60.81431,-32.63878]]}},{"type":"Feature","properties":{"name":"Paso Copello","layer":"Rios y Arroyos"},"geometry":{"type":"LineString","coordinates":[[-60.75535,-32.60996],[-60.75017,-32.62792],[-60.74381,-32.64138],[-60.73121,-32.65536],[-60.71652,-32.67454],[-60.70168,-32.70208]]}},{"type":"Feature","properties":{"name":"Arroyo El Bobo","layer":"Rios y Arroyos"},"geometry":{"type":"LineString","coordinates":[[-60.71581,-32.66396],[-60.71532,-32.66248],[-60.71431,-32.66192],[-60.71204,-32.662],[-60.70898,-32.66353],[-60.70603,-32.66591],[-60.70098,-32.66923],[-60.69623,-32.67184],[-60.69382,-32.67422],[-60.69266,-32.6765],[-60.69162,-32.67845],[-60.68972,-32.67943],[-60.68507,-32.67998],[-60.68306,-32.6796],[-60.68204,-32.67849],[-60.68223,-32.6768],[-60.68256,-32.6755],[-60.68182,-32.67473],[-60.68055,-32.67508],[-60.67882,-32.67485],[-60.67778,-32.67374],[-60.67701,-32.67019],[-60.67469,-32.66638],[-60.6724,-32.66345],[-60.67001,-32.66268],[-60.66785,-32.66235]]}},{"type":"Feature","properties":{"name":"Arroyo Careaga","layer":"Rios y Arroyos"},"geometry":{"type":"LineString","coordinates":[[-60.6233,-32.63991],[-60.62093,-32.63852],[-60.61926,-32.63787],[-60.61745,-32.63751],[-60.61537,-32.63763],[-60.61404,-32.63816],[-60.6112,-32.64006],[-60.61013,-32.6405],[-60.60862,-32.64078],[-60.60671,-32.64053],[-60.60463,-32.63971],[-60.60165,-32.63906],[-60.59802,-32.63848],[-60.59518,-32.63785],[-60.59334,-32.63702],[-60.58984,-32.63515],[-60.58735,-32.63299],[-60.58497,-32.63122],[-60.58186,-32.62836],[-60.58,-32.62592],[-60.57812,-32.62289],[-60.57686,-32.62087],[-60.57568,-32.62017],[-60.57301,-32.61909],[-60.56851,-32.61682],[-60.56517,-32.61535],[-60.56255,-32.61498],[-60.55993,-32.61522],[-60.55643,-32.61557],[-60.55455,-32.61509],[-60.55247,-32.61463],[-60.55025,-32.61504],[-60.54856,-32.61653],[-60.54579,-32.61791],[-60.54281,-32.61863],[-60.53972,-32.61988],[-60.53862,-32.61993],[-60.53768,-32.61959],[-60.537,-32.61886],[-60.53575,-32.61709],[-60.53426,-32.61615],[-60.53014,-32.61441],[-60.5283,-32.6134],[-60.52728,-32.6124],[-60.52616,-32.61153],[-60.52429,-32.61091],[-60.52202,-32.61086],[-60.51983,-32.61107],[-60.51799,-32.61049],[-60.5151,-32.60901],[-60.51339,-32.60881],[-60.51187,-32.60932],[-60.51099,-32.61003],[-60.51009,-32.61012],[-60.50927,-32.60963],[-60.50828,-32.60823],[-60.50725,-32.6053],[-60.50624,-32.60445],[-60.5053,-32.60443],[-60.50404,-32.60501],[-60.50295,-32.60533],[-60.50194,-32.60498],[-60.50089,-32.60418],[-60.50094,-32.60289],[-60.49907,-32.59673],[-60.49785,-32.59536],[-60.49612,-32.59542],[-60.49384,-32.59605],[-60.48496,-32.59722],[-60.4843,-32.59776],[-60.4836,-32.5997],[-60.48284,-32.60074],[-60.47974,-32.60252],[-60.47941,-32.60338],[-60.47965,-32.60505],[-60.4794,-32.60616],[-60.47825,-32.60705],[-60.47399,-32.60761],[-60.47194,-32.60838],[-60.46896,-32.60989],[-60.46019,-32.6114],[-60.45159,-32.61283],[-60.44629,-32.61511],[-60.44162,-32.61616],[-60.43901,-32.61605],[-60.43586,-32.6153],[-60.43305,-32.61488],[-60.42908,-32.61454],[-60.42727,-32.61416],[-60.42512,-32.61314],[-60.42426,-32.61221],[-60.42286,-32.60974],[-60.42144,-32.60824],[-60.42008,-32.60756],[-60.41772,-32.607],[-60.41467,-32.6066],[-60.41036,-32.60647],[-60.3994,-32.60571],[-60.3953,-32.60603],[-60.39211,-32.60771],[-60.38846,-32.61032],[-60.38544,-32.61194],[-60.38131,-32.61213],[-60.37799,-32.61266],[-60.37339,-32.61442],[-60.3692,-32.61664],[-60.36607,-32.61772],[-60.36415,-32.61728],[-60.36052,-32.61394],[-60.3543,-32.60625],[-60.3512,-32.60475],[-60.34473,-32.6041],[-60.34028,-32.60562],[-60.33388,-32.60715],[-60.3289,-32.60694],[-60.32549,-32.60514],[-60.32131,-32.60243],[-60.31929,-32.6021],[-60.316,-32.60294],[-60.31303,-32.60414],[-60.30995,-32.60629],[-60.30852,-32.60664],[-60.30544,-32.60595],[-60.29782,-32.60406],[-60.29169,-32.60105],[-60.28922,-32.6002],[-60.28716,-32.60027],[-60.28434,-32.60237],[-60.28011,-32.60553],[-60.27723,-32.60834],[-60.27575,-32.60892],[-60.2728,-32.60889],[-60.27094,-32.60911],[-60.26515,-32.61324],[-60.26083,-32.61512],[-60.25637,-32.6162],[-60.25456,-32.61716],[-60.25359,-32.61878],[-60.2537,-32.62147],[-60.25302,-32.62325],[-60.2513,-32.62392],[-60.24918,-32.62359],[-60.24528,-32.62417],[-60.24257,-32.62313],[-60.24046,-32.62137],[-60.23839,-32.61959],[-60.23632,-32.62044],[-60.23423,-32.62435],[-60.2337,-32.62654],[-60.23158,-32.62724],[-60.22772,-32.6271],[-60.22479,-32.62595],[-60.21875,-32.62755],[-60.2163,-32.62883],[-60.21324,-32.62893],[-60.21092,-32.62993],[-60.20881,-32.63148],[-60.20703,-32.63363],[-60.20598,-32.63512],[-60.20474,-32.63567]]}},{"type":"Feature","properties":{"name":"Arroyo Salado","layer":"Rios y Arroyos"},"geometry":{"type":"LineString","coordinates":[[-60.21547,-32.69947],[-60.21342,-32.69986],[-60.21202,-32.70007],[-60.21137,-32.6999],[-60.21088,-32.69956],[-60.2107,-32.69889],[-60.21045,-32.6985],[-60.20972,-32.69831],[-60.20891,-32.69847],[-60.20616,-32.69853],[-60.20566,-32.69831],[-60.2054,-32.69792],[-60.20485,-32.69754],[-60.20395,-32.69738],[-60.20302,-32.69712],[-60.20241,-32.69682],[-60.2017,-32.69683],[-60.20094,-32.69734],[-60.20026,-32.69766],[-60.19888,-32.69752],[-60.19788,-32.69763],[-60.19717,-32.69786],[-60.19635,-32.69872],[-60.19558,-32.69971],[-60.19461,-32.70059],[-60.19373,-32.70073],[-60.19209,-32.70068],[-60.19093,-32.70044],[-60.18984,-32.69975],[-60.18868,-32.69915],[-60.18724,-32.69867],[-60.18521,-32.69844],[-60.18361,-32.69847],[-60.18173,-32.69881],[-60.18097,-32.69883],[-60.17973,-32.69873],[-60.1788,-32.69889],[-60.17677,-32.69953],[-60.17551,-32.69995],[-60.17449,-32.70059],[-60.17366,-32.70168],[-60.17294,-32.70256],[-60.17168,-32.70341],[-60.17092,-32.70404],[-60.17057,-32.70483],[-60.17064,-32.70632],[-60.17093,-32.70748],[-60.17123,-32.70965],[-60.17237,-32.71067],[-60.17458,-32.71262],[-60.17632,-32.71371],[-60.17791,-32.71465],[-60.17903,-32.71631],[-60.17933,-32.71876],[-60.17872,-32.72115],[-60.17666,-32.72477],[-60.17335,-32.72841],[-60.1694,-32.73157],[-60.16683,-32.73294],[-60.16276,-32.73445],[-60.15921,-32.73604],[-60.15522,-32.73757],[-60.15191,-32.73921],[-60.14796,-32.74052],[-60.1441,-32.74131],[-60.14022,-32.74161],[-60.13317,-32.74174],[-60.1289,-32.74233],[-60.1253,-32.74343],[-60.12437,-32.7451],[-60.12266,-32.74663],[-60.12015,-32.74821],[-60.11822,-32.75014],[-60.11574,-32.75466],[-60.11385,-32.7574],[-60.1127,-32.75882],[-60.11238,-32.76078],[-60.11227,-32.76406],[-60.11202,-32.76814],[-60.11223,-32.76992],[-60.11344,-32.77182],[-60.11517,-32.77312],[-60.11782,-32.7743]]}},{"type":"Feature","properties":{"name":"Riacho Paranacito","layer":"Rios y Arroyos"},"geometry":{"type":"LineString","coordinates":[[-60.66526,-32.3104],[-60.66463,-32.31593],[-60.6637,-32.31752],[-60.66188,-32.31797],[-60.65971,-32.31733],[-60.6563,-32.31761],[-60.65338,-32.31873],[-60.65254,-32.31992],[-60.6522,-32.32228],[-60.65162,-32.32337],[-60.64711,-32.326],[-60.64598,-32.32703],[-60.64564,-32.32796],[-60.64592,-32.32898],[-60.64775,-32.33381],[-60.64903,-32.33711],[-60.64852,-32.33853],[-60.64772,-32.33963],[-60.64512,-32.3417],[-60.64267,-32.34254],[-60.6407,-32.3434],[-60.63939,-32.34442],[-60.63741,-32.34536],[-60.63675,-32.34614],[-60.63659,-32.34682],[-60.63673,-32.3499],[-60.63591,-32.35134],[-60.63448,-32.35193],[-60.63316,-32.35221],[-60.63267,-32.35262],[-60.63208,-32.35436],[-60.62992,-32.35575],[-60.62818,-32.35623],[-60.62629,-32.35573],[-60.62497,-32.35608],[-60.6241,-32.35695],[-60.62418,-32.3579],[-60.62539,-32.35945],[-60.62626,-32.36145],[-60.62654,-32.36277],[-60.6262,-32.36355],[-60.62515,-32.36412],[-60.62381,-32.36366],[-60.62293,-32.36255],[-60.62212,-32.362],[-60.61948,-32.36265],[-60.61876,-32.36365],[-60.61778,-32.36727],[-60.6174,-32.36904],[-60.61749,-32.37107],[-60.61792,-32.37221],[-60.6185,-32.37328],[-60.61823,-32.37473],[-60.61836,-32.37586],[-60.61916,-32.37704],[-60.61904,-32.37777],[-60.61808,-32.3779],[-60.61587,-32.37874],[-60.61441,-32.38012],[-60.61352,-32.38204],[-60.61262,-32.38263],[-60.61176,-32.38235],[-60.61055,-32.38179],[-60.60986,-32.38196],[-60.60859,-32.38273],[-60.60691,-32.38377],[-60.60563,-32.38508],[-60.60497,-32.38627],[-60.60433,-32.38746],[-60.60356,-32.38757],[-60.60238,-32.38739],[-60.60198,-32.38759],[-60.60189,-32.38846],[-60.60097,-32.3889],[-60.6003,-32.38872],[-60.59891,-32.38681],[-60.59768,-32.38586],[-60.59623,-32.38531],[-60.59401,-32.38548],[-60.59195,-32.38542],[-60.59114,-32.38573],[-60.59121,-32.38625],[-60.59196,-32.38685],[-60.59499,-32.38871],[-60.59764,-32.39023],[-60.59807,-32.39105],[-60.59738,-32.39253],[-60.59717,-32.39427],[-60.59776,-32.39503],[-60.59837,-32.39566],[-60.59906,-32.39675],[-60.59866,-32.39766],[-60.59593,-32.39952],[-60.59513,-32.39934],[-60.59481,-32.39877],[-60.59418,-32.39774],[-60.59336,-32.3971],[-60.58859,-32.39569],[-60.5863,-32.39484],[-60.58418,-32.39382],[-60.58369,-32.39404],[-60.58292,-32.39562],[-60.58237,-32.39724],[-60.58184,-32.3994],[-60.58119,-32.4001],[-60.58037,-32.40049],[-60.57964,-32.3998],[-60.57851,-32.39881],[-60.57782,-32.39883],[-60.57773,-32.3999],[-60.57789,-32.40105],[-60.57751,-32.40144],[-60.57626,-32.40177],[-60.57605,-32.40219],[-60.57647,-32.40344],[-60.57628,-32.40417],[-60.57582,-32.40459],[-60.57461,-32.40478],[-60.57393,-32.40534],[-60.57386,-32.40614],[-60.57355,-32.40712],[-60.57298,-32.408],[-60.57154,-32.40861],[-60.57006,-32.40865],[-60.56905,-32.40829],[-60.56851,-32.40862],[-60.5683,-32.40944],[-60.56779,-32.41059],[-60.56735,-32.41174],[-60.56735,-32.41248],[-60.56773,-32.41327],[-60.56764,-32.41392],[-60.5671,-32.41424],[-60.56616,-32.41429],[-60.56533,-32.41448],[-60.56417,-32.41489],[-60.56348,-32.41553],[-60.56283,-32.41671],[-60.5622,-32.4177],[-60.56139,-32.41804],[-60.56048,-32.41753],[-60.5596,-32.41736],[-60.55773,-32.41927],[-60.55573,-32.41886],[-60.55354,-32.41898],[-60.55139,-32.41958],[-60.5502,-32.4198],[-60.54966,-32.4204],[-60.54971,-32.42107],[-60.55025,-32.42149],[-60.55098,-32.42218],[-60.55108,-32.42256],[-60.55085,-32.42282],[-60.54988,-32.42289],[-60.54796,-32.42279],[-60.54712,-32.42243],[-60.54717,-32.42157],[-60.54748,-32.42042],[-60.54736,-32.4188],[-60.54814,-32.41753],[-60.54807,-32.41706],[-60.54562,-32.41562],[-60.54518,-32.41564],[-60.54432,-32.41609],[-60.544,-32.41575],[-60.54433,-32.41486],[-60.5444,-32.41389],[-60.54384,-32.41206],[-60.54336,-32.41145],[-60.54224,-32.41099],[-60.54101,-32.40964],[-60.54063,-32.40874],[-60.54003,-32.40778],[-60.53964,-32.40772],[-60.53935,-32.40802],[-60.53892,-32.40882],[-60.53837,-32.40896],[-60.53786,-32.40861],[-60.53683,-32.4076],[-60.5357,-32.40735],[-60.53492,-32.40791],[-60.53467,-32.40876],[-60.53457,-32.40982],[-60.53477,-32.41168],[-60.53467,-32.41258],[-60.53508,-32.41314],[-60.53569,-32.41333],[-60.53599,-32.41381],[-60.53596,-32.41441],[-60.53535,-32.4149],[-60.53522,-32.41548],[-60.53566,-32.41576],[-60.53657,-32.41722],[-60.53677,-32.41819],[-60.53711,-32.41872],[-60.53844,-32.41949],[-60.53917,-32.42018],[-60.53976,-32.42142],[-60.54028,-32.42415],[-60.54121,-32.42803],[-60.54085,-32.42903],[-60.54034,-32.4292],[-60.53919,-32.42853],[-60.53889,-32.4278],[-60.53877,-32.42632],[-60.53752,-32.42561],[-60.53649,-32.42564],[-60.53581,-32.42627],[-60.53558,-32.42752],[-60.53422,-32.4286],[-60.53343,-32.43119],[-60.53051,-32.43386],[-60.52822,-32.43506],[-60.52601,-32.43662],[-60.52546,-32.43773],[-60.52594,-32.44284],[-60.52601,-32.44408],[-60.52644,-32.44479],[-60.52724,-32.44514],[-60.52825,-32.44495],[-60.53003,-32.44451],[-60.53143,-32.44486],[-60.53156,-32.44573],[-60.53144,-32.44608],[-60.53062,-32.44679],[-60.53,-32.44824],[-60.52992,-32.44947],[-60.53019,-32.45059],[-60.53076,-32.45155],[-60.5314,-32.45238],[-60.53182,-32.45293],[-60.53222,-32.45391],[-60.53195,-32.45429],[-60.53052,-32.4545],[-60.52448,-32.45507],[-60.52376,-32.45557],[-60.52348,-32.45628],[-60.52349,-32.45747],[-60.52296,-32.4583],[-60.52228,-32.45842],[-60.52066,-32.4584],[-60.52018,-32.4588],[-60.52004,-32.45977],[-60.51927,-32.46036],[-60.51867,-32.46029],[-60.51564,-32.45879],[-60.5151,-32.45733],[-60.51434,-32.45667],[-60.51205,-32.45605],[-60.51065,-32.45649],[-60.50693,-32.45764],[-60.50653,-32.45838],[-60.5069,-32.45925],[-60.50824,-32.46075],[-60.50828,-32.46259],[-60.50735,-32.464],[-60.50721,-32.46568],[-60.50794,-32.46849],[-60.50742,-32.46971],[-60.50669,-32.47036],[-60.50581,-32.47066],[-60.50489,-32.47054],[-60.50242,-32.46932],[-60.49928,-32.46907],[-60.49814,-32.46845],[-60.49721,-32.467],[-60.49681,-32.46584],[-60.49664,-32.46466],[-60.49606,-32.46343],[-60.49543,-32.46316],[-60.49483,-32.46354],[-60.49385,-32.46483],[-60.49133,-32.4662],[-60.49104,-32.46701],[-60.49149,-32.46779]]}},{"type":"Feature","properties":{"name":"Madrejon El Laurenzal","layer":"Rios y Arroyos"},"geometry":{"type":"LineString","coordinates":[[-60.60686,-32.62222],[-60.60665,-32.62186],[-60.60634,-32.62159],[-60.6061,-32.62125],[-60.60585,-32.62085],[-60.60583,-32.62062],[-60.60603,-32.62025],[-60.60639,-32.62005],[-60.60648,-32.61992],[-60.60647,-32.61971],[-60.60637,-32.61952],[-60.60635,-32.61864],[-60.60639,-32.61824],[-60.60634,-32.61791],[-60.60585,-32.61731],[-60.60573,-32.61712],[-60.6056,-32.61669],[-60.60545,-32.61652],[-60.60536,-32.6161],[-60.60535,-32.61583],[-60.60509,-32.61565],[-60.60493,-32.61533],[-60.60483,-32.61506],[-60.60488,-32.6147],[-60.60485,-32.61442],[-60.60506,-32.61384],[-60.6058,-32.6131],[-60.60675,-32.61216],[-60.60675,-32.61145],[-60.6058,-32.6099],[-60.6023,-32.60723],[-60.59993,-32.60742],[-60.59726,-32.6081],[-60.59613,-32.60795],[-60.59268,-32.60679],[-60.59016,-32.60615],[-60.58935,-32.60532],[-60.58785,-32.60327],[-60.58719,-32.60102],[-60.58743,-32.59884],[-60.58858,-32.59669],[-60.5913,-32.5945],[-60.59289,-32.59363],[-60.59502,-32.59347],[-60.59723,-32.59363],[-60.59851,-32.59409],[-60.60039,-32.59529],[-60.60302,-32.59746],[-60.60622,-32.59923],[-60.60833,-32.60009],[-60.61163,-32.60089],[-60.6143,-32.60112],[-60.61744,-32.60104],[-60.62091,-32.60062],[-60.62332,-32.60005],[-60.62528,-32.59928],[-60.62611,-32.5989]]}},{"type":"Feature","properties":{"name":"Arroyo La Esperanza","layer":"Rios y Arroyos"},"geometry":{"type":"LineString","coordinates":[[-60.54469,-32.86369],[-60.54407,-32.86215],[-60.54457,-32.86062],[-60.54537,-32.85942],[-60.54595,-32.8585],[-60.54718,-32.85737],[-60.54807,-32.85651],[-60.54801,-32.85609],[-60.54745,-32.85593],[-60.54687,-32.85587],[-60.5465,-32.85548],[-60.54622,-32.85466],[-60.54565,-32.85432],[-60.54515,-32.85377],[-60.54514,-32.85234],[-60.54506,-32.85082],[-60.54523,-32.85034],[-60.54579,-32.84985],[-60.54616,-32.84938],[-60.54714,-32.84892],[-60.54742,-32.84828],[-60.54741,-32.84765],[-60.54688,-32.84752],[-60.54622,-32.84734],[-60.54597,-32.84678],[-60.54575,-32.84621],[-60.54549,-32.84551],[-60.5451,-32.84528],[-60.54434,-32.8454],[-60.54406,-32.84528],[-60.54371,-32.84475]]}},{"type":"Feature","properties":{"name":"Arroyo La Damajuana","layer":"Rios y Arroyos"},"geometry":{"type":"LineString","coordinates":[[-60.72678,-32.47139],[-60.72628,-32.47181],[-60.72536,-32.47206],[-60.72397,-32.47237],[-60.72345,-32.4726],[-60.72279,-32.4732],[-60.72247,-32.47349],[-60.7216,-32.4737],[-60.7213,-32.47388],[-60.72102,-32.47417],[-60.72063,-32.47435],[-60.7202,-32.47434],[-60.71948,-32.47416],[-60.71926,-32.47425],[-60.71895,-32.47451],[-60.71852,-32.47507],[-60.71822,-32.47519],[-60.71795,-32.47508],[-60.71776,-32.47485],[-60.71759,-32.47459],[-60.71758,-32.47434],[-60.71766,-32.47395],[-60.71768,-32.47361],[-60.71759,-32.47341],[-60.71719,-32.47332],[-60.71666,-32.47349],[-60.71621,-32.47387],[-60.71577,-32.47441],[-60.71491,-32.47528],[-60.71386,-32.47608],[-60.71337,-32.47637],[-60.71316,-32.47669],[-60.71322,-32.47703],[-60.71322,-32.47735],[-60.71307,-32.47754],[-60.71281,-32.4776],[-60.71237,-32.47752],[-60.71202,-32.47749],[-60.71154,-32.47756],[-60.71107,-32.47781],[-60.71066,-32.4781],[-60.71032,-32.47842],[-60.71012,-32.47877],[-60.71008,-32.4793],[-60.71022,-32.47981],[-60.7106,-32.48049],[-60.71086,-32.48102],[-60.71101,-32.48194],[-60.71106,-32.48292],[-60.71103,-32.48347],[-60.71091,-32.48384],[-60.7105,-32.48392],[-60.71015,-32.48388],[-60.70956,-32.4836],[-60.70893,-32.48337],[-60.70832,-32.48319],[-60.70753,-32.48322],[-60.70681,-32.48329],[-60.70613,-32.48338],[-60.70548,-32.48329],[-60.70504,-32.48319]]}},{"type":"Feature","properties":{"name":"Arroyo Saladillo","layer":"Rios y Arroyos"},"geometry":{"type":"LineString","coordinates":[[-60.6635,-33.0268],[-60.65947,-33.02604],[-60.65822,-33.02572],[-60.6566,-33.02605],[-60.65568,-33.02608],[-60.65434,-33.02549],[-60.65259,-33.02435],[-60.65131,-33.02341],[-60.64964,-33.02269],[-60.64796,-33.02162],[-60.64641,-33.0208],[-60.64409,-33.01901],[-60.64323,-33.01858],[-60.63991,-33.01784],[-60.63878,-33.01742],[-60.63786,-33.01676],[-60.63695,-33.01525],[-60.63616,-33.01464],[-60.63512,-33.01403],[-60.6339,-33.01248],[-60.63334,-33.01104],[-60.63168,-33.0093],[-60.6301,-33.0082],[-60.62862,-33.00655],[-60.62774,-33.00551],[-60.62629,-33.00449],[-60.6257,-33.00425],[-60.62482,-33.00424],[-60.62426,-33.00392],[-60.62196,-33.00433],[-60.6212,-33.00423],[-60.62079,-33.0036],[-60.62021,-33.00273],[-60.6191,-33.00186],[-60.61763,-33.00123],[-60.61644,-33.00088],[-60.61475,-32.99996],[-60.61374,-32.99899],[-60.61225,-32.99839],[-60.61167,-32.99815]]}},{"type":"Feature","properties":{"name":"Arroyo Ludueña","layer":"Rios y Arroyos"},"geometry":{"type":"LineString","coordinates":[[-60.68386,-32.91235],[-60.68292,-32.91176],[-60.68214,-32.91114],[-60.68181,-32.91055],[-60.68158,-32.90966],[-60.68146,-32.90856],[-60.68084,-32.9078],[-60.67972,-32.90714],[-60.67849,-32.90662],[-60.67738,-32.90651],[-60.6764,-32.90657],[-60.67587,-32.90651]]}},{"type":"Feature","properties":{"name":"Arroyo El Tigre","layer":"Rios y Arroyos"},"geometry":{"type":"LineString","coordinates":[[-60.65541,-32.71498],[-60.65564,-32.71516],[-60.65564,-32.71545],[-60.65514,-32.71596],[-60.6543,-32.71652],[-60.65366,-32.7171],[-60.65335,-32.71758],[-60.65316,-32.71763],[-60.6529,-32.71731],[-60.65171,-32.71628],[-60.65145,-32.71608],[-60.65103,-32.71617],[-60.64968,-32.71704],[-60.64919,-32.71748],[-60.64836,-32.71789],[-60.64764,-32.71814],[-60.64696,-32.71853],[-60.64649,-32.71897],[-60.6463,-32.71894],[-60.64613,-32.71866],[-60.64551,-32.7178],[-60.6447,-32.71704],[-60.6437,-32.71629],[-60.64315,-32.71596],[-60.64228,-32.71568],[-60.6416,-32.71534],[-60.64045,-32.71497],[-60.6394,-32.71466],[-60.63851,-32.71456],[-60.6374,-32.71477],[-60.63715,-32.71528],[-60.63694,-32.7164],[-60.63688,-32.71697],[-60.63694,-32.7173],[-60.6372,-32.71749],[-60.6376,-32.71748],[-60.63809,-32.71733],[-60.63848,-32.71735],[-60.63953,-32.71767],[-60.64045,-32.71803],[-60.64122,-32.71871],[-60.64147,-32.71886],[-60.64172,-32.71919],[-60.64169,-32.71937],[-60.64144,-32.71966],[-60.64125,-32.72003],[-60.64116,-32.72039],[-60.64109,-32.72124],[-60.64096,-32.72202],[-60.64026,-32.72312],[-60.63985,-32.72382],[-60.63985,-32.72424],[-60.64028,-32.72466],[-60.64054,-32.72533],[-60.64044,-32.72743],[-60.64058,-32.72792],[-60.641,-32.72913],[-60.64095,-32.72974],[-60.64026,-32.73143],[-60.64007,-32.73288],[-60.64007,-32.73465],[-60.63992,-32.73636],[-60.63994,-32.73748],[-60.63971,-32.73791],[-60.6394,-32.73819],[-60.6386,-32.7384],[-60.63802,-32.73857],[-60.63726,-32.73898],[-60.63699,-32.73929],[-60.63693,-32.73976],[-60.63677,-32.74023],[-60.63643,-32.74096],[-60.63558,-32.74196],[-60.63528,-32.74257],[-60.63506,-32.74303],[-60.63478,-32.74332],[-60.63437,-32.74346],[-60.63382,-32.74315],[-60.6324,-32.74259],[-60.6317,-32.74222],[-60.63099,-32.74181],[-60.62995,-32.74164],[-60.62962,-32.74177],[-60.62935,-32.74208],[-60.62894,-32.74265],[-60.62854,-32.74306],[-60.62781,-32.74321],[-60.62658,-32.74349],[-60.62451,-32.74391],[-60.62319,-32.74443],[-60.6225,-32.74469],[-60.6222,-32.74474],[-60.62197,-32.74457],[-60.62187,-32.74443],[-60.62179,-32.74282]]}},{"type":"Feature","properties":{"name":"Zanja de las Casuarinas","layer":"Rios y Arroyos"},"geometry":{"type":"LineString","coordinates":[[-60.69235,-32.74796],[-60.69227,-32.74795],[-60.69212,-32.74789],[-60.69193,-32.74784],[-60.69174,-32.74781],[-60.69154,-32.74784],[-60.69123,-32.74782],[-60.69078,-32.74776],[-60.69049,-32.7477],[-60.6902,-32.74764],[-60.68999,-32.74771],[-60.68967,-32.74784],[-60.68941,-32.74788],[-60.68918,-32.74781],[-60.68881,-32.7476],[-60.68863,-32.74752],[-60.6884,-32.74748],[-60.68804,-32.74746],[-60.68772,-32.74748],[-60.68735,-32.74745],[-60.68688,-32.74738],[-60.68627,-32.7473]]}},{"type":"Feature","properties":{"name":"Paso de los Meones","layer":"Rios y Arroyos"},"geometry":{"type":"LineString","coordinates":[[-60.6989,-32.74183],[-60.69728,-32.74542],[-60.69383,-32.74923],[-60.69165,-32.75252],[-60.69149,-32.75859],[-60.69507,-32.76739],[-60.6955,-32.77191],[-60.69398,-32.77551],[-60.69105,-32.77847],[-60.68724,-32.78052],[-60.68354,-32.78279],[-60.68177,-32.78547],[-60.68064,-32.79035],[-60.68073,-32.79678],[-60.67989,-32.80239]]}},{"type":"Feature","properties":{"name":"Paso Destileria","layer":"Rios y Arroyos"},"geometry":{"type":"LineString","coordinates":[[-60.68822,-32.8051],[-60.67312,-32.81457],[-60.66341,-32.82182],[-60.6583,-32.82913],[-60.65604,-32.83784],[-60.65701,-32.84617],[-60.66238,-32.85518],[-60.67011,-32.86357],[-60.6771,-32.86838]]}},{"type":"Feature","properties":{"name":"Paso Borghi","layer":"Rios y Arroyos"},"geometry":{"type":"LineString","coordinates":[[-60.70304,-32.79602],[-60.69602,-32.82464],[-60.69076,-32.84962],[-60.68589,-32.86258]]}},{"type":"Feature","properties":{"name":"Arroyo El Saco","layer":"Rios y Arroyos"},"geometry":{"type":"LineString","coordinates":[[-60.65454,-32.91617],[-60.65355,-32.91583],[-60.65273,-32.91563],[-60.65046,-32.91508],[-60.64932,-32.91482],[-60.64753,-32.9145],[-60.64659,-32.91418],[-60.64558,-32.91374],[-60.64539,-32.91348],[-60.64537,-32.91288],[-60.64556,-32.91249],[-60.64738,-32.9115],[-60.64775,-32.91115],[-60.64782,-32.91094],[-60.64774,-32.91025],[-60.6476,-32.9097],[-60.64756,-32.90902],[-60.6475,-32.90874],[-60.64718,-32.90826],[-60.64677,-32.90779],[-60.64557,-32.90694],[-60.64435,-32.90709],[-60.64234,-32.90804],[-60.64154,-32.9085],[-60.64092,-32.90863],[-60.64051,-32.90865],[-60.64012,-32.90877],[-60.63974,-32.90883],[-60.63954,-32.90899],[-60.6395,-32.90917],[-60.63932,-32.90928],[-60.63908,-32.90936],[-60.63859,-32.90971],[-60.63831,-32.90985],[-60.63806,-32.91016],[-60.63741,-32.91056],[-60.63631,-32.91102],[-60.63582,-32.91131],[-60.63551,-32.91196],[-60.63458,-32.91353],[-60.63377,-32.91419],[-60.63229,-32.91478],[-60.63113,-32.91552]]}},{"type":"Feature","properties":{"name":"Vuelta Montiel","layer":"Rios y Arroyos"},"geometry":{"type":"LineString","coordinates":[[-60.37609,-33.18377],[-60.35735,-33.18185],[-60.3402,-33.17909],[-60.31993,-33.17839],[-60.30386,-33.18366],[-60.29204,-33.19139],[-60.28416,-33.20107],[-60.28163,-33.2107],[-60.2891,-33.22456],[-60.29736,-33.23678],[-60.29425,-33.24351]]}},{"type":"Feature","properties":{"name":"Paso Paraguayo","layer":"Rios y Arroyos"},"geometry":{"type":"LineString","coordinates":[[-60.498,-33.12907],[-60.47308,-33.14376],[-60.4613,-33.15279],[-60.44848,-33.15981],[-60.43731,-33.16926],[-60.41943,-33.17546],[-60.40511,-33.18278],[-60.39754,-33.18785],[-60.39066,-33.18861],[-60.38405,-33.18997],[-60.37711,-33.18902]]}},{"type":"Feature","properties":{"name":"Arroyo Timbo Colorado","layer":"Rios y Arroyos"},"geometry":{"type":"LineString","coordinates":[[-60.66242,-32.31863],[-60.66276,-32.3188],[-60.66352,-32.31898],[-60.66409,-32.3203],[-60.6643,-32.32162],[-60.66425,-32.32187],[-60.66241,-32.32339],[-60.66039,-32.32455],[-60.65794,-32.32547],[-60.65678,-32.32623],[-60.65605,-32.32691],[-60.65517,-32.32778],[-60.65502,-32.32825],[-60.65533,-32.32868],[-60.65679,-32.32906],[-60.6587,-32.32912],[-60.65942,-32.32955],[-60.65964,-32.33041],[-60.65929,-32.33136],[-60.65824,-32.33264],[-60.65797,-32.334],[-60.65822,-32.3359],[-60.65876,-32.33678],[-60.65998,-32.33774],[-60.66099,-32.33801],[-60.66251,-32.33835],[-60.66331,-32.33928],[-60.66346,-32.34019],[-60.66311,-32.34095],[-60.66211,-32.34171],[-60.6594,-32.343],[-60.65913,-32.34343],[-60.65917,-32.34384],[-60.66072,-32.34542],[-60.66111,-32.34588],[-60.6615,-32.34596],[-60.66405,-32.34454],[-60.66505,-32.3444],[-60.6674,-32.34698],[-60.66773,-32.34826],[-60.66755,-32.35054],[-60.66748,-32.35256],[-60.66703,-32.35333],[-60.66456,-32.35447],[-60.66412,-32.35476],[-60.66262,-32.35536],[-60.66182,-32.3561],[-60.66171,-32.35647],[-60.66225,-32.35744],[-60.66351,-32.36118],[-60.66469,-32.36333],[-60.66463,-32.36406],[-60.66395,-32.36522],[-60.66308,-32.36619],[-60.66266,-32.36703],[-60.66276,-32.36786],[-60.66321,-32.36825],[-60.66721,-32.36923],[-60.66784,-32.36926],[-60.67007,-32.36894],[-60.67119,-32.36893],[-60.67171,-32.36909],[-60.67194,-32.36944],[-60.672,-32.37011],[-60.67187,-32.37098],[-60.67048,-32.37301],[-60.66934,-32.37411],[-60.66878,-32.37464],[-60.66837,-32.37515],[-60.6678,-32.37551],[-60.66686,-32.37579],[-60.6653,-32.37542],[-60.66446,-32.37536],[-60.66345,-32.37539],[-60.66213,-32.37583],[-60.6603,-32.37611],[-60.65901,-32.37655],[-60.65845,-32.37685],[-60.6581,-32.37725],[-60.6579,-32.37772],[-60.65803,-32.37863],[-60.65846,-32.37974],[-60.6596,-32.38136],[-60.65953,-32.38165],[-60.6592,-32.38187],[-60.65783,-32.3823],[-60.65598,-32.38239],[-60.65449,-32.38262],[-60.65419,-32.38275],[-60.65348,-32.38336],[-60.6534,-32.38381],[-60.65395,-32.38534],[-60.65446,-32.38595],[-60.65542,-32.38658],[-60.65581,-32.3875],[-60.65616,-32.38903],[-60.65665,-32.3897],[-60.65802,-32.39002],[-60.65829,-32.39014],[-60.65864,-32.39044],[-60.65854,-32.39197],[-60.65901,-32.39308],[-60.65909,-32.39408],[-60.65885,-32.39543],[-60.65868,-32.39589],[-60.65863,-32.39662],[-60.65887,-32.39773],[-60.65888,-32.39897],[-60.65862,-32.39953],[-60.65808,-32.39984],[-60.65569,-32.39997],[-60.65529,-32.40015],[-60.65499,-32.40043],[-60.6548,-32.40081],[-60.65474,-32.40116],[-60.65483,-32.4015],[-60.65561,-32.4024],[-60.65664,-32.40439],[-60.65668,-32.40498],[-60.65646,-32.40568],[-60.65638,-32.40607],[-60.65626,-32.40636],[-60.6554,-32.40751],[-60.65481,-32.40819],[-60.65448,-32.40873],[-60.65436,-32.40919],[-60.65442,-32.40968],[-60.65469,-32.41008],[-60.65569,-32.41084],[-60.65684,-32.41148],[-60.65941,-32.41368],[-60.66054,-32.41452],[-60.66168,-32.41585],[-60.66219,-32.41732],[-60.66215,-32.41783],[-60.66191,-32.4182],[-60.65972,-32.41895],[-60.65941,-32.41913],[-60.65708,-32.41991],[-60.65584,-32.42069],[-60.65497,-32.42141],[-60.65389,-32.42207],[-60.65283,-32.42244],[-60.65212,-32.4225],[-60.65143,-32.42243],[-60.65069,-32.42275],[-60.65019,-32.42322],[-60.64967,-32.4237],[-60.64949,-32.42395],[-60.64873,-32.42468],[-60.6487,-32.42521],[-60.64932,-32.42583],[-60.64973,-32.42607],[-60.65095,-32.42623],[-60.65164,-32.42637],[-60.65215,-32.4266],[-60.65339,-32.42792],[-60.65442,-32.42888],[-60.65493,-32.42949],[-60.65519,-32.42999],[-60.6552,-32.43067],[-60.65496,-32.4313],[-60.65437,-32.43214],[-60.65398,-32.43267],[-60.6537,-32.43341],[-60.6534,-32.43475],[-60.65328,-32.43504],[-60.65282,-32.43604],[-60.65222,-32.43686],[-60.65185,-32.43766],[-60.65129,-32.43822],[-60.65073,-32.43853],[-60.64997,-32.43872],[-60.6494,-32.43876],[-60.64863,-32.43868],[-60.64815,-32.43881],[-60.64783,-32.43907],[-60.64749,-32.43947],[-60.64718,-32.43994],[-60.64704,-32.44058],[-60.64698,-32.44125],[-60.64713,-32.44209],[-60.6473,-32.44247],[-60.64771,-32.44342],[-60.6484,-32.4444],[-60.64899,-32.44468],[-60.65075,-32.44472],[-60.65129,-32.44488],[-60.65158,-32.44509],[-60.65209,-32.44577],[-60.65234,-32.44638],[-60.65281,-32.44685],[-60.65349,-32.44719],[-60.6541,-32.44743],[-60.65469,-32.44798],[-60.65475,-32.44844],[-60.65459,-32.4488],[-60.65413,-32.44912],[-60.65359,-32.44937],[-60.65311,-32.44952],[-60.65249,-32.44988],[-60.65198,-32.45036],[-60.65161,-32.45064],[-60.65116,-32.45087],[-60.65062,-32.45099],[-60.64986,-32.45105],[-60.64842,-32.4509],[-60.6479,-32.45099],[-60.64739,-32.45126],[-60.64688,-32.4519],[-60.64676,-32.45255],[-60.6471,-32.45317],[-60.64781,-32.45368],[-60.64847,-32.454],[-60.64892,-32.45441],[-60.64901,-32.45473],[-60.64891,-32.45511],[-60.64804,-32.4562],[-60.64774,-32.45685],[-60.64768,-32.45729],[-60.64777,-32.45797],[-60.64818,-32.45867],[-60.64901,-32.45954],[-60.64941,-32.45987],[-60.64985,-32.4605],[-60.64997,-32.46083],[-60.64988,-32.46123],[-60.64966,-32.46155],[-60.64934,-32.46182],[-60.6482,-32.46216],[-60.64693,-32.46225],[-60.64626,-32.46283],[-60.64605,-32.46327],[-60.64595,-32.46378],[-60.64604,-32.46424],[-60.64604,-32.46425],[-60.64655,-32.46479],[-60.647,-32.46506],[-60.64742,-32.46521],[-60.64843,-32.46543],[-60.64943,-32.46588],[-60.64979,-32.46623],[-60.65036,-32.46663],[-60.65086,-32.46727],[-60.65123,-32.46835],[-60.65133,-32.46876],[-60.65129,-32.46912],[-60.65086,-32.47015],[-60.65001,-32.47109],[-60.64966,-32.47118],[-60.64888,-32.47094],[-60.64741,-32.4699],[-60.64603,-32.46901],[-60.6452,-32.4687],[-60.64466,-32.46888],[-60.64427,-32.46932],[-60.64419,-32.46986],[-60.64421,-32.47063],[-60.64328,-32.47152],[-60.64202,-32.47229],[-60.64179,-32.47275],[-60.642,-32.47353],[-60.64244,-32.47396],[-60.64325,-32.47438],[-60.64352,-32.47444],[-60.64353,-32.47444],[-60.64446,-32.4745],[-60.64502,-32.47485],[-60.64526,-32.47536],[-60.6452,-32.47591],[-60.64496,-32.47639],[-60.6442,-32.47724],[-60.64393,-32.47788],[-60.64404,-32.47817],[-60.64483,-32.47867],[-60.64599,-32.47899],[-60.64679,-32.47935],[-60.6479,-32.48018],[-60.6483,-32.48137],[-60.64852,-32.48282],[-60.6488,-32.48449],[-60.64863,-32.48488],[-60.64824,-32.48517],[-60.64746,-32.48534],[-60.64659,-32.48531],[-60.64492,-32.48502],[-60.6435,-32.48504],[-60.64299,-32.48521],[-60.6422,-32.48619],[-60.64218,-32.48675],[-60.64225,-32.48716],[-60.64266,-32.4879],[-60.64272,-32.48851],[-60.64259,-32.48924],[-60.64232,-32.49025],[-60.64192,-32.49162],[-60.6414,-32.49272],[-60.63995,-32.49514],[-60.63975,-32.49576],[-60.63952,-32.49762],[-60.63948,-32.49832],[-60.63966,-32.49946],[-60.64,-32.5001],[-60.64053,-32.5006],[-60.64146,-32.50359],[-60.64169,-32.50489],[-60.6417,-32.50617],[-60.64157,-32.50733],[-60.64121,-32.50819],[-60.64068,-32.50888],[-60.64017,-32.50933],[-60.63892,-32.50968],[-60.6358,-32.50977],[-60.63497,-32.50995],[-60.63403,-32.51049],[-60.63325,-32.51107],[-60.63241,-32.51215],[-60.63053,-32.5151],[-60.62854,-32.51846],[-60.62785,-32.52098],[-60.62701,-32.52295],[-60.62629,-32.52526],[-60.62457,-32.5293],[-60.6235,-32.53056],[-60.62228,-32.53134],[-60.6213,-32.53146],[-60.62037,-32.5309],[-60.61899,-32.52957],[-60.6176,-32.52901],[-60.61599,-32.52808],[-60.61419,-32.52744],[-60.61266,-32.52715],[-60.6115,-32.52704],[-60.60872,-32.52632],[-60.60712,-32.52519],[-60.60625,-32.524],[-60.60625,-32.52181],[-60.60597,-32.52069],[-60.60451,-32.51785],[-60.60441,-32.51659],[-60.60517,-32.51101],[-60.60596,-32.50897],[-60.60844,-32.5051],[-60.60842,-32.50391],[-60.60753,-32.50319],[-60.6047,-32.50293],[-60.60284,-32.50296],[-60.60121,-32.50339],[-60.59989,-32.50429],[-60.59919,-32.50511],[-60.598,-32.50561],[-60.59651,-32.50611],[-60.59536,-32.50614],[-60.5951,-32.50584],[-60.59517,-32.50528],[-60.59561,-32.50463],[-60.5969,-32.50344],[-60.59782,-32.50279],[-60.59833,-32.50186],[-60.59835,-32.50113],[-60.59791,-32.50063],[-60.59653,-32.50009],[-60.5956,-32.50007],[-60.59405,-32.50058],[-60.59134,-32.50091],[-60.58975,-32.50137],[-60.58907,-32.50207],[-60.58925,-32.50255],[-60.58986,-32.50344],[-60.58972,-32.50417],[-60.58923,-32.5045],[-60.58857,-32.50443],[-60.58547,-32.502],[-60.58351,-32.50082],[-60.5823,-32.50071],[-60.58108,-32.50175],[-60.58064,-32.50399],[-60.57993,-32.50451],[-60.57939,-32.50445],[-60.57818,-32.50324],[-60.57666,-32.5026],[-60.57551,-32.50285],[-60.57247,-32.50414],[-60.57088,-32.50421],[-60.56927,-32.50354],[-60.56782,-32.50179],[-60.56694,-32.50161],[-60.56527,-32.50251],[-60.56365,-32.50423],[-60.56214,-32.50524],[-60.56162,-32.5061],[-60.56152,-32.507],[-60.56171,-32.5078],[-60.56101,-32.50968],[-60.56119,-32.51058],[-60.56168,-32.51104],[-60.56312,-32.51177],[-60.56357,-32.51236],[-60.56362,-32.51318],[-60.56324,-32.51361]]}},{"type":"Feature","properties":{"name":"Arroyo Peñalvo","layer":"Rios y Arroyos"},"geometry":{"type":"LineString","coordinates":[[-60.1565,-33.33251],[-60.1562,-33.33235],[-60.15579,-33.33222],[-60.15562,-33.33215],[-60.15546,-33.33217],[-60.15528,-33.33233],[-60.15496,-33.33249],[-60.15456,-33.33266],[-60.1541,-33.33291],[-60.15372,-33.33307],[-60.15336,-33.33328],[-60.15309,-33.33355],[-60.15298,-33.33373],[-60.15266,-33.33392],[-60.15179,-33.33448],[-60.15093,-33.33523],[-60.14959,-33.33599],[-60.1479,-33.33683],[-60.14334,-33.33927]]}},{"type":"Feature","properties":{"name":"Paso del Tonelero","layer":"Rios y Arroyos"},"geometry":{"type":"LineString","coordinates":[[-60.07963,-33.40378],[-60.0603,-33.43205],[-60.04604,-33.44503],[-60.02825,-33.455]]}},{"type":"Feature","properties":{"name":"Arroyo Barrancoso","layer":"Rios y Arroyos"},"geometry":{"type":"LineString","coordinates":[[-60.53122,-32.61675],[-60.52996,-32.61797],[-60.52956,-32.61852],[-60.52928,-32.61933],[-60.52917,-32.62035],[-60.52872,-32.62164],[-60.52769,-32.62318],[-60.52681,-32.6252],[-60.52651,-32.62694],[-60.5266,-32.62863],[-60.52743,-32.63159],[-60.52816,-32.63378],[-60.52887,-32.63525],[-60.52918,-32.63609],[-60.53006,-32.63727],[-60.53144,-32.63826],[-60.53428,-32.64196],[-60.53441,-32.64237],[-60.53429,-32.6432],[-60.53386,-32.6437],[-60.53073,-32.64386],[-60.52827,-32.64402],[-60.52758,-32.64414],[-60.52701,-32.64461],[-60.52698,-32.64536],[-60.52708,-32.64597],[-60.52826,-32.64709],[-60.52943,-32.64901],[-60.53036,-32.65128],[-60.53104,-32.65214],[-60.5319,-32.65279],[-60.53269,-32.65305],[-60.53325,-32.65297],[-60.53445,-32.65249],[-60.53511,-32.65237],[-60.53637,-32.65243],[-60.53807,-32.65275],[-60.53926,-32.65265],[-60.54047,-32.65225],[-60.54121,-32.65157],[-60.5416,-32.65066],[-60.54202,-32.65019],[-60.54275,-32.64986],[-60.54371,-32.6495],[-60.54583,-32.64902],[-60.54814,-32.64865],[-60.54947,-32.6486],[-60.55311,-32.64903],[-60.55555,-32.64959],[-60.55648,-32.65005],[-60.55726,-32.6508],[-60.55756,-32.65152],[-60.55747,-32.65219],[-60.55705,-32.65261],[-60.55557,-32.65354],[-60.55366,-32.65536],[-60.55225,-32.65688],[-60.5512,-32.6581],[-60.55016,-32.65899],[-60.54914,-32.65948],[-60.54665,-32.6602],[-60.54498,-32.66094],[-60.54349,-32.66152],[-60.54268,-32.66146],[-60.54086,-32.66049],[-60.53893,-32.65991],[-60.53763,-32.65983],[-60.53578,-32.65988],[-60.53354,-32.66041],[-60.53198,-32.66115],[-60.53053,-32.66223],[-60.52944,-32.66338],[-60.52906,-32.66421],[-60.5281,-32.6649],[-60.52625,-32.6657],[-60.52391,-32.66631],[-60.52009,-32.66713],[-60.51886,-32.66752],[-60.5178,-32.66806],[-60.51695,-32.66876],[-60.51635,-32.6696],[-60.51596,-32.67053],[-60.51577,-32.67133],[-60.51598,-32.67277],[-60.51652,-32.67422],[-60.51758,-32.67583],[-60.51833,-32.67697],[-60.51898,-32.67839],[-60.51962,-32.68008],[-60.52007,-32.68146],[-60.52056,-32.68269],[-60.5216,-32.68442],[-60.52263,-32.68542],[-60.52402,-32.68636],[-60.52507,-32.68706],[-60.52767,-32.68936],[-60.5279,-32.68993],[-60.52764,-32.69062],[-60.52608,-32.69217],[-60.52466,-32.69392],[-60.52386,-32.69457],[-60.52295,-32.69504],[-60.52166,-32.6954],[-60.52017,-32.69577],[-60.51775,-32.69654],[-60.51573,-32.69701],[-60.51476,-32.69746],[-60.51407,-32.69798],[-60.51372,-32.69863],[-60.51408,-32.69973],[-60.51471,-32.70069],[-60.5153,-32.70175],[-60.51552,-32.70237],[-60.51562,-32.70322],[-60.51559,-32.70401],[-60.51494,-32.7062],[-60.51407,-32.70817],[-60.51309,-32.71036],[-60.5126,-32.71172],[-60.51263,-32.7132],[-60.51293,-32.7151],[-60.51387,-32.71711],[-60.5155,-32.72014],[-60.51652,-32.72158],[-60.51919,-32.72391],[-60.52162,-32.72551],[-60.52233,-32.72618],[-60.52277,-32.72691],[-60.52276,-32.72757],[-60.52256,-32.728],[-60.52121,-32.72932],[-60.5201,-32.73021],[-60.51961,-32.73039],[-60.51908,-32.73022],[-60.5161,-32.72767],[-60.51463,-32.72667],[-60.51264,-32.72568],[-60.51077,-32.72497],[-60.5086,-32.72395],[-60.50719,-32.72324],[-60.506,-32.72294],[-60.50514,-32.72291],[-60.50434,-32.7232],[-60.50394,-32.72364],[-60.5034,-32.72446],[-60.50331,-32.72513],[-60.50361,-32.72615],[-60.50355,-32.72686],[-60.50342,-32.72721],[-60.50295,-32.7277],[-60.50213,-32.72793],[-60.50046,-32.72764],[-60.49959,-32.72735],[-60.49845,-32.72717],[-60.49579,-32.72688],[-60.49347,-32.72666],[-60.49097,-32.72603],[-60.4895,-32.72513],[-60.4896,-32.72478],[-60.49221,-32.7211],[-60.49296,-32.71902],[-60.49326,-32.71648],[-60.49274,-32.7145],[-60.49147,-32.71308],[-60.49017,-32.71206],[-60.48902,-32.7115],[-60.48764,-32.71093],[-60.48636,-32.71074],[-60.48517,-32.7108],[-60.48385,-32.71085],[-60.48292,-32.71049],[-60.48215,-32.70974],[-60.48054,-32.70806],[-60.47872,-32.70645],[-60.47725,-32.70556],[-60.47554,-32.70499],[-60.47392,-32.70476],[-60.47236,-32.7048],[-60.47078,-32.70511],[-60.46965,-32.70566],[-60.469,-32.70648],[-60.46875,-32.70746],[-60.46887,-32.70886],[-60.46883,-32.71244],[-60.46853,-32.71516],[-60.46878,-32.71843],[-60.46857,-32.71965],[-60.46804,-32.72053],[-60.46723,-32.72136],[-60.46603,-32.72198],[-60.46469,-32.72234],[-60.46294,-32.72258],[-60.45897,-32.72354],[-60.4558,-32.72465],[-60.45198,-32.72575],[-60.44979,-32.72613],[-60.44792,-32.72625],[-60.4442,-32.72622],[-60.44175,-32.72608],[-60.43925,-32.72615],[-60.43728,-32.72632],[-60.43634,-32.72657],[-60.43497,-32.72741],[-60.43382,-32.72845],[-60.43332,-32.72919],[-60.4331,-32.72996],[-60.433,-32.73184],[-60.43292,-32.73332],[-60.43331,-32.73471],[-60.43448,-32.73791],[-60.43577,-32.74],[-60.43767,-32.74238],[-60.43923,-32.74357],[-60.44009,-32.74376],[-60.44119,-32.74373],[-60.44222,-32.74334],[-60.44525,-32.74182],[-60.44645,-32.74152],[-60.44785,-32.74145],[-60.44941,-32.74159],[-60.45203,-32.7426],[-60.45507,-32.74467],[-60.45575,-32.74533],[-60.4572,-32.74762],[-60.45751,-32.74888],[-60.46016,-32.75399],[-60.46038,-32.75592],[-60.46027,-32.75738],[-60.46,-32.75852],[-60.45945,-32.75995],[-60.45801,-32.76234],[-60.45651,-32.76398],[-60.45445,-32.76496],[-60.45272,-32.76542],[-60.45009,-32.7658],[-60.44832,-32.76568],[-60.44679,-32.765],[-60.44575,-32.76401],[-60.44436,-32.7607],[-60.44348,-32.75971],[-60.4423,-32.75875],[-60.44049,-32.75836],[-60.43921,-32.75856],[-60.43811,-32.75929],[-60.4377,-32.76022],[-60.43706,-32.76204],[-60.43722,-32.76264],[-60.43797,-32.76399],[-60.43783,-32.76512],[-60.43753,-32.7656],[-60.43725,-32.7658],[-60.43653,-32.76597],[-60.43489,-32.76544],[-60.43316,-32.76523],[-60.4317,-32.76535],[-60.42574,-32.7656],[-60.42093,-32.76549],[-60.41327,-32.76485],[-60.41082,-32.76495],[-60.4088,-32.76539],[-60.40727,-32.76606],[-60.40443,-32.76742],[-60.40191,-32.76811],[-60.39981,-32.76893],[-60.39765,-32.77012],[-60.39561,-32.77098],[-60.39512,-32.77158],[-60.3953,-32.77213],[-60.39584,-32.77282],[-60.39766,-32.77353],[-60.39969,-32.77385],[-60.4014,-32.77359],[-60.4023,-32.77357],[-60.40357,-32.77395],[-60.40457,-32.77469],[-60.40492,-32.77551],[-60.40491,-32.77665],[-60.40449,-32.77755],[-60.40318,-32.77835],[-60.40133,-32.77887],[-60.39919,-32.77934],[-60.3984,-32.78002],[-60.39848,-32.78083],[-60.39921,-32.7818],[-60.40094,-32.78341],[-60.40414,-32.7851],[-60.40548,-32.78523],[-60.41217,-32.78437],[-60.41426,-32.78462],[-60.41553,-32.7853],[-60.41573,-32.78636],[-60.41553,-32.78752],[-60.41502,-32.78849],[-60.41409,-32.78943],[-60.41217,-32.79075],[-60.40996,-32.79161],[-60.40604,-32.79196],[-60.40293,-32.7918],[-60.40129,-32.7915],[-60.39866,-32.7903],[-60.39738,-32.78958],[-60.39594,-32.78927],[-60.39462,-32.78917],[-60.39314,-32.78953],[-60.38835,-32.79107],[-60.38506,-32.79223],[-60.38412,-32.79223],[-60.38375,-32.79176],[-60.3836,-32.79121],[-60.38393,-32.78948],[-60.38511,-32.78726],[-60.38508,-32.78663],[-60.38462,-32.78614],[-60.38413,-32.78606],[-60.38345,-32.78621],[-60.38254,-32.78704],[-60.38204,-32.78836],[-60.38193,-32.7917],[-60.38166,-32.79279],[-60.38076,-32.79379],[-60.37939,-32.79423],[-60.3777,-32.79415],[-60.37571,-32.79341],[-60.37356,-32.79265],[-60.37071,-32.79148],[-60.36939,-32.79112],[-60.36858,-32.79124],[-60.3679,-32.79177],[-60.36731,-32.7929],[-60.36693,-32.79439],[-60.36664,-32.79604],[-60.36571,-32.79821],[-60.36437,-32.79902],[-60.36262,-32.79918],[-60.36137,-32.79886],[-60.36042,-32.79866],[-60.35573,-32.79898],[-60.35082,-32.79965],[-60.34837,-32.79966],[-60.34352,-32.79912],[-60.34105,-32.7988],[-60.33969,-32.79894],[-60.33868,-32.7994],[-60.33783,-32.8],[-60.33689,-32.80084],[-60.33568,-32.8025],[-60.33514,-32.8043],[-60.3341,-32.80575],[-60.33262,-32.80755],[-60.33195,-32.80861],[-60.33163,-32.81007],[-60.3321,-32.81143],[-60.33289,-32.81253],[-60.33398,-32.81379],[-60.3352,-32.81527],[-60.33689,-32.81763],[-60.33952,-32.82066],[-60.33994,-32.82176],[-60.33991,-32.82266],[-60.33936,-32.82324],[-60.33787,-32.82397],[-60.33525,-32.82496],[-60.33388,-32.82563],[-60.33291,-32.82643],[-60.33144,-32.828],[-60.32967,-32.82924],[-60.32881,-32.83002],[-60.32836,-32.83093],[-60.32869,-32.83217],[-60.32971,-32.83287],[-60.33355,-32.83405],[-60.33513,-32.83464],[-60.3374,-32.83572],[-60.33819,-32.83633],[-60.33831,-32.83727],[-60.33785,-32.83808],[-60.33671,-32.8388],[-60.33577,-32.83903],[-60.33147,-32.83965],[-60.3291,-32.8395],[-60.32621,-32.83919],[-60.32471,-32.83929],[-60.32386,-32.83968],[-60.32323,-32.84013],[-60.32159,-32.84152],[-60.32064,-32.84234],[-60.31933,-32.84281],[-60.31766,-32.84321],[-60.31639,-32.84367],[-60.31557,-32.84452],[-60.31552,-32.84567],[-60.31609,-32.84676],[-60.31666,-32.84746],[-60.31833,-32.84944],[-60.32038,-32.85147],[-60.32087,-32.85242],[-60.32079,-32.85335],[-60.32014,-32.85379],[-60.3187,-32.85419],[-60.31671,-32.85429]]}},{"type":"Feature","properties":{"name":"Arroyo Barrancoso","layer":"Rios y Arroyos"},"geometry":{"type":"LineString","coordinates":[[-60.31671,-32.85429],[-60.31412,-32.85408],[-60.31162,-32.85347],[-60.31055,-32.85248],[-60.30805,-32.84973],[-60.30598,-32.84757],[-60.30573,-32.84659],[-60.30599,-32.84575],[-60.30725,-32.84419],[-60.30882,-32.84263],[-60.30973,-32.84143],[-60.31062,-32.83981],[-60.31071,-32.83896],[-60.31049,-32.83783],[-60.30984,-32.83681],[-60.30922,-32.83606],[-60.30808,-32.83511],[-60.30631,-32.83415],[-60.30525,-32.83402],[-60.30419,-32.83412],[-60.30332,-32.83439],[-60.30224,-32.83501],[-60.30086,-32.83555],[-60.29962,-32.83628],[-60.29865,-32.83715],[-60.29812,-32.83792],[-60.29764,-32.83935],[-60.29766,-32.84087],[-60.29794,-32.8417],[-60.29913,-32.84391],[-60.30171,-32.84784],[-60.30183,-32.84839],[-60.30179,-32.84925],[-60.30118,-32.84994],[-60.30025,-32.8502],[-60.29878,-32.8501],[-60.29762,-32.84977],[-60.29673,-32.84933],[-60.29506,-32.8481],[-60.29432,-32.84726],[-60.29273,-32.84492],[-60.2918,-32.84259],[-60.2912,-32.84005],[-60.2905,-32.83706],[-60.28973,-32.83511],[-60.28838,-32.8342],[-60.28699,-32.83388],[-60.2858,-32.83386],[-60.28474,-32.83407],[-60.28395,-32.83439],[-60.28267,-32.8352],[-60.28131,-32.83663],[-60.27754,-32.83961],[-60.2761,-32.84051],[-60.27487,-32.84083],[-60.27347,-32.84079],[-60.27193,-32.84046],[-60.2707,-32.83989],[-60.26943,-32.83944],[-60.26815,-32.8392],[-60.26649,-32.83923],[-60.26554,-32.83962],[-60.26501,-32.84023],[-60.26439,-32.84214],[-60.2638,-32.84395],[-60.26357,-32.8454],[-60.26328,-32.84819],[-60.26307,-32.84943],[-60.26246,-32.84999],[-60.2614,-32.85012],[-60.26047,-32.8496],[-60.25875,-32.84826],[-60.25822,-32.84733],[-60.25774,-32.84643],[-60.25778,-32.84535],[-60.25884,-32.83911],[-60.25829,-32.83788],[-60.25704,-32.83691],[-60.25313,-32.83608],[-60.2507,-32.83568],[-60.24881,-32.8348],[-60.24772,-32.83382],[-60.24638,-32.83297],[-60.24524,-32.83302],[-60.24456,-32.83363],[-60.24401,-32.8347],[-60.24408,-32.83633],[-60.24409,-32.83915],[-60.24456,-32.84181],[-60.24398,-32.84296],[-60.24278,-32.84329],[-60.24144,-32.84261],[-60.23935,-32.84109],[-60.23748,-32.8404],[-60.23581,-32.84049],[-60.23457,-32.84102],[-60.22987,-32.84432],[-60.22878,-32.84564],[-60.22825,-32.84729],[-60.22823,-32.84733],[-60.22787,-32.84862],[-60.22715,-32.85011],[-60.22575,-32.85133],[-60.22345,-32.852],[-60.22145,-32.85223],[-60.21831,-32.85276],[-60.2158,-32.85372],[-60.21406,-32.85496],[-60.21281,-32.85633],[-60.21205,-32.85758],[-60.21178,-32.85947],[-60.21215,-32.86079],[-60.21298,-32.86211],[-60.21398,-32.86288],[-60.2153,-32.86342],[-60.21655,-32.86357],[-60.21795,-32.86355],[-60.21961,-32.8633],[-60.22142,-32.86273],[-60.22322,-32.86211],[-60.22433,-32.8619],[-60.22562,-32.86208],[-60.22632,-32.86279],[-60.22642,-32.86376],[-60.22597,-32.86505],[-60.22492,-32.86636],[-60.22356,-32.86744],[-60.21967,-32.86959],[-60.21737,-32.87052],[-60.2142,-32.87142],[-60.21189,-32.87186],[-60.20966,-32.87197],[-60.20795,-32.87144],[-60.20689,-32.87062],[-60.20589,-32.8695],[-60.20468,-32.86758],[-60.20397,-32.86528],[-60.20368,-32.86246],[-60.20293,-32.86014],[-60.20145,-32.85871],[-60.1994,-32.85793],[-60.19724,-32.85766],[-60.19525,-32.85801],[-60.19373,-32.85878],[-60.1928,-32.85958],[-60.19175,-32.86118],[-60.19138,-32.86279],[-60.19122,-32.86483],[-60.19126,-32.86633],[-60.19145,-32.86826],[-60.19101,-32.87288],[-60.18986,-32.87502],[-60.18815,-32.87629],[-60.18421,-32.87819],[-60.18055,-32.87987],[-60.17845,-32.88059],[-60.1764,-32.8804],[-60.17478,-32.87964],[-60.17329,-32.87843],[-60.17207,-32.87687],[-60.16961,-32.87362],[-60.16795,-32.87253],[-60.1657,-32.87235],[-60.16381,-32.8729],[-60.16129,-32.87393],[-60.1571,-32.87614],[-60.15325,-32.87937],[-60.15047,-32.8827],[-60.1469,-32.88591],[-60.14187,-32.88843],[-60.13354,-32.89283],[-60.13139,-32.89451],[-60.12752,-32.89845],[-60.12555,-32.89918],[-60.12404,-32.89892],[-60.11955,-32.89733],[-60.11787,-32.89753],[-60.11671,-32.89843],[-60.11639,-32.89968],[-60.11649,-32.90109],[-60.11766,-32.90373],[-60.11908,-32.90563],[-60.12116,-32.90774],[-60.1228,-32.90998],[-60.12431,-32.91229],[-60.12511,-32.91407],[-60.1249,-32.91537],[-60.12409,-32.91626],[-60.12235,-32.91677],[-60.11982,-32.91672],[-60.11758,-32.9162],[-60.10942,-32.91292],[-60.10523,-32.91086],[-60.10353,-32.9107],[-60.10264,-32.91125],[-60.10216,-32.91218],[-60.10185,-32.91369],[-60.10198,-32.91526],[-60.10234,-32.91709],[-60.1023,-32.92012],[-60.10132,-32.92104],[-60.09973,-32.9213],[-60.09808,-32.92101],[-60.09568,-32.92006],[-60.09239,-32.91793],[-60.08747,-32.91539],[-60.08428,-32.91434],[-60.08218,-32.91454],[-60.08025,-32.91563],[-60.07883,-32.91688],[-60.0775,-32.91841],[-60.07638,-32.92004],[-60.07463,-32.92262],[-60.07394,-32.9246],[-60.07425,-32.92649],[-60.07519,-32.92789],[-60.07688,-32.92979],[-60.08031,-32.93387],[-60.08171,-32.93663],[-60.08191,-32.93915],[-60.08099,-32.94153],[-60.0794,-32.94288],[-60.07769,-32.94383],[-60.0731,-32.94588],[-60.07073,-32.94769],[-60.07006,-32.94936],[-60.06923,-32.95155],[-60.06831,-32.95363],[-60.06656,-32.95525],[-60.06477,-32.95567],[-60.06336,-32.9553],[-60.06085,-32.9544],[-60.05629,-32.95446],[-60.05392,-32.9551],[-60.05181,-32.95593],[-60.0501,-32.95681],[-60.04885,-32.95715],[-60.04775,-32.957],[-60.04705,-32.95646],[-60.04559,-32.95387],[-60.04511,-32.95323],[-60.04442,-32.95145],[-60.04383,-32.95021],[-60.04321,-32.94961],[-60.04227,-32.9493],[-60.04107,-32.94941],[-60.03974,-32.94981],[-60.03791,-32.95022],[-60.03627,-32.95034],[-60.03471,-32.95024],[-60.03204,-32.94968],[-60.02937,-32.94944],[-60.02723,-32.94956],[-60.02512,-32.95009]]}},{"type":"Feature","properties":{"name":"Arroyo de los Toldos","layer":"Rios y Arroyos"},"geometry":{"type":"LineString","coordinates":[[-60.43712,-32.72601],[-60.43703,-32.72525],[-60.43692,-32.72468],[-60.43678,-32.72431],[-60.43671,-32.72387],[-60.43643,-32.72357],[-60.43604,-32.72346],[-60.43522,-32.72347],[-60.43472,-32.7233],[-60.43453,-32.72304],[-60.43454,-32.72271],[-60.4348,-32.72226],[-60.43505,-32.72182],[-60.43508,-32.72149],[-60.4351,-32.72089],[-60.43532,-32.72024],[-60.43601,-32.71938],[-60.43652,-32.71837],[-60.43692,-32.71803],[-60.43744,-32.71779],[-60.43808,-32.71706],[-60.43859,-32.71697],[-60.43912,-32.71712],[-60.44021,-32.71781],[-60.44066,-32.71797],[-60.44109,-32.71799],[-60.44154,-32.71791],[-60.44203,-32.7175],[-60.44272,-32.71669],[-60.44323,-32.71641],[-60.44396,-32.71609],[-60.44455,-32.71577],[-60.44487,-32.71532],[-60.44495,-32.71483],[-60.44472,-32.71441],[-60.44368,-32.71354],[-60.44304,-32.71268],[-60.44296,-32.712],[-60.4432,-32.71141],[-60.44371,-32.71052],[-60.44363,-32.71003],[-60.44332,-32.70977],[-60.44279,-32.70958],[-60.44224,-32.70932],[-60.44167,-32.70888],[-60.44122,-32.70861],[-60.44098,-32.70819],[-60.44077,-32.70775],[-60.44084,-32.7073],[-60.44115,-32.70695],[-60.44205,-32.7065],[-60.44311,-32.70598],[-60.44453,-32.7054],[-60.44585,-32.70506],[-60.44706,-32.7046],[-60.44779,-32.70425],[-60.4483,-32.70408],[-60.44863,-32.70371],[-60.44862,-32.70303],[-60.44837,-32.70252],[-60.4482,-32.7021],[-60.44813,-32.70162],[-60.44798,-32.70118],[-60.44747,-32.70069],[-60.44719,-32.70032],[-60.44713,-32.69993],[-60.44689,-32.69962],[-60.44658,-32.69956],[-60.44632,-32.69969],[-60.44604,-32.69981],[-60.44577,-32.6997],[-60.44555,-32.69942],[-60.44516,-32.6988],[-60.44349,-32.69727],[-60.44286,-32.69656],[-60.44257,-32.69599],[-60.44203,-32.69558],[-60.44141,-32.69512],[-60.44121,-32.69453],[-60.44083,-32.69397],[-60.44018,-32.69339],[-60.43971,-32.69268],[-60.43899,-32.69159],[-60.43836,-32.69092],[-60.43782,-32.69057],[-60.43772,-32.69025],[-60.43772,-32.68957],[-60.43723,-32.68777],[-60.43738,-32.68663],[-60.43738,-32.68661],[-60.43729,-32.6857],[-60.43738,-32.68486],[-60.43728,-32.68416],[-60.43755,-32.68386],[-60.43808,-32.68374],[-60.43854,-32.68368],[-60.43916,-32.68345],[-60.43952,-32.68313],[-60.43955,-32.68275],[-60.4393,-32.68248],[-60.43878,-32.68219],[-60.43805,-32.6819],[-60.43761,-32.68182],[-60.437,-32.68179],[-60.43653,-32.68168],[-60.4361,-32.68135],[-60.43531,-32.68027],[-60.43502,-32.67968],[-60.43494,-32.67929],[-60.4348,-32.67878],[-60.43484,-32.67832],[-60.43518,-32.67793],[-60.43741,-32.67627],[-60.44162,-32.67341],[-60.44344,-32.67215],[-60.44438,-32.67131],[-60.4451,-32.67079],[-60.44562,-32.6704],[-60.44622,-32.67016],[-60.44695,-32.67017],[-60.44736,-32.67005],[-60.44773,-32.66986],[-60.44815,-32.66966],[-60.44854,-32.66941],[-60.44908,-32.66902],[-60.44954,-32.66889],[-60.44991,-32.66874],[-60.4503,-32.66867],[-60.45102,-32.66855],[-60.45159,-32.66855],[-60.452,-32.66855],[-60.45265,-32.66861],[-60.45363,-32.66876],[-60.45422,-32.66888],[-60.45488,-32.66911],[-60.45524,-32.66921],[-60.45551,-32.66932]]}},{"type":"Feature","properties":{"name":"Arroyo Madrejon Grande","layer":"Rios y Arroyos"},"geometry":{"type":"LineString","coordinates":[[-60.58063,-32.40078],[-60.58096,-32.4011],[-60.58111,-32.4014],[-60.58114,-32.40172],[-60.58134,-32.4021],[-60.58149,-32.40244],[-60.58169,-32.40266],[-60.58187,-32.40298],[-60.58221,-32.40345],[-60.58246,-32.40377],[-60.58272,-32.40417],[-60.583,-32.40465],[-60.58338,-32.40517],[-60.58361,-32.40556],[-60.58375,-32.40596],[-60.58389,-32.40654],[-60.58389,-32.40694],[-60.58394,-32.40733],[-60.58395,-32.40821],[-60.58393,-32.40875],[-60.58385,-32.40903],[-60.58382,-32.40922],[-60.58381,-32.40944],[-60.58374,-32.40972],[-60.58373,-32.41027],[-60.58384,-32.41091],[-60.58394,-32.41124],[-60.58395,-32.41163],[-60.58398,-32.41199],[-60.58384,-32.41236],[-60.58382,-32.41292],[-60.58375,-32.41325],[-60.58375,-32.41374],[-60.58362,-32.41426],[-60.58347,-32.41487],[-60.58331,-32.41524],[-60.58322,-32.41556],[-60.58325,-32.41576],[-60.5832,-32.41588],[-60.58308,-32.41602],[-60.58288,-32.41645],[-60.58284,-32.41667],[-60.58265,-32.4171],[-60.58221,-32.41795],[-60.58208,-32.41813],[-60.58193,-32.41867],[-60.58179,-32.41898],[-60.58168,-32.41918],[-60.58125,-32.41993],[-60.5808,-32.42056],[-60.58031,-32.42122],[-60.57987,-32.42173],[-60.57958,-32.42217],[-60.57903,-32.42248],[-60.5781,-32.42279],[-60.57731,-32.42296],[-60.57657,-32.42339],[-60.57587,-32.4239],[-60.5754,-32.42451],[-60.5751,-32.42526],[-60.57487,-32.42595],[-60.57472,-32.42662],[-60.57408,-32.42739],[-60.57315,-32.42853],[-60.57246,-32.42961],[-60.57193,-32.43086],[-60.57188,-32.43192],[-60.57199,-32.43279],[-60.57197,-32.43356],[-60.57198,-32.43449],[-60.57213,-32.43521],[-60.57252,-32.43606],[-60.57304,-32.43679],[-60.57312,-32.43737],[-60.57361,-32.43809],[-60.57413,-32.43872],[-60.57477,-32.43897],[-60.57612,-32.43967],[-60.57743,-32.44014],[-60.57849,-32.44015],[-60.57981,-32.44003],[-60.58042,-32.44009],[-60.58118,-32.44044],[-60.58209,-32.44093],[-60.58289,-32.44167],[-60.5837,-32.44241],[-60.58445,-32.44294],[-60.58521,-32.44368],[-60.58563,-32.44427],[-60.58621,-32.44526],[-60.58671,-32.44618],[-60.58734,-32.44743],[-60.58761,-32.44781],[-60.58842,-32.44872],[-60.58935,-32.45065],[-60.58999,-32.4528],[-60.5902,-32.45426],[-60.59002,-32.45555],[-60.58973,-32.45652],[-60.58964,-32.45791],[-60.58952,-32.45906],[-60.58923,-32.46024],[-60.58912,-32.46107],[-60.5893,-32.46169],[-60.58996,-32.46316],[-60.59046,-32.46395],[-60.5912,-32.46424],[-60.59201,-32.46467],[-60.59295,-32.46482],[-60.59388,-32.465],[-60.59478,-32.46517],[-60.59551,-32.4651],[-60.5961,-32.46488],[-60.59706,-32.46421],[-60.59779,-32.46355],[-60.59869,-32.46306]]}},{"type":"Feature","properties":{"name":"Arroyo Timbocito","layer":"Rios y Arroyos"},"geometry":{"type":"LineString","coordinates":[[-60.62577,-32.41252],[-60.62637,-32.41318],[-60.62637,-32.41362],[-60.62593,-32.41405],[-60.62463,-32.41472],[-60.62396,-32.41525],[-60.62363,-32.41588],[-60.62368,-32.41638],[-60.6239,-32.41676],[-60.62439,-32.41692],[-60.62499,-32.41692],[-60.62582,-32.41701],[-60.62647,-32.41736],[-60.62704,-32.41782],[-60.62801,-32.41887],[-60.62905,-32.4198],[-60.62942,-32.42048],[-60.62945,-32.4214],[-60.62896,-32.42393],[-60.62913,-32.4244],[-60.62969,-32.42471],[-60.63077,-32.42488],[-60.63107,-32.42522],[-60.63104,-32.4258],[-60.63077,-32.42631],[-60.63013,-32.42687],[-60.62967,-32.4277],[-60.62933,-32.42862],[-60.62912,-32.42958],[-60.62902,-32.43033],[-60.62913,-32.43099],[-60.62913,-32.43199],[-60.62897,-32.43265],[-60.62831,-32.43313],[-60.62766,-32.4336],[-60.62759,-32.43405],[-60.62788,-32.43443],[-60.62838,-32.43458],[-60.6292,-32.43459],[-60.63,-32.43473],[-60.63061,-32.43512],[-60.63076,-32.43568],[-60.6307,-32.43636],[-60.63046,-32.43708],[-60.63,-32.43755],[-60.62938,-32.43795],[-60.6285,-32.43815],[-60.62664,-32.43842],[-60.62547,-32.43903],[-60.62433,-32.4399],[-60.62346,-32.44081],[-60.62241,-32.44187],[-60.62112,-32.44326],[-60.62024,-32.44433],[-60.62027,-32.44484],[-60.62066,-32.44534],[-60.62135,-32.44565],[-60.62206,-32.44563],[-60.62401,-32.44518],[-60.62528,-32.44528],[-60.62599,-32.44563],[-60.62648,-32.44628],[-60.62687,-32.44693],[-60.62701,-32.44758],[-60.62679,-32.44809],[-60.62637,-32.44841],[-60.62535,-32.44855],[-60.62417,-32.4489],[-60.62335,-32.44926],[-60.62282,-32.44966],[-60.62281,-32.4502],[-60.62332,-32.45065],[-60.62493,-32.45095],[-60.62571,-32.45115],[-60.6261,-32.45152],[-60.62591,-32.45197],[-60.62539,-32.45225],[-60.62488,-32.45228],[-60.62396,-32.4521],[-60.62097,-32.45125],[-60.61986,-32.4513],[-60.61886,-32.45192],[-60.61696,-32.45315],[-60.61582,-32.45314],[-60.61498,-32.45253],[-60.61397,-32.4517],[-60.61301,-32.45131],[-60.61228,-32.45178],[-60.61151,-32.45325],[-60.61086,-32.45374],[-60.60915,-32.45397],[-60.60697,-32.4541],[-60.60501,-32.45472],[-60.60382,-32.4558],[-60.60236,-32.45736],[-60.60089,-32.45884],[-60.59981,-32.46069],[-60.59937,-32.462],[-60.5994,-32.46292],[-60.60017,-32.46351],[-60.60118,-32.46384],[-60.60244,-32.46395],[-60.604,-32.46439],[-60.60474,-32.46518],[-60.60493,-32.4662],[-60.60577,-32.46812],[-60.60648,-32.46912],[-60.60736,-32.4702],[-60.60753,-32.47092],[-60.60735,-32.4716],[-60.60673,-32.47197],[-60.6056,-32.47209],[-60.60449,-32.47227],[-60.60273,-32.47307],[-60.60176,-32.47383],[-60.60083,-32.47486],[-60.60026,-32.47585],[-60.5997,-32.47658],[-60.59877,-32.47715],[-60.59779,-32.47742],[-60.59694,-32.47722],[-60.59613,-32.47661],[-60.59506,-32.47599],[-60.59424,-32.47598],[-60.59374,-32.47634],[-60.59158,-32.47809],[-60.59028,-32.47869],[-60.58836,-32.47905],[-60.58681,-32.47928],[-60.58559,-32.47964],[-60.58504,-32.48028],[-60.58482,-32.48115],[-60.5845,-32.48241],[-60.58413,-32.48307],[-60.5834,-32.48369],[-60.5826,-32.48362],[-60.58167,-32.48299],[-60.5806,-32.48234],[-60.57979,-32.48219],[-60.57927,-32.48247],[-60.57911,-32.48301],[-60.57924,-32.48383],[-60.57949,-32.48521],[-60.57915,-32.48576],[-60.57848,-32.48592],[-60.57767,-32.48558],[-60.57669,-32.48511],[-60.57586,-32.48499],[-60.57508,-32.48523],[-60.5742,-32.48575],[-60.57337,-32.48587],[-60.57281,-32.48534],[-60.57271,-32.48447],[-60.57237,-32.48316],[-60.57165,-32.48187],[-60.57075,-32.48029],[-60.57049,-32.47885],[-60.57076,-32.4781],[-60.57203,-32.4776],[-60.57248,-32.47689],[-60.57207,-32.47619],[-60.57043,-32.47535],[-60.56946,-32.47441],[-60.56866,-32.47371],[-60.56779,-32.47369],[-60.56591,-32.47539],[-60.56548,-32.4763],[-60.56549,-32.47754],[-60.56534,-32.47841],[-60.56473,-32.47877],[-60.56374,-32.47883],[-60.56276,-32.47888],[-60.56207,-32.47925],[-60.5617,-32.48029],[-60.55963,-32.48392],[-60.55869,-32.48592],[-60.55799,-32.48671],[-60.55716,-32.48707],[-60.55538,-32.48683],[-60.55403,-32.48653],[-60.55294,-32.4867],[-60.55034,-32.48742],[-60.54956,-32.48745],[-60.54846,-32.48732],[-60.54764,-32.48738],[-60.54688,-32.48783],[-60.54636,-32.48839],[-60.54544,-32.48992],[-60.54441,-32.49087],[-60.54129,-32.49156],[-60.54073,-32.49145],[-60.54038,-32.49103],[-60.54028,-32.48979],[-60.54013,-32.48781],[-60.53958,-32.48716],[-60.53863,-32.48678],[-60.53744,-32.48628],[-60.5373,-32.4858],[-60.53763,-32.48503],[-60.53793,-32.48397],[-60.53773,-32.48334],[-60.53699,-32.483],[-60.53584,-32.48285],[-60.53314,-32.48351],[-60.53126,-32.48439],[-60.52927,-32.48589],[-60.52866,-32.48701],[-60.52866,-32.48794],[-60.5292,-32.48885],[-60.53,-32.48947],[-60.53088,-32.48987],[-60.5312,-32.49029],[-60.53097,-32.49066],[-60.5304,-32.49059],[-60.52946,-32.48993],[-60.52795,-32.48882],[-60.52715,-32.48871],[-60.52643,-32.48895],[-60.52598,-32.48935],[-60.52578,-32.4899],[-60.52549,-32.49087],[-60.52518,-32.49156],[-60.52459,-32.49224],[-60.52384,-32.49279],[-60.52239,-32.49367],[-60.52153,-32.49392],[-60.52117,-32.49372],[-60.52099,-32.49336],[-60.52108,-32.49292],[-60.52132,-32.49238],[-60.52161,-32.49183],[-60.52169,-32.49126],[-60.52134,-32.49088],[-60.52082,-32.4908],[-60.5199,-32.49105],[-60.51859,-32.49165],[-60.51724,-32.49245],[-60.51617,-32.49306],[-60.51548,-32.4931],[-60.51474,-32.49286],[-60.51344,-32.49223],[-60.51144,-32.49163],[-60.51048,-32.4919],[-60.50976,-32.49232],[-60.50734,-32.49307],[-60.50598,-32.49302],[-60.50451,-32.49255],[-60.50342,-32.49256],[-60.50029,-32.49302]]}},{"type":"Feature","properties":{"name":"Arroyo El Tablero","layer":"Rios y Arroyos"},"geometry":{"type":"LineString","coordinates":[[-60.50883,-32.45665],[-60.50844,-32.45474],[-60.50827,-32.45215],[-60.50771,-32.45079],[-60.50814,-32.45002],[-60.50876,-32.44983],[-60.5096,-32.45014],[-60.51112,-32.45037],[-60.51333,-32.45055],[-60.51613,-32.45077],[-60.51692,-32.4504],[-60.5176,-32.44961],[-60.5181,-32.44871],[-60.51801,-32.44789],[-60.51754,-32.44732],[-60.51596,-32.44635],[-60.51487,-32.4455],[-60.51391,-32.44428],[-60.51336,-32.44325],[-60.51358,-32.44221],[-60.51406,-32.44134],[-60.51474,-32.44062],[-60.51525,-32.43995],[-60.51542,-32.43908],[-60.51506,-32.43839],[-60.51408,-32.43749],[-60.51316,-32.43654]]}},{"type":"Feature","properties":{"name":"Arroyo Las Lechuzas","layer":"Rios y Arroyos"},"geometry":{"type":"LineString","coordinates":[[-60.40465,-32.52119],[-60.40563,-32.5219],[-60.40702,-32.52223],[-60.40889,-32.52224],[-60.41354,-32.5216],[-60.41638,-32.52073],[-60.41872,-32.51981],[-60.42135,-32.519],[-60.42368,-32.51879],[-60.42495,-32.51862],[-60.42552,-32.51873],[-60.42616,-32.51917],[-60.42669,-32.52008],[-60.42696,-32.52107],[-60.42703,-32.52184],[-60.42716,-32.52255],[-60.42759,-32.52322],[-60.42814,-32.52384],[-60.42849,-32.52461],[-60.42875,-32.52539],[-60.42902,-32.5259],[-60.4293,-32.52677],[-60.42976,-32.52763],[-60.43002,-32.52803],[-60.43004,-32.52842]]}},{"type":"Feature","properties":{"name":"Arroyo Los Toros","layer":"Rios y Arroyos"},"geometry":{"type":"LineString","coordinates":[[-60.50096,-32.55156],[-60.50096,-32.55198],[-60.5007,-32.55249],[-60.50035,-32.55282],[-60.50021,-32.55312],[-60.50032,-32.55345],[-60.50085,-32.55428],[-60.50137,-32.55506],[-60.50125,-32.55624],[-60.50078,-32.55868],[-60.50031,-32.55943],[-60.49912,-32.56256],[-60.49739,-32.56469],[-60.4958,-32.56593],[-60.49492,-32.56656],[-60.49445,-32.56699],[-60.49413,-32.56764],[-60.49376,-32.56856],[-60.49375,-32.56914],[-60.49351,-32.56967],[-60.49264,-32.57026],[-60.49161,-32.57095],[-60.49045,-32.57197],[-60.48982,-32.57309],[-60.48958,-32.57399],[-60.48905,-32.5753],[-60.48802,-32.57677],[-60.48785,-32.57698]]}},{"type":"Feature","properties":{"name":"Arroyo del Lago","layer":"Rios y Arroyos"},"geometry":{"type":"LineString","coordinates":[[-60.7489,-32.31187],[-60.74701,-32.31267],[-60.74495,-32.31354],[-60.74435,-32.31477],[-60.74435,-32.31651],[-60.74375,-32.31942],[-60.74238,-32.32195],[-60.74006,-32.32362],[-60.73817,-32.32536],[-60.73568,-32.32797]]}},{"type":"Feature","properties":{"name":"Bahia La Carlota","layer":"Lagunas, Islas y lugares"},"geometry":{"type":"Point","coordinates":[-60.6734,-32.82336]}},{"type":"Feature","properties":{"name":"Laguna Tigre","layer":"Lagunas, Islas y lugares"},"geometry":{"type":"Point","coordinates":[-60.61303,-32.73509]}},{"type":"Feature","properties":{"name":"Laguna Idahome","layer":"Lagunas, Islas y lugares"},"geometry":{"type":"Point","coordinates":[-58.64,-34.32919]}},{"type":"Feature","properties":{"name":"Laguna Setubal","layer":"Lagunas, Islas y lugares"},"geometry":{"type":"Point","coordinates":[-60.67028,-31.63047]}},{"type":"Feature","properties":{"name":"Laguna Florida","layer":"Lagunas, Islas y lugares"},"geometry":{"type":"Point","coordinates":[-60.7707,-32.33058]}},{"type":"Feature","properties":{"name":"Laguna El Rodeo","layer":"Lagunas, Islas y lugares"},"geometry":{"type":"Point","coordinates":[-60.08467,-32.79091]}},{"type":"Feature","properties":{"name":"Laguna El Gato","layer":"Lagunas, Islas y lugares"},"geometry":{"type":"Point","coordinates":[-60.28694,-32.99485]}},{"type":"Feature","properties":{"name":"Laguna Timbó","layer":"Lagunas, Islas y lugares"},"geometry":{"type":"Point","coordinates":[-60.25782,-33.02989]}},{"type":"Feature","properties":{"name":"Laguna Las Tejas","layer":"Lagunas, Islas y lugares"},"geometry":{"type":"Point","coordinates":[-60.14236,-32.9179]}},{"type":"Feature","properties":{"name":"Laguna San Luis","layer":"Lagunas, Islas y lugares"},"geometry":{"type":"Point","coordinates":[-59.88288,-33.52654]}},{"type":"Feature","properties":{"name":"Laguna Tialucha","layer":"Lagunas, Islas y lugares"},"geometry":{"type":"Point","coordinates":[-59.85054,-33.53238]}},{"type":"Feature","properties":{"name":"Isla del Pele","layer":"Lagunas, Islas y lugares"},"geometry":{"type":"Point","coordinates":[-60.70974,-32.71677]}},{"type":"Feature","properties":{"name":"Laguna Sofia","layer":"Lagunas, Islas y lugares"},"geometry":{"type":"Point","coordinates":[-60.63226,-32.74878]}},{"type":"Feature","properties":{"name":"Isla Invernada","layer":"Lagunas, Islas y lugares"},"geometry":{"type":"Point","coordinates":[-60.66074,-32.88784]}},{"type":"Feature","properties":{"name":"Isla Rosita","layer":"Lagunas, Islas y lugares"},"geometry":{"type":"Point","coordinates":[-60.71132,-32.75874]}},{"type":"Feature","properties":{"name":"Islita del Canelón","layer":"Lagunas, Islas y lugares"},"geometry":{"type":"Point","coordinates":[-60.69365,-32.77338]}},{"type":"Feature","properties":{"name":"Isla Castellanos","layer":"Lagunas, Islas y lugares"},"geometry":{"type":"Point","coordinates":[-60.5895,-32.95466]}},{"type":"Feature","properties":{"name":"Isla del Frances","layer":"Lagunas, Islas y lugares"},"geometry":{"type":"Point","coordinates":[-60.5921,-32.99418]}},{"type":"Feature","properties":{"name":"Isla La Paloma","layer":"Lagunas, Islas y lugares"},"geometry":{"type":"Point","coordinates":[-60.56248,-33.01445]}},{"type":"Feature","properties":{"name":"Isla del Brasilero","layer":"Lagunas, Islas y lugares"},"geometry":{"type":"Point","coordinates":[-60.5006,-33.10589]}},{"type":"Feature","properties":{"name":"Isla del Paraguayo","layer":"Lagunas, Islas y lugares"},"geometry":{"type":"Point","coordinates":[-60.46443,-33.1277]}},{"type":"Feature","properties":{"name":"Isla de Los Mastiles","layer":"Lagunas, Islas y lugares"},"geometry":{"type":"Point","coordinates":[-60.67981,-32.84417]}},{"type":"Feature","properties":{"name":"Isla Charigue","layer":"Lagunas, Islas y lugares"},"geometry":{"type":"Point","coordinates":[-60.5931,-32.92355]}},{"type":"Feature","properties":{"name":"Laguna Las Tejas","layer":"Lagunas, Islas y lugares"},"geometry":{"type":"Point","coordinates":[-60.55518,-32.72013]}},{"type":"Feature","properties":{"name":"Isla del medio","layer":"Lagunas, Islas y lugares"},"geometry":{"type":"Point","coordinates":[-60.42841,-33.06173]}},{"type":"Feature","properties":{"name":"Isla el Banco","layer":"Lagunas, Islas y lugares"},"geometry":{"type":"Point","coordinates":[-60.70553,-32.67284]}},{"type":"Feature","properties":{"name":"Isla Villegas","layer":"Lagunas, Islas y lugares"},"geometry":{"type":"Point","coordinates":[-60.69043,-32.70877]}},{"type":"Feature","properties":{"name":"Isla Carcarana","layer":"Lagunas, Islas y lugares"},"geometry":{"type":"Point","coordinates":[-60.73933,-32.62128]}},{"type":"Feature","properties":{"name":"Isla del Encanto","layer":"Lagunas, Islas y lugares"},"geometry":{"type":"Point","coordinates":[-60.77153,-32.56455]}},{"type":"Feature","properties":{"name":"Isla de los pajaros","layer":"Lagunas, Islas y lugares"},"geometry":{"type":"Point","coordinates":[-60.77887,-32.5357]}},{"type":"Feature","properties":{"name":"Isla del Correntoso","layer":"Lagunas, Islas y lugares"},"geometry":{"type":"Point","coordinates":[-60.79533,-32.5126]}},{"type":"Feature","properties":{"name":"Islote Los pajaros","layer":"Lagunas, Islas y lugares"},"geometry":{"type":"Point","coordinates":[-60.75885,-32.5127]}},{"type":"Feature","properties":{"name":"Isla el zambo","layer":"Lagunas, Islas y lugares"},"geometry":{"type":"Point","coordinates":[-60.78433,-32.47459]}},{"type":"Feature","properties":{"name":"Isla Bellaco","layer":"Lagunas, Islas y lugares"},"geometry":{"type":"Point","coordinates":[-60.75642,-32.41728]}},{"type":"Feature","properties":{"name":"Laguna El Pastizal","layer":"Lagunas, Islas y lugares"},"geometry":{"type":"Point","coordinates":[-60.4704,-32.74139]}},{"type":"Feature","properties":{"name":"Isla Los Ubajayes","layer":"Lagunas, Islas y lugares"},"geometry":{"type":"Point","coordinates":[-60.772,-32.43408]}},{"type":"Feature","properties":{"name":"Islote los Reyes","layer":"Lagunas, Islas y lugares"},"geometry":{"type":"Point","coordinates":[-60.72713,-32.37844]}},{"type":"Feature","properties":{"name":"Isla el Pelado","layer":"Lagunas, Islas y lugares"},"geometry":{"type":"Point","coordinates":[-60.73373,-32.42175]}},{"type":"Feature","properties":{"name":"Isla Campo RIco","layer":"Lagunas, Islas y lugares"},"geometry":{"type":"Point","coordinates":[-60.71351,-32.29366]}},{"type":"Feature","properties":{"name":"Isla de los Huevos","layer":"Lagunas, Islas y lugares"},"geometry":{"type":"Point","coordinates":[-60.6883,-32.22022]}},{"type":"Feature","properties":{"name":"Isla Margarita","layer":"Lagunas, Islas y lugares"},"geometry":{"type":"Point","coordinates":[-60.66782,-32.3119]}},{"type":"Feature","properties":{"name":"Isla Pereyra","layer":"Lagunas, Islas y lugares"},"geometry":{"type":"Point","coordinates":[-60.3271,-33.19262]}},{"type":"Feature","properties":{"name":"Isla del Sol","layer":"Lagunas, Islas y lugares"},"geometry":{"type":"Point","coordinates":[-60.32347,-33.20918]}},{"type":"Feature","properties":{"name":"Isla de Cattaneo","layer":"Lagunas, Islas y lugares"},"geometry":{"type":"Point","coordinates":[-60.16046,-33.34172]}},{"type":"Feature","properties":{"name":"Isla Nueva","layer":"Lagunas, Islas y lugares"},"geometry":{"type":"Point","coordinates":[-60.10723,-33.38587]}},{"type":"Feature","properties":{"name":"Laguna Cavada","layer":"Lagunas, Islas y lugares"},"geometry":{"type":"Point","coordinates":[-60.44865,-32.8126]}},{"type":"Feature","properties":{"name":"Isla Guaco","layer":"Lagunas, Islas y lugares"},"geometry":{"type":"Point","coordinates":[-60.08818,-33.37312]}},{"type":"Feature","properties":{"name":"Isla Bodega","layer":"Lagunas, Islas y lugares"},"geometry":{"type":"Point","coordinates":[-60.06311,-33.40064]}},{"type":"Feature","properties":{"name":"Isla de la Espera","layer":"Lagunas, Islas y lugares"},"geometry":{"type":"Point","coordinates":[-60.04715,-33.42729]}},{"type":"Feature","properties":{"name":"Isla Tonelero","layer":"Lagunas, Islas y lugares"},"geometry":{"type":"Point","coordinates":[-60.09075,-33.41052]}},{"type":"Feature","properties":{"name":"Isla de las Arañas","layer":"Lagunas, Islas y lugares"},"geometry":{"type":"Point","coordinates":[-60.65867,-32.0191]}},{"type":"Feature","properties":{"name":"Isla del Tragadero","layer":"Lagunas, Islas y lugares"},"geometry":{"type":"Point","coordinates":[-60.71752,-31.93279]}},{"type":"Feature","properties":{"name":"Isla Larga","layer":"Lagunas, Islas y lugares"},"geometry":{"type":"Point","coordinates":[-60.69086,-32.03535]}},{"type":"Feature","properties":{"name":"Isla del Sapo","layer":"Lagunas, Islas y lugares"},"geometry":{"type":"Point","coordinates":[-60.77949,-32.32621]}},{"type":"Feature","properties":{"name":"Isla del Ternero","layer":"Lagunas, Islas y lugares"},"geometry":{"type":"Point","coordinates":[-60.76316,-32.35003]}},{"type":"Feature","properties":{"name":"Isla Tacuru","layer":"Lagunas, Islas y lugares"},"geometry":{"type":"Point","coordinates":[-60.68701,-31.65658]}},{"type":"Feature","properties":{"name":"Laguna el espinillo","layer":"Lagunas, Islas y lugares"},"geometry":{"type":"Point","coordinates":[-60.41478,-32.94852]}},{"type":"Feature","properties":{"name":"Isla Pesquerías","layer":"Lagunas, Islas y lugares"},"geometry":{"type":"Point","coordinates":[-60.6689,-31.68728]}},{"type":"Feature","properties":{"name":"Isla La Tona","layer":"Lagunas, Islas y lugares"},"geometry":{"type":"Point","coordinates":[-60.65284,-31.69608]}},{"type":"Feature","properties":{"name":"Isla Berduc","layer":"Lagunas, Islas y lugares"},"geometry":{"type":"Point","coordinates":[-60.57142,-31.68]}},{"type":"Feature","properties":{"name":"Isla Santa Candida","layer":"Lagunas, Islas y lugares"},"geometry":{"type":"Point","coordinates":[-60.5183,-31.69185]}},{"type":"Feature","properties":{"name":"Isla Puente","layer":"Lagunas, Islas y lugares"},"geometry":{"type":"Point","coordinates":[-60.5328,-31.70923]}},{"type":"Feature","properties":{"name":"Isla Malú","layer":"Lagunas, Islas y lugares"},"geometry":{"type":"Point","coordinates":[-60.61012,-31.79794]}},{"type":"Feature","properties":{"name":"Isla Pampero","layer":"Lagunas, Islas y lugares"},"geometry":{"type":"Point","coordinates":[-60.62757,-31.79945]}},{"type":"Feature","properties":{"name":"Islas Linch","layer":"Lagunas, Islas y lugares"},"geometry":{"type":"Point","coordinates":[-60.61464,-31.75195]}},{"type":"Feature","properties":{"name":"Isla La Paciencia","layer":"Lagunas, Islas y lugares"},"geometry":{"type":"Point","coordinates":[-60.65608,-31.75388]}},{"type":"Feature","properties":{"name":"Isla del Tragadero","layer":"Lagunas, Islas y lugares"},"geometry":{"type":"Point","coordinates":[-60.67503,-31.79722]}},{"type":"Feature","properties":{"name":"Laguna Sauzal","layer":"Lagunas, Islas y lugares"},"geometry":{"type":"Point","coordinates":[-60.42436,-32.98506]}},{"type":"Feature","properties":{"name":"Isla el Grillo","layer":"Lagunas, Islas y lugares"},"geometry":{"type":"Point","coordinates":[-60.68682,-31.80041]}},{"type":"Feature","properties":{"name":"Isla Las Animas","layer":"Lagunas, Islas y lugares"},"geometry":{"type":"Point","coordinates":[-60.66075,-31.81199]}},{"type":"Feature","properties":{"name":"Isla Carabajal","layer":"Lagunas, Islas y lugares"},"geometry":{"type":"Point","coordinates":[-60.61371,-31.69563]}},{"type":"Feature","properties":{"name":"Isla La Vibora","layer":"Lagunas, Islas y lugares"},"geometry":{"type":"Point","coordinates":[-60.71851,-31.86377]}},{"type":"Feature","properties":{"name":"Isla del Tragadero","layer":"Lagunas, Islas y lugares"},"geometry":{"type":"Point","coordinates":[-60.72934,-31.97512]}},{"type":"Feature","properties":{"name":"Isla de las Arañas","layer":"Lagunas, Islas y lugares"},"geometry":{"type":"Point","coordinates":[-60.70054,-31.98779]}},{"type":"Feature","properties":{"name":"Islas Largas","layer":"Lagunas, Islas y lugares"},"geometry":{"type":"Point","coordinates":[-60.7066,-31.99934]}},{"type":"Feature","properties":{"name":"Isla Paracao o Febre","layer":"Lagunas, Islas y lugares"},"geometry":{"type":"Point","coordinates":[-60.64001,-31.84658]}},{"type":"Feature","properties":{"name":"Isla los Blancos al Norte","layer":"Lagunas, Islas y lugares"},"geometry":{"type":"Point","coordinates":[-60.72552,-32.06787]}},{"type":"Feature","properties":{"name":"Isla Los Blancos al Sur","layer":"Lagunas, Islas y lugares"},"geometry":{"type":"Point","coordinates":[-60.71966,-32.0799]}},{"type":"Feature","properties":{"name":"Laguna Laurenzal","layer":"Lagunas, Islas y lugares"},"geometry":{"type":"Point","coordinates":[-60.40498,-33.03448]}},{"type":"Feature","properties":{"name":"Isla La Caviglia","layer":"Lagunas, Islas y lugares"},"geometry":{"type":"Point","coordinates":[-60.68324,-32.08849]}},{"type":"Feature","properties":{"name":"Isla Saca Calzones","layer":"Lagunas, Islas y lugares"},"geometry":{"type":"Point","coordinates":[-60.66878,-32.1501]}},{"type":"Feature","properties":{"name":"Isla del Pillo","layer":"Lagunas, Islas y lugares"},"geometry":{"type":"Point","coordinates":[-60.20864,-32.83007]}},{"type":"Feature","properties":{"name":"Tenacita","layer":"Lagunas, Islas y lugares"},"geometry":{"type":"Point","coordinates":[-60.31703,-32.94486]}},{"type":"Feature","properties":{"name":"Islote del Paraguayito","layer":"Lagunas, Islas y lugares"},"geometry":{"type":"Point","coordinates":[-60.41314,-33.15828]}},{"type":"Feature","properties":{"name":"Isla Paraguayo","layer":"Lagunas, Islas y lugares"},"geometry":{"type":"Point","coordinates":[-60.41124,-33.16739]}},{"type":"Feature","properties":{"name":"Islote Constancia","layer":"Lagunas, Islas y lugares"},"geometry":{"type":"Point","coordinates":[-60.4374,-33.1627]}},{"type":"Feature","properties":{"name":"Islote Republicano","layer":"Lagunas, Islas y lugares"},"geometry":{"type":"Point","coordinates":[-60.41582,-33.17428]}},{"type":"Feature","properties":{"name":"Islas de las Lechiguanas","layer":"Lagunas, Islas y lugares"},"geometry":{"type":"Point","coordinates":[-60.08596,-33.3221]}},{"type":"Feature","properties":{"name":"Isla de los Ingleses","layer":"Lagunas, Islas y lugares"},"geometry":{"type":"Point","coordinates":[-59.879,-33.28134]}},{"type":"Feature","properties":{"name":"Laguna Vazquez","layer":"Lagunas, Islas y lugares"},"geometry":{"type":"Point","coordinates":[-60.37943,-33.0579]}},{"type":"Feature","properties":{"name":"Isla Bernachea","layer":"Lagunas, Islas y lugares"},"geometry":{"type":"Point","coordinates":[-60.69208,-32.16654]}},{"type":"Feature","properties":{"name":"Isla El Kito","layer":"Lagunas, Islas y lugares"},"geometry":{"type":"Point","coordinates":[-60.72127,-32.17345]}},{"type":"Feature","properties":{"name":"Isla del Soldado","layer":"Lagunas, Islas y lugares"},"geometry":{"type":"Point","coordinates":[-60.69418,-32.24307]}},{"type":"Feature","properties":{"name":"Isla el Tapao","layer":"Lagunas, Islas y lugares"},"geometry":{"type":"Point","coordinates":[-60.72748,-32.23274]}},{"type":"Feature","properties":{"name":"Isla del Campito","layer":"Lagunas, Islas y lugares"},"geometry":{"type":"Point","coordinates":[-60.84929,-32.34152]}},{"type":"Feature","properties":{"name":"Isla Espinillo","layer":"Lagunas, Islas y lugares"},"geometry":{"type":"Point","coordinates":[-60.63401,-32.92482]}},{"type":"Feature","properties":{"name":"Isla San Pedro","layer":"Lagunas, Islas y lugares"},"geometry":{"type":"Point","coordinates":[-59.70301,-33.6455]}},{"type":"Feature","properties":{"name":"Isla Gorosito","layer":"Lagunas, Islas y lugares"},"geometry":{"type":"Point","coordinates":[-60.08678,-33.25208]}},{"type":"Feature","properties":{"name":"Isla San Pedro","layer":"Lagunas, Islas y lugares"},"geometry":{"type":"Point","coordinates":[-59.53264,-33.64782]}},{"type":"Feature","properties":{"name":"Isla de Larco","layer":"Lagunas, Islas y lugares"},"geometry":{"type":"Point","coordinates":[-59.64058,-33.65832]}},{"type":"Feature","properties":{"name":"Laguna Boca del caballo","layer":"Lagunas, Islas y lugares"},"geometry":{"type":"Point","coordinates":[-60.51,-32.88698]}},{"type":"Feature","properties":{"name":"Isla del Medio","layer":"Lagunas, Islas y lugares"},"geometry":{"type":"Point","coordinates":[-59.6913,-33.62265]}},{"type":"Feature","properties":{"name":"Islas de Obligado","layer":"Lagunas, Islas y lugares"},"geometry":{"type":"Point","coordinates":[-59.8366,-33.54309]}},{"type":"Feature","properties":{"name":"Isla Lencina","layer":"Lagunas, Islas y lugares"},"geometry":{"type":"Point","coordinates":[-60.01141,-33.45604]}},{"type":"Feature","properties":{"name":"Isla de las Hermanas","layer":"Lagunas, Islas y lugares"},"geometry":{"type":"Point","coordinates":[-59.96734,-33.48215]}},{"type":"Feature","properties":{"name":"Isla Susana","layer":"Lagunas, Islas y lugares"},"geometry":{"type":"Point","coordinates":[-59.88638,-33.50742]}},{"type":"Feature","properties":{"name":"Isla Santos Vega","layer":"Lagunas, Islas y lugares"},"geometry":{"type":"Point","coordinates":[-59.89787,-33.51984]}},{"type":"Feature","properties":{"name":"Isla la Nicanora","layer":"Lagunas, Islas y lugares"},"geometry":{"type":"Point","coordinates":[-59.59815,-33.37141]}},{"type":"Feature","properties":{"name":"Isla los Laureles","layer":"Lagunas, Islas y lugares"},"geometry":{"type":"Point","coordinates":[-59.37806,-33.75263]}},{"type":"Feature","properties":{"name":"Isla Dorado","layer":"Lagunas, Islas y lugares"},"geometry":{"type":"Point","coordinates":[-59.34801,-33.73853]}},{"type":"Feature","properties":{"name":"Isla de Las Palmas","layer":"Lagunas, Islas y lugares"},"geometry":{"type":"Point","coordinates":[-59.31027,-33.73618]}},{"type":"Feature","properties":{"name":"Laguna El Embudo","layer":"Lagunas, Islas y lugares"},"geometry":{"type":"Point","coordinates":[-60.66668,-32.89285]}},{"type":"Feature","properties":{"name":"Laguna el caballo","layer":"Lagunas, Islas y lugares"},"geometry":{"type":"Point","coordinates":[-60.49365,-32.88767]}},{"type":"Feature","properties":{"name":"Isla San Juan","layer":"Lagunas, Islas y lugares"},"geometry":{"type":"Point","coordinates":[-59.30546,-33.5919]}},{"type":"Feature","properties":{"name":"Isla del Castillo","layer":"Lagunas, Islas y lugares"},"geometry":{"type":"Point","coordinates":[-59.22465,-33.72389]}},{"type":"Feature","properties":{"name":"Isla del Medio","layer":"Lagunas, Islas y lugares"},"geometry":{"type":"Point","coordinates":[-59.20231,-33.73105]}},{"type":"Feature","properties":{"name":"Isla Romero","layer":"Lagunas, Islas y lugares"},"geometry":{"type":"Point","coordinates":[-59.33153,-33.81009]}},{"type":"Feature","properties":{"name":"Isla Viscaino","layer":"Lagunas, Islas y lugares"},"geometry":{"type":"Point","coordinates":[-59.24129,-33.79641]}},{"type":"Feature","properties":{"name":"Isla Grande","layer":"Lagunas, Islas y lugares"},"geometry":{"type":"Point","coordinates":[-59.44444,-33.71577]}},{"type":"Feature","properties":{"name":"Isla de las Lechiguanas","layer":"Lagunas, Islas y lugares"},"geometry":{"type":"Point","coordinates":[-59.21207,-33.77542]}},{"type":"Feature","properties":{"name":"Isla Botija","layer":"Lagunas, Islas y lugares"},"geometry":{"type":"Point","coordinates":[-59.02105,-33.87774]}},{"type":"Feature","properties":{"name":"Isla Nutria","layer":"Lagunas, Islas y lugares"},"geometry":{"type":"Point","coordinates":[-58.49167,-34.29297]}},{"type":"Feature","properties":{"name":"Isla Lucha","layer":"Lagunas, Islas y lugares"},"geometry":{"type":"Point","coordinates":[-58.49974,-34.30324]}},{"type":"Feature","properties":{"name":"Laguna de los Pinos","layer":"Lagunas, Islas y lugares"},"geometry":{"type":"Point","coordinates":[-60.6882,-32.69913]}},{"type":"Feature","properties":{"name":"Isla Nueva","layer":"Lagunas, Islas y lugares"},"geometry":{"type":"Point","coordinates":[-58.53394,-34.30335]}},{"type":"Feature","properties":{"name":"Isla Zarate","layer":"Lagunas, Islas y lugares"},"geometry":{"type":"Point","coordinates":[-58.46595,-34.34371]}},{"type":"Feature","properties":{"name":"Isla Santa Monica","layer":"Lagunas, Islas y lugares"},"geometry":{"type":"Point","coordinates":[-58.50237,-34.4176]}},{"type":"Feature","properties":{"name":"Isla La Peineta","layer":"Lagunas, Islas y lugares"},"geometry":{"type":"Point","coordinates":[-60.73522,-32.14292]}},{"type":"Feature","properties":{"name":"Isla del Ceibo","layer":"Lagunas, Islas y lugares"},"geometry":{"type":"Point","coordinates":[-60.64592,-32.10851]}},{"type":"Feature","properties":{"name":"Isla de la Manga","layer":"Lagunas, Islas y lugares"},"geometry":{"type":"Point","coordinates":[-60.63731,-32.15938]}},{"type":"Feature","properties":{"name":"Isla del Barro","layer":"Lagunas, Islas y lugares"},"geometry":{"type":"Point","coordinates":[-60.61015,-32.14601]}},{"type":"Feature","properties":{"name":"Isla del Ceibo","layer":"Lagunas, Islas y lugares"},"geometry":{"type":"Point","coordinates":[-60.62807,-32.14756]}},{"type":"Feature","properties":{"name":"Isla Boca de los Novillos","layer":"Lagunas, Islas y lugares"},"geometry":{"type":"Point","coordinates":[-60.66109,-32.1794]}},{"type":"Feature","properties":{"name":"Isla El Infiel","layer":"Lagunas, Islas y lugares"},"geometry":{"type":"Point","coordinates":[-60.22482,-33.27471]}},{"type":"Feature","properties":{"name":"Laguna Malevo","layer":"Lagunas, Islas y lugares"},"geometry":{"type":"Point","coordinates":[-60.67895,-32.70395]}},{"type":"Feature","properties":{"name":"Banco San Andrés","layer":"Lagunas, Islas y lugares"},"geometry":{"type":"Point","coordinates":[-60.59772,-32.96981]}},{"type":"Feature","properties":{"name":"Isla de la Flora","layer":"Lagunas, Islas y lugares"},"geometry":{"type":"Point","coordinates":[-60.69145,-32.78198]}},{"type":"Feature","properties":{"name":"Isla Deseada","layer":"Lagunas, Islas y lugares"},"geometry":{"type":"Point","coordinates":[-60.6491,-32.85583]}},{"type":"Feature","properties":{"name":"Isla Libertad","layer":"Lagunas, Islas y lugares"},"geometry":{"type":"Point","coordinates":[-60.66155,-32.87221]}},{"type":"Feature","properties":{"name":"Isla Ballestero","layer":"Lagunas, Islas y lugares"},"geometry":{"type":"Point","coordinates":[-60.22328,-33.31246]}},{"type":"Feature","properties":{"name":"Islote Garcia II","layer":"Lagunas, Islas y lugares"},"geometry":{"type":"Point","coordinates":[-59.93072,-33.47011]}},{"type":"Feature","properties":{"name":"Isla del Diablo","layer":"Lagunas, Islas y lugares"},"geometry":{"type":"Point","coordinates":[-59.72817,-33.6148]}},{"type":"Feature","properties":{"name":"Isla Dos de Oro","layer":"Lagunas, Islas y lugares"},"geometry":{"type":"Point","coordinates":[-59.62842,-33.69291]}},{"type":"Feature","properties":{"name":"Isla del Dorado","layer":"Lagunas, Islas y lugares"},"geometry":{"type":"Point","coordinates":[-58.83934,-33.94351]}},{"type":"Feature","properties":{"name":"Isla La Paloma","layer":"Lagunas, Islas y lugares"},"geometry":{"type":"Point","coordinates":[-58.73997,-33.95927]}},{"type":"Feature","properties":{"name":"Laguna el Alambre","layer":"Lagunas, Islas y lugares"},"geometry":{"type":"Point","coordinates":[-60.53137,-32.72944]}},{"type":"Feature","properties":{"name":"Isla del Doradito","layer":"Lagunas, Islas y lugares"},"geometry":{"type":"Point","coordinates":[-58.84938,-33.93076]}},{"type":"Feature","properties":{"name":"Isla Falsa Botija","layer":"Lagunas, Islas y lugares"},"geometry":{"type":"Point","coordinates":[-59.08668,-33.88631]}},{"type":"Feature","properties":{"name":"Isla los Tigres del Mar","layer":"Lagunas, Islas y lugares"},"geometry":{"type":"Point","coordinates":[-58.37388,-34.03295]}},{"type":"Feature","properties":{"name":"Isla de la Paloma","layer":"Lagunas, Islas y lugares"},"geometry":{"type":"Point","coordinates":[-58.48372,-33.90538]}},{"type":"Feature","properties":{"name":"Isla Juncal","layer":"Lagunas, Islas y lugares"},"geometry":{"type":"Point","coordinates":[-58.37748,-33.97199]}},{"type":"Feature","properties":{"name":"Isla La Francesa","layer":"Lagunas, Islas y lugares"},"geometry":{"type":"Point","coordinates":[-58.41863,-33.96099]}},{"type":"Feature","properties":{"name":"Isla del Portugués","layer":"Lagunas, Islas y lugares"},"geometry":{"type":"Point","coordinates":[-58.67447,-34.02049]}},{"type":"Feature","properties":{"name":"Punta Armado","layer":"Lagunas, Islas y lugares"},"geometry":{"type":"Point","coordinates":[-60.69033,-32.80999]}},{"type":"Feature","properties":{"name":"Punta Ceibo","layer":"Lagunas, Islas y lugares"},"geometry":{"type":"Point","coordinates":[-60.69141,-32.76392]}},{"type":"Feature","properties":{"name":"Puntazo","layer":"Lagunas, Islas y lugares"},"geometry":{"type":"Point","coordinates":[-60.67489,-32.87178]}},{"type":"Feature","properties":{"name":"Laguna de la Francesa","layer":"Lagunas, Islas y lugares"},"geometry":{"type":"Point","coordinates":[-60.67354,-32.55173]}},{"type":"Feature","properties":{"name":"Boca de La Milonga","layer":"Lagunas, Islas y lugares"},"geometry":{"type":"Point","coordinates":[-60.65276,-32.83792]}},{"type":"Feature","properties":{"name":"Boca Los Marinos","layer":"Lagunas, Islas y lugares"},"geometry":{"type":"Point","coordinates":[-60.59981,-32.95009]}},{"type":"Feature","properties":{"name":"Vladimir","layer":"Lagunas, Islas y lugares"},"geometry":{"type":"Point","coordinates":[-60.60335,-32.95981]}},{"type":"Feature","properties":{"name":"Boca del Bobo","layer":"Lagunas, Islas y lugares"},"geometry":{"type":"Point","coordinates":[-60.71581,-32.66357]}},{"type":"Feature","properties":{"name":"Los Benitos","layer":"Lagunas, Islas y lugares"},"geometry":{"type":"Point","coordinates":[-60.64202,-32.89036]}},{"type":"Feature","properties":{"name":"Los Codillos","layer":"Lagunas, Islas y lugares"},"geometry":{"type":"Point","coordinates":[-60.58224,-32.89761]}},{"type":"Feature","properties":{"name":"Boca de La Juana","layer":"Lagunas, Islas y lugares"},"geometry":{"type":"Point","coordinates":[-60.58772,-32.88248]}},{"type":"Feature","properties":{"name":"Boca Piedras","layer":"Lagunas, Islas y lugares"},"geometry":{"type":"Point","coordinates":[-60.53142,-32.61652]}},{"type":"Feature","properties":{"name":"Vuelta de Pelle","layer":"Lagunas, Islas y lugares"},"geometry":{"type":"Point","coordinates":[-60.49423,-33.02994]}},{"type":"Feature","properties":{"name":"Las Tres Bocas","layer":"Lagunas, Islas y lugares"},"geometry":{"type":"Point","coordinates":[-60.66533,-32.31068]}},{"type":"Feature","properties":{"name":"Laguna la Pesqueria","layer":"Lagunas, Islas y lugares"},"geometry":{"type":"Point","coordinates":[-60.71697,-32.54508]}},{"type":"Feature","properties":{"name":"Boca de las Cañas","layer":"Lagunas, Islas y lugares"},"geometry":{"type":"Point","coordinates":[-60.56834,-32.61646]}},{"type":"Feature","properties":{"name":"Las Cuatro Bocas","layer":"Lagunas, Islas y lugares"},"geometry":{"type":"Point","coordinates":[-60.35816,-33.10682]}},{"type":"Feature","properties":{"name":"Rada","layer":"Lagunas, Islas y lugares"},"geometry":{"type":"Point","coordinates":[-60.16937,-33.34186]}},{"type":"Feature","properties":{"name":"Martin Chico","layer":"Lagunas, Islas y lugares"},"geometry":{"type":"Point","coordinates":[-60.15718,-33.33368]}},{"type":"Feature","properties":{"name":"Zanjon Ancho","layer":"Lagunas, Islas y lugares"},"geometry":{"type":"Point","coordinates":[-60.52262,-32.80658]}},{"type":"Feature","properties":{"name":"Punta del canario","layer":"Lagunas, Islas y lugares"},"geometry":{"type":"Point","coordinates":[-60.55819,-33.03775]}},{"type":"Feature","properties":{"name":"Zanjon Almada","layer":"Lagunas, Islas y lugares"},"geometry":{"type":"Point","coordinates":[-60.58732,-32.83423]}},{"type":"Feature","properties":{"name":"Boca de las Casuarinas","layer":"Lagunas, Islas y lugares"},"geometry":{"type":"Point","coordinates":[-60.69225,-32.74794]}},{"type":"Feature","properties":{"name":"Albardón viejo","layer":"Lagunas, Islas y lugares"},"geometry":{"type":"Point","coordinates":[-60.66224,-32.81215]}},{"type":"Feature","properties":{"name":"El ceibal","layer":"Lagunas, Islas y lugares"},"geometry":{"type":"Point","coordinates":[-60.67191,-32.81004]}},{"type":"Feature","properties":{"name":"Laguna Gaviotas","layer":"Lagunas, Islas y lugares"},"geometry":{"type":"Point","coordinates":[-60.67131,-32.57503]}},{"type":"Feature","properties":{"name":"Parada del Alambrado","layer":"Lagunas, Islas y lugares"},"geometry":{"type":"Point","coordinates":[-60.66522,-32.84206]}},{"type":"Feature","properties":{"name":"Bañados de la Ensenada","layer":"Lagunas, Islas y lugares"},"geometry":{"type":"Point","coordinates":[-60.64139,-32.0305]}},{"type":"Feature","properties":{"name":"Orzada Nogoya","layer":"Lagunas, Islas y lugares"},"geometry":{"type":"Point","coordinates":[-60.75427,-32.43953]}},{"type":"Feature","properties":{"name":"Boca del Salado","layer":"Lagunas, Islas y lugares"},"geometry":{"type":"Point","coordinates":[-60.11805,-32.77461]}},{"type":"Feature","properties":{"name":"Boca de los Tachos","layer":"Lagunas, Islas y lugares"},"geometry":{"type":"Point","coordinates":[-60.6691,-32.2522]}},{"type":"Feature","properties":{"name":"La Horqueta","layer":"Lagunas, Islas y lugares"},"geometry":{"type":"Point","coordinates":[-60.5197,-32.87155]}},{"type":"Feature","properties":{"name":"Boca El Tigre","layer":"Lagunas, Islas y lugares"},"geometry":{"type":"Point","coordinates":[-59.62426,-33.45957]}},{"type":"Feature","properties":{"name":"Boca Los Lobos","layer":"Lagunas, Islas y lugares"},"geometry":{"type":"Point","coordinates":[-59.54307,-33.63606]}},{"type":"Feature","properties":{"name":"El Salitral","layer":"Lagunas, Islas y lugares"},"geometry":{"type":"Point","coordinates":[-59.8427,-33.41877]}},{"type":"Feature","properties":{"name":"El Cavado","layer":"Lagunas, Islas y lugares"},"geometry":{"type":"Point","coordinates":[-60.08622,-33.35321]}},{"type":"Feature","properties":{"name":"Laguna de la Estancia","layer":"Lagunas, Islas y lugares"},"geometry":{"type":"Point","coordinates":[-60.72868,-32.56533]}},{"type":"Feature","properties":{"name":"La Cruz","layer":"Lagunas, Islas y lugares"},"geometry":{"type":"Point","coordinates":[-59.86194,-33.30284]}},{"type":"Feature","properties":{"name":"Vuelta del Sur","layer":"Lagunas, Islas y lugares"},"geometry":{"type":"Point","coordinates":[-59.45567,-33.55711]}},{"type":"Feature","properties":{"name":"Cinco Bocas","layer":"Lagunas, Islas y lugares"},"geometry":{"type":"Point","coordinates":[-59.21914,-33.81688]}},{"type":"Feature","properties":{"name":"El Pimpollal","layer":"Lagunas, Islas y lugares"},"geometry":{"type":"Point","coordinates":[-60.64386,-32.88509]}},{"type":"Feature","properties":{"name":"Vuelta Romero","layer":"Lagunas, Islas y lugares"},"geometry":{"type":"Point","coordinates":[-59.23112,-33.92327]}},{"type":"Feature","properties":{"name":"Vuelta de los Patos","layer":"Lagunas, Islas y lugares"},"geometry":{"type":"Point","coordinates":[-59.25582,-33.93728]}},{"type":"Feature","properties":{"name":"Vuelta del Pelado","layer":"Lagunas, Islas y lugares"},"geometry":{"type":"Point","coordinates":[-59.21243,-33.95097]}},{"type":"Feature","properties":{"name":"Vuelta de Las Limas","layer":"Lagunas, Islas y lugares"},"geometry":{"type":"Point","coordinates":[-59.18067,-33.95814]}},{"type":"Feature","properties":{"name":"Vuelta de San Antonio","layer":"Lagunas, Islas y lugares"},"geometry":{"type":"Point","coordinates":[-59.14339,-34.00241]}},{"type":"Feature","properties":{"name":"Vuelta de los Barbones","layer":"Lagunas, Islas y lugares"},"geometry":{"type":"Point","coordinates":[-59.09679,-34.04178]}},{"type":"Feature","properties":{"name":"Laguna Diaz","layer":"Lagunas, Islas y lugares"},"geometry":{"type":"Point","coordinates":[-60.55667,-32.53828]}},{"type":"Feature","properties":{"name":"Angostura de la Base","layer":"Lagunas, Islas y lugares"},"geometry":{"type":"Point","coordinates":[-59.27512,-33.77599]}},{"type":"Feature","properties":{"name":"Cancha Larga","layer":"Lagunas, Islas y lugares"},"geometry":{"type":"Point","coordinates":[-59.27495,-33.86677]}},{"type":"Feature","properties":{"name":"Angostura de la Isleta","layer":"Lagunas, Islas y lugares"},"geometry":{"type":"Point","coordinates":[-59.34598,-33.82031]}},{"type":"Feature","properties":{"name":"Horqueta del Carabelas","layer":"Lagunas, Islas y lugares"},"geometry":{"type":"Point","coordinates":[-58.888,-33.95819]}},{"type":"Feature","properties":{"name":"Vuelta de Este","layer":"Lagunas, Islas y lugares"},"geometry":{"type":"Point","coordinates":[-58.97997,-34.13728]}},{"type":"Feature","properties":{"name":"Vuelta Campana","layer":"Lagunas, Islas y lugares"},"geometry":{"type":"Point","coordinates":[-58.92288,-34.14939]}},{"type":"Feature","properties":{"name":"Vuelta del Hinojo","layer":"Lagunas, Islas y lugares"},"geometry":{"type":"Point","coordinates":[-58.89805,-34.18288]}},{"type":"Feature","properties":{"name":"Vuelta del Tordillo","layer":"Lagunas, Islas y lugares"},"geometry":{"type":"Point","coordinates":[-58.86102,-34.18196]}},{"type":"Feature","properties":{"name":"Bajos del Temor","layer":"Lagunas, Islas y lugares"},"geometry":{"type":"Point","coordinates":[-58.48705,-34.2747]}},{"type":"Feature","properties":{"name":"Boca de los Toldos","layer":"Lagunas, Islas y lugares"},"geometry":{"type":"Point","coordinates":[-60.4371,-32.72595]}},{"type":"Feature","properties":{"name":"Laguna los Vascos","layer":"Lagunas, Islas y lugares"},"geometry":{"type":"Point","coordinates":[-60.54695,-32.54839]}},{"type":"Feature","properties":{"name":"Cancha del Soldado","layer":"Lagunas, Islas y lugares"},"geometry":{"type":"Point","coordinates":[-59.79642,-33.5508]}},{"type":"Feature","properties":{"name":"Cancha Dorado","layer":"Lagunas, Islas y lugares"},"geometry":{"type":"Point","coordinates":[-59.36866,-33.75419]}},{"type":"Feature","properties":{"name":"Punta Carbon","layer":"Lagunas, Islas y lugares"},"geometry":{"type":"Point","coordinates":[-58.45205,-33.83979]}},{"type":"Feature","properties":{"name":"Punta Izquierda","layer":"Lagunas, Islas y lugares"},"geometry":{"type":"Point","coordinates":[-58.46767,-33.81987]}},{"type":"Feature","properties":{"name":"Lago Muerto","layer":"Lagunas, Islas y lugares"},"geometry":{"type":"Point","coordinates":[-60.56466,-32.99777]}},{"type":"Feature","properties":{"name":"Laguna de los chachos","layer":"Lagunas, Islas y lugares"},"geometry":{"type":"Point","coordinates":[-60.58256,-32.54421]}},{"type":"Feature","properties":{"name":"Laguna de los Pinos","layer":"Lagunas, Islas y lugares"},"geometry":{"type":"Point","coordinates":[-60.70873,-32.65152]}},{"type":"Feature","properties":{"name":"Laguna Malevo","layer":"Lagunas, Islas y lugares"},"geometry":{"type":"Point","coordinates":[-60.68745,-32.66134]}},{"type":"Feature","properties":{"name":"Laguna Los Ganzos","layer":"Lagunas, Islas y lugares"},"geometry":{"type":"Point","coordinates":[-60.36335,-32.83056]}},{"type":"Feature","properties":{"name":"Laguna Las 30","layer":"Lagunas, Islas y lugares"},"geometry":{"type":"Point","coordinates":[-60.28198,-32.862]}},{"type":"Feature","properties":{"name":"Laguna Bayo","layer":"Lagunas, Islas y lugares"},"geometry":{"type":"Point","coordinates":[-60.34861,-32.92237]}},{"type":"Feature","properties":{"name":"Laguna Montiel","layer":"Lagunas, Islas y lugares"},"geometry":{"type":"Point","coordinates":[-60.36438,-33.14215]}},{"type":"Feature","properties":{"name":"Laguna Polonio","layer":"Lagunas, Islas y lugares"},"geometry":{"type":"Point","coordinates":[-60.29125,-33.14071]}},{"type":"Feature","properties":{"name":"Laguna Las Tejas","layer":"Lagunas, Islas y lugares"},"geometry":{"type":"Point","coordinates":[-60.14843,-33.30686]}},{"type":"Feature","properties":{"name":"Laguna Cayada","layer":"Lagunas, Islas y lugares"},"geometry":{"type":"Point","coordinates":[-60.25486,-33.13382]}},{"type":"Feature","properties":{"name":"Laguna Encerrada","layer":"Lagunas, Islas y lugares"},"geometry":{"type":"Point","coordinates":[-60.61861,-32.93449]}},{"type":"Feature","properties":{"name":"Laguna Tirantes Grandes","layer":"Lagunas, Islas y lugares"},"geometry":{"type":"Point","coordinates":[-60.19083,-33.1423]}},{"type":"Feature","properties":{"name":"Laguna Tirantes Chicos","layer":"Lagunas, Islas y lugares"},"geometry":{"type":"Point","coordinates":[-60.18619,-33.17693]}},{"type":"Feature","properties":{"name":"Laguna Lopez","layer":"Lagunas, Islas y lugares"},"geometry":{"type":"Point","coordinates":[-60.22087,-33.19417]}},{"type":"Feature","properties":{"name":"Laguna Ciega","layer":"Lagunas, Islas y lugares"},"geometry":{"type":"Point","coordinates":[-60.15598,-33.26409]}},{"type":"Feature","properties":{"name":"Laguna del Suco","layer":"Lagunas, Islas y lugares"},"geometry":{"type":"Point","coordinates":[-60.20456,-33.31461]}},{"type":"Feature","properties":{"name":"Laguna Matadero","layer":"Lagunas, Islas y lugares"},"geometry":{"type":"Point","coordinates":[-60.13315,-33.21816]}},{"type":"Feature","properties":{"name":"Laguna La Cavada","layer":"Lagunas, Islas y lugares"},"geometry":{"type":"Point","coordinates":[-60.11993,-33.14517]}},{"type":"Feature","properties":{"name":"Laguna Laurenzal","layer":"Lagunas, Islas y lugares"},"geometry":{"type":"Point","coordinates":[-60.60865,-32.58645]}},{"type":"Feature","properties":{"name":"Laguna Brava Grande","layer":"Lagunas, Islas y lugares"},"geometry":{"type":"Point","coordinates":[-60.52863,-33.04633]}},{"type":"Feature","properties":{"name":"Laguna Cataizal chico","layer":"Lagunas, Islas y lugares"},"geometry":{"type":"Point","coordinates":[-60.48344,-32.83402]}},{"type":"Feature","properties":{"name":"Laguna El Saco","layer":"Lagunas, Islas y lugares"},"geometry":{"type":"Point","coordinates":[-60.64691,-32.90395]}},{"type":"Feature","properties":{"name":"Laguna El Carbon","layer":"Lagunas, Islas y lugares"},"geometry":{"type":"Point","coordinates":[-60.19893,-32.66543]}},{"type":"Feature","properties":{"name":"Laguna Isabelina","layer":"Lagunas, Islas y lugares"},"geometry":{"type":"Point","coordinates":[-60.60973,-32.60747]}},{"type":"Feature","properties":{"name":"Laguna El Ceibo","layer":"Lagunas, Islas y lugares"},"geometry":{"type":"Point","coordinates":[-60.51594,-32.42562]}},{"type":"Feature","properties":{"name":"Laguna de Pascual","layer":"Lagunas, Islas y lugares"},"geometry":{"type":"Point","coordinates":[-60.64173,-32.83141]}},{"type":"Feature","properties":{"name":"Laguna de los Mástiles","layer":"Lagunas, Islas y lugares"},"geometry":{"type":"Point","coordinates":[-60.66972,-32.84625]}},{"type":"Feature","properties":{"name":"Laguna la cruz","layer":"Lagunas, Islas y lugares"},"geometry":{"type":"Point","coordinates":[-60.55634,-32.86674]}},{"type":"Feature","properties":{"name":"Laguna de las Cañas","layer":"Lagunas, Islas y lugares"},"geometry":{"type":"Point","coordinates":[-60.70979,-32.58606]}},{"type":"Feature","properties":{"name":"Laguna El Salto","layer":"Lagunas, Islas y lugares"},"geometry":{"type":"Point","coordinates":[-60.58567,-32.36924]}},{"type":"Feature","properties":{"name":"Laguna Toro","layer":"Lagunas, Islas y lugares"},"geometry":{"type":"Point","coordinates":[-60.24513,-32.96584]}},{"type":"Feature","properties":{"name":"Laguna Banderita","layer":"Lagunas, Islas y lugares"},"geometry":{"type":"Point","coordinates":[-60.53446,-32.87615]}},{"type":"Feature","properties":{"name":"Laguna La Cieguita","layer":"Lagunas, Islas y lugares"},"geometry":{"type":"Point","coordinates":[-60.63082,-32.88395]}},{"type":"Feature","properties":{"name":"Laguna Coronda","layer":"Lagunas, Islas y lugares"},"geometry":{"type":"Point","coordinates":[-60.85226,-32.04689]}},{"type":"Feature","properties":{"name":"Laguna Manuco","layer":"Lagunas, Islas y lugares"},"geometry":{"type":"Point","coordinates":[-60.43401,-32.801]}},{"type":"Feature","properties":{"name":"Laguna Mansilla","layer":"Lagunas, Islas y lugares"},"geometry":{"type":"Point","coordinates":[-60.34737,-32.84625]}},{"type":"Feature","properties":{"name":"Laguna del Rodeo","layer":"Lagunas, Islas y lugares"},"geometry":{"type":"Point","coordinates":[-60.67944,-31.66808]}},{"type":"Feature","properties":{"name":"Laguna Andino","layer":"Lagunas, Islas y lugares"},"geometry":{"type":"Point","coordinates":[-60.64984,-31.66882]}},{"type":"Feature","properties":{"name":"Laguna La Mula","layer":"Lagunas, Islas y lugares"},"geometry":{"type":"Point","coordinates":[-60.65866,-31.67964]}},{"type":"Feature","properties":{"name":"Laguna La Guardia","layer":"Lagunas, Islas y lugares"},"geometry":{"type":"Point","coordinates":[-60.61255,-31.64692]}},{"type":"Feature","properties":{"name":"Laguna La Cuarentena","layer":"Lagunas, Islas y lugares"},"geometry":{"type":"Point","coordinates":[-60.63104,-31.70294]}},{"type":"Feature","properties":{"name":"Laguna Grande","layer":"Lagunas, Islas y lugares"},"geometry":{"type":"Point","coordinates":[-60.56549,-31.74107]}},{"type":"Feature","properties":{"name":"Laguna Ingase","layer":"Lagunas, Islas y lugares"},"geometry":{"type":"Point","coordinates":[-60.68236,-32.45901]}},{"type":"Feature","properties":{"name":"Laguna de Las Chatas","layer":"Lagunas, Islas y lugares"},"geometry":{"type":"Point","coordinates":[-60.60438,-32.88834]}},{"type":"Feature","properties":{"name":"Laguna El Deshonesto","layer":"Lagunas, Islas y lugares"},"geometry":{"type":"Point","coordinates":[-60.66628,-32.51489]}},{"type":"Feature","properties":{"name":"Laguna La Correntosa","layer":"Lagunas, Islas y lugares"},"geometry":{"type":"Point","coordinates":[-60.68849,-32.5242]}},{"type":"Feature","properties":{"name":"Laguna Troncos","layer":"Lagunas, Islas y lugares"},"geometry":{"type":"Point","coordinates":[-60.32835,-32.92413]}},{"type":"Feature","properties":{"name":"Laguna El Sauce","layer":"Lagunas, Islas y lugares"},"geometry":{"type":"Point","coordinates":[-60.41586,-32.50211]}},{"type":"Feature","properties":{"name":"Laguna Macases","layer":"Lagunas, Islas y lugares"},"geometry":{"type":"Point","coordinates":[-60.50714,-32.57539]}},{"type":"Feature","properties":{"name":"Laguna Los Gauchos","layer":"Lagunas, Islas y lugares"},"geometry":{"type":"Point","coordinates":[-60.17452,-32.81107]}},{"type":"Feature","properties":{"name":"Laguna Batalla","layer":"Lagunas, Islas y lugares"},"geometry":{"type":"Point","coordinates":[-60.17862,-32.74987]}},{"type":"Feature","properties":{"name":"Laguna del Pescado","layer":"Lagunas, Islas y lugares"},"geometry":{"type":"Point","coordinates":[-60.11022,-32.69533]}},{"type":"Feature","properties":{"name":"Laguna Las Conchas","layer":"Lagunas, Islas y lugares"},"geometry":{"type":"Point","coordinates":[-60.22055,-32.73439]}},{"type":"Feature","properties":{"name":"Laguna Las Gaviotas","layer":"Lagunas, Islas y lugares"},"geometry":{"type":"Point","coordinates":[-60.16956,-32.69034]}},{"type":"Feature","properties":{"name":"Laguna La Palmeña","layer":"Lagunas, Islas y lugares"},"geometry":{"type":"Point","coordinates":[-60.60087,-32.88079]}},{"type":"Feature","properties":{"name":"Laguna del Talar","layer":"Lagunas, Islas y lugares"},"geometry":{"type":"Point","coordinates":[-60.25743,-33.24974]}},{"type":"Feature","properties":{"name":"Laguna Las Cuevas","layer":"Lagunas, Islas y lugares"},"geometry":{"type":"Point","coordinates":[-60.50885,-32.36252]}},{"type":"Feature","properties":{"name":"Boca del Sauce","layer":"Lagunas, Islas y lugares"},"geometry":{"type":"Point","coordinates":[-60.7231,-32.46761]}},{"type":"Feature","properties":{"name":"Boca de la damajuana","layer":"Lagunas, Islas y lugares"},"geometry":{"type":"Point","coordinates":[-60.72662,-32.47143]}},{"type":"Feature","properties":{"name":"Laguna El Saco","layer":"Lagunas, Islas y lugares"},"geometry":{"type":"Point","coordinates":[-60.71775,-32.30696]}},{"type":"Feature","properties":{"name":"Laguna Los Mosquitos","layer":"Lagunas, Islas y lugares"},"geometry":{"type":"Point","coordinates":[-60.65726,-32.26383]}},{"type":"Feature","properties":{"name":"Laguna Gorosito","layer":"Lagunas, Islas y lugares"},"geometry":{"type":"Point","coordinates":[-60.07093,-33.26758]}},{"type":"Feature","properties":{"name":"Laguna El Sauzal","layer":"Lagunas, Islas y lugares"},"geometry":{"type":"Point","coordinates":[-60.08827,-33.22008]}},{"type":"Feature","properties":{"name":"Laguna Recalde","layer":"Lagunas, Islas y lugares"},"geometry":{"type":"Point","coordinates":[-60.41346,-32.63176]}},{"type":"Feature","properties":{"name":"Laguna Grande","layer":"Lagunas, Islas y lugares"},"geometry":{"type":"Point","coordinates":[-60.40135,-32.57783]}},{"type":"Feature","properties":{"name":"Laguna El Ciego","layer":"Lagunas, Islas y lugares"},"geometry":{"type":"Point","coordinates":[-59.60005,-33.67588]}},{"type":"Feature","properties":{"name":"Laguna Gomez","layer":"Lagunas, Islas y lugares"},"geometry":{"type":"Point","coordinates":[-59.84046,-33.5592]}},{"type":"Feature","properties":{"name":"Laguna de los Gansos","layer":"Lagunas, Islas y lugares"},"geometry":{"type":"Point","coordinates":[-60.62654,-32.49965]}},{"type":"Feature","properties":{"name":"Laguna de Obligado","layer":"Lagunas, Islas y lugares"},"geometry":{"type":"Point","coordinates":[-59.84241,-33.5727]}},{"type":"Feature","properties":{"name":"Laguna Raton","layer":"Lagunas, Islas y lugares"},"geometry":{"type":"Point","coordinates":[-59.79203,-33.58439]}},{"type":"Feature","properties":{"name":"Laguna Celiz","layer":"Lagunas, Islas y lugares"},"geometry":{"type":"Point","coordinates":[-59.72903,-33.6476]}},{"type":"Feature","properties":{"name":"Laguna Brava","layer":"Lagunas, Islas y lugares"},"geometry":{"type":"Point","coordinates":[-59.63524,-33.63138]}},{"type":"Feature","properties":{"name":"Laguna Gonzales","layer":"Lagunas, Islas y lugares"},"geometry":{"type":"Point","coordinates":[-59.83659,-33.49338]}},{"type":"Feature","properties":{"name":"Laguna Ramirez","layer":"Lagunas, Islas y lugares"},"geometry":{"type":"Point","coordinates":[-59.86216,-33.4556]}},{"type":"Feature","properties":{"name":"Laguna El Doradito","layer":"Lagunas, Islas y lugares"},"geometry":{"type":"Point","coordinates":[-59.37565,-33.72522]}},{"type":"Feature","properties":{"name":"Laguna Ballesteros","layer":"Lagunas, Islas y lugares"},"geometry":{"type":"Point","coordinates":[-60.22953,-33.29801]}},{"type":"Feature","properties":{"name":"Laguna San Pedro","layer":"Lagunas, Islas y lugares"},"geometry":{"type":"Point","coordinates":[-59.66804,-33.66141]}},{"type":"Feature","properties":{"name":"Laguna Grande","layer":"Lagunas, Islas y lugares"},"geometry":{"type":"Point","coordinates":[-58.87294,-34.23613]}},{"type":"Feature","properties":{"name":"Canal Aliviador","layer":"Canales Artificiales y Terraplenes"},"geometry":{"type":"LineString","coordinates":[[-60.68252,-31.67737],[-60.68898,-31.68173]]}},{"type":"Feature","properties":{"name":"Canal Gobernador de la Serna","layer":"Canales Artificiales y Terraplenes"},"geometry":{"type":"LineString","coordinates":[[-58.60682,-34.16745],[-58.63528,-34.24046],[-58.63695,-34.24451],[-58.64781,-34.26335]]}},{"type":"Feature","properties":{"name":"Terraplen","layer":"Canales Artificiales y Terraplenes"},"geometry":{"type":"Point","coordinates":[-59.29418,-33.90951]}},{"type":"Feature","properties":{"name":"Terraplen","layer":"Canales Artificiales y Terraplenes"},"geometry":{"type":"Point","coordinates":[-59.21623,-33.88034]}},{"type":"Feature","properties":{"name":"Terraplen","layer":"Canales Artificiales y Terraplenes"},"geometry":{"type":"Point","coordinates":[-59.24964,-33.88362]}},{"type":"Feature","properties":{"name":"Terraplen","layer":"Canales Artificiales y Terraplenes"},"geometry":{"type":"Point","coordinates":[-59.2815,-33.8085]}},{"type":"Feature","properties":{"name":"Terraplen","layer":"Canales Artificiales y Terraplenes"},"geometry":{"type":"Point","coordinates":[-59.28884,-33.81129]}},{"type":"Feature","properties":{"name":"Terraplen","layer":"Canales Artificiales y Terraplenes"},"geometry":{"type":"Point","coordinates":[-59.27446,-33.81668]}},{"type":"Feature","properties":{"name":"Terraplen","layer":"Canales Artificiales y Terraplenes"},"geometry":{"type":"Point","coordinates":[-59.36364,-33.76695]}},{"type":"Feature","properties":{"name":"Terraplen","layer":"Canales Artificiales y Terraplenes"},"geometry":{"type":"Point","coordinates":[-59.3427,-33.7911]}},{"type":"Feature","properties":{"name":"Terraplen","layer":"Canales Artificiales y Terraplenes"},"geometry":{"type":"Point","coordinates":[-59.21379,-33.94035]}},{"type":"Feature","properties":{"name":"Terraplen","layer":"Canales Artificiales y Terraplenes"},"geometry":{"type":"Point","coordinates":[-59.19689,-33.94112]}},{"type":"Feature","properties":{"name":"Canal Don Benito","layer":"Canales Artificiales y Terraplenes"},"geometry":{"type":"LineString","coordinates":[[-58.73497,-34.1688],[-58.73975,-34.19106]]}},{"type":"Feature","properties":{"name":"Terraplen","layer":"Canales Artificiales y Terraplenes"},"geometry":{"type":"Point","coordinates":[-59.22613,-33.93586]}},{"type":"Feature","properties":{"name":"Terraplen","layer":"Canales Artificiales y Terraplenes"},"geometry":{"type":"Point","coordinates":[-59.23175,-33.90541]}},{"type":"Feature","properties":{"name":"Terraplen","layer":"Canales Artificiales y Terraplenes"},"geometry":{"type":"Point","coordinates":[-59.21908,-33.91776]}},{"type":"Feature","properties":{"name":"Terraplen","layer":"Canales Artificiales y Terraplenes"},"geometry":{"type":"Point","coordinates":[-59.17857,-33.95235]}},{"type":"Feature","properties":{"name":"Terraplen","layer":"Canales Artificiales y Terraplenes"},"geometry":{"type":"Point","coordinates":[-59.17173,-33.95241]}},{"type":"Feature","properties":{"name":"Terraplen","layer":"Canales Artificiales y Terraplenes"},"geometry":{"type":"Point","coordinates":[-59.16855,-33.96022]}},{"type":"Feature","properties":{"name":"Terraplen","layer":"Canales Artificiales y Terraplenes"},"geometry":{"type":"Point","coordinates":[-59.18715,-33.9519]}},{"type":"Feature","properties":{"name":"Terraplen","layer":"Canales Artificiales y Terraplenes"},"geometry":{"type":"Point","coordinates":[-59.19915,-33.95109]}},{"type":"Feature","properties":{"name":"Terraplen","layer":"Canales Artificiales y Terraplenes"},"geometry":{"type":"Point","coordinates":[-59.16774,-33.94287]}},{"type":"Feature","properties":{"name":"Terraplen","layer":"Canales Artificiales y Terraplenes"},"geometry":{"type":"Point","coordinates":[-59.1136,-33.98569]}},{"type":"Feature","properties":{"name":"Canal Santa Maria","layer":"Canales Artificiales y Terraplenes"},"geometry":{"type":"LineString","coordinates":[[-58.8623,-34.26398],[-58.86168,-34.2629],[-58.86105,-34.2617],[-58.85512,-34.2492],[-58.84641,-34.23104],[-58.84228,-34.22206],[-58.83846,-34.21408],[-58.83803,-34.21324],[-58.83668,-34.21136],[-58.83618,-34.21086],[-58.83446,-34.20959],[-58.83055,-34.2065]]}},{"type":"Feature","properties":{"name":"Terraplen","layer":"Canales Artificiales y Terraplenes"},"geometry":{"type":"Point","coordinates":[-59.10921,-33.98478]}},{"type":"Feature","properties":{"name":"Terraplen Carpincho","layer":"Canales Artificiales y Terraplenes"},"geometry":{"type":"Point","coordinates":[-59.07007,-34.014]}},{"type":"Feature","properties":{"name":"Terraplen Canelones","layer":"Canales Artificiales y Terraplenes"},"geometry":{"type":"Point","coordinates":[-59.04527,-34.01501]}},{"type":"Feature","properties":{"name":"Terraplen Sauce Rico","layer":"Canales Artificiales y Terraplenes"},"geometry":{"type":"Point","coordinates":[-59.04991,-34.01987]}},{"type":"Feature","properties":{"name":"Terraplen Sauce Rico","layer":"Canales Artificiales y Terraplenes"},"geometry":{"type":"Point","coordinates":[-59.07733,-33.99404]}},{"type":"Feature","properties":{"name":"Terraplen Laureles","layer":"Canales Artificiales y Terraplenes"},"geometry":{"type":"Point","coordinates":[-59.07629,-33.99359]}},{"type":"Feature","properties":{"name":"Terraplen Laureles","layer":"Canales Artificiales y Terraplenes"},"geometry":{"type":"Point","coordinates":[-59.07768,-33.97311]}},{"type":"Feature","properties":{"name":"Terraplen Ñacurutú","layer":"Canales Artificiales y Terraplenes"},"geometry":{"type":"Point","coordinates":[-59.09006,-33.95847]}},{"type":"Feature","properties":{"name":"Terraplen Laureles","layer":"Canales Artificiales y Terraplenes"},"geometry":{"type":"Point","coordinates":[-59.09621,-33.95898]}},{"type":"Feature","properties":{"name":"Terraplen Aranda","layer":"Canales Artificiales y Terraplenes"},"geometry":{"type":"Point","coordinates":[-59.10903,-33.95647]}},{"type":"Feature","properties":{"name":"Canal Surubí","layer":"Canales Artificiales y Terraplenes"},"geometry":{"type":"LineString","coordinates":[[-58.84382,-34.19715],[-58.84429,-34.19741],[-58.8499,-34.20178],[-58.85,-34.20191],[-58.85347,-34.21363],[-58.85362,-34.21377],[-58.85371,-34.21412],[-58.85368,-34.21436],[-58.85588,-34.22158],[-58.85595,-34.22176],[-58.85592,-34.22194]]}},{"type":"Feature","properties":{"name":"Terraplen Aranda","layer":"Canales Artificiales y Terraplenes"},"geometry":{"type":"Point","coordinates":[-59.114,-33.9548]}},{"type":"Feature","properties":{"name":"Terraplen","layer":"Canales Artificiales y Terraplenes"},"geometry":{"type":"Point","coordinates":[-59.0389,-34.00433]}},{"type":"Feature","properties":{"name":"Terraplen Ñacurutú","layer":"Canales Artificiales y Terraplenes"},"geometry":{"type":"Point","coordinates":[-59.08915,-33.95238]}},{"type":"Feature","properties":{"name":"Terraplen Chiquero","layer":"Canales Artificiales y Terraplenes"},"geometry":{"type":"Point","coordinates":[-58.99504,-33.97576]}},{"type":"Feature","properties":{"name":"Terraplen Chiquero","layer":"Canales Artificiales y Terraplenes"},"geometry":{"type":"Point","coordinates":[-59.00185,-33.98526]}},{"type":"Feature","properties":{"name":"Terraplen Chiquero","layer":"Canales Artificiales y Terraplenes"},"geometry":{"type":"Point","coordinates":[-59.00296,-33.99265]}},{"type":"Feature","properties":{"name":"Terraplen Pasaje Chico","layer":"Canales Artificiales y Terraplenes"},"geometry":{"type":"Point","coordinates":[-58.98247,-33.94512]}},{"type":"Feature","properties":{"name":"Terraplen Alelí","layer":"Canales Artificiales y Terraplenes"},"geometry":{"type":"Point","coordinates":[-58.99527,-33.96072]}},{"type":"Feature","properties":{"name":"Terraplen Alelí","layer":"Canales Artificiales y Terraplenes"},"geometry":{"type":"Point","coordinates":[-58.99376,-33.96301]}},{"type":"Feature","properties":{"name":"Terraplen Alelí","layer":"Canales Artificiales y Terraplenes"},"geometry":{"type":"Point","coordinates":[-58.98438,-33.98523]}},{"type":"Feature","properties":{"name":"Canal la Zorrilla","layer":"Canales Artificiales y Terraplenes"},"geometry":{"type":"LineString","coordinates":[[-58.82146,-34.20721],[-58.80118,-34.18899],[-58.80085,-34.1885],[-58.80057,-34.18781],[-58.80045,-34.18702],[-58.80062,-34.18619],[-58.8029,-34.1798],[-58.80321,-34.17921],[-58.80405,-34.17807]]}},{"type":"Feature","properties":{"name":"Terraplen Alelí","layer":"Canales Artificiales y Terraplenes"},"geometry":{"type":"Point","coordinates":[-58.9864,-33.99409]}},{"type":"Feature","properties":{"name":"Terraplen El Cangrejal","layer":"Canales Artificiales y Terraplenes"},"geometry":{"type":"Point","coordinates":[-58.94013,-33.94273]}},{"type":"Feature","properties":{"name":"Terraplen El Cangrejal","layer":"Canales Artificiales y Terraplenes"},"geometry":{"type":"Point","coordinates":[-58.90033,-33.93277]}},{"type":"Feature","properties":{"name":"Terraplen","layer":"Canales Artificiales y Terraplenes"},"geometry":{"type":"Point","coordinates":[-58.90264,-33.94474]}},{"type":"Feature","properties":{"name":"Terraplen Ceibo","layer":"Canales Artificiales y Terraplenes"},"geometry":{"type":"Point","coordinates":[-59.01848,-33.82838]}},{"type":"Feature","properties":{"name":"Terraplen Ceibo","layer":"Canales Artificiales y Terraplenes"},"geometry":{"type":"Point","coordinates":[-59.03487,-33.83411]}},{"type":"Feature","properties":{"name":"Terraplen Ceibo","layer":"Canales Artificiales y Terraplenes"},"geometry":{"type":"Point","coordinates":[-59.00169,-33.82666]}},{"type":"Feature","properties":{"name":"Terraplen Baltazar","layer":"Canales Artificiales y Terraplenes"},"geometry":{"type":"Point","coordinates":[-59.1744,-33.76627]}},{"type":"Feature","properties":{"name":"Terraplen Pinto","layer":"Canales Artificiales y Terraplenes"},"geometry":{"type":"Point","coordinates":[-59.04035,-33.80469]}},{"type":"Feature","properties":{"name":"Terraplen Pinto","layer":"Canales Artificiales y Terraplenes"},"geometry":{"type":"Point","coordinates":[-58.99018,-33.82043]}},{"type":"Feature","properties":{"name":"Canal Picardo","layer":"Canales Artificiales y Terraplenes"},"geometry":{"type":"LineString","coordinates":[[-58.47278,-34.27409],[-58.47344,-34.27369],[-58.47375,-34.27337],[-58.47396,-34.27302],[-58.47393,-34.27276],[-58.4737,-34.27258],[-58.47296,-34.27235],[-58.47087,-34.27158],[-58.46956,-34.27098],[-58.46857,-34.27062],[-58.46604,-34.2698],[-58.46417,-34.26911],[-58.4641,-34.26883],[-58.46951,-34.24701],[-58.4696,-34.2467],[-58.46972,-34.24624],[-58.46979,-34.24594]]}},{"type":"Feature","properties":{"name":"Terraplen Cruz sin Brazo","layer":"Canales Artificiales y Terraplenes"},"geometry":{"type":"Point","coordinates":[-58.91302,-33.84576]}},{"type":"Feature","properties":{"name":"Terraplen Cruz sin Brazo","layer":"Canales Artificiales y Terraplenes"},"geometry":{"type":"Point","coordinates":[-58.89533,-33.83181]}},{"type":"Feature","properties":{"name":"Terraplen","layer":"Canales Artificiales y Terraplenes"},"geometry":{"type":"Point","coordinates":[-58.88687,-33.83288]}},{"type":"Feature","properties":{"name":"Terraplen","layer":"Canales Artificiales y Terraplenes"},"geometry":{"type":"Point","coordinates":[-58.93852,-33.83975]}},{"type":"Feature","properties":{"name":"Terraplen Ceibo Grande","layer":"Canales Artificiales y Terraplenes"},"geometry":{"type":"Point","coordinates":[-58.78557,-33.76783]}},{"type":"Feature","properties":{"name":"Terraplen Ceibo Grande","layer":"Canales Artificiales y Terraplenes"},"geometry":{"type":"Point","coordinates":[-58.79316,-33.77152]}},{"type":"Feature","properties":{"name":"Terraplen Ceibo Grande","layer":"Canales Artificiales y Terraplenes"},"geometry":{"type":"Point","coordinates":[-58.80214,-33.77585]}},{"type":"Feature","properties":{"name":"Terraplen Ceibo Grande","layer":"Canales Artificiales y Terraplenes"},"geometry":{"type":"Point","coordinates":[-58.80589,-33.77902]}},{"type":"Feature","properties":{"name":"Terraplen Ceibo Grande","layer":"Canales Artificiales y Terraplenes"},"geometry":{"type":"Point","coordinates":[-58.81404,-33.78272]}},{"type":"Feature","properties":{"name":"Terraplen Ceibo Grande","layer":"Canales Artificiales y Terraplenes"},"geometry":{"type":"Point","coordinates":[-58.82221,-33.78516]}},{"type":"Feature","properties":{"name":"Canal Capitancito","layer":"Canales Artificiales y Terraplenes"},"geometry":{"type":"LineString","coordinates":[[-58.56107,-34.27969],[-58.56075,-34.27932],[-58.56039,-34.27878],[-58.55567,-34.26927]]}},{"type":"Feature","properties":{"name":"Terraplen Espinillo","layer":"Canales Artificiales y Terraplenes"},"geometry":{"type":"Point","coordinates":[-58.79806,-33.78481]}},{"type":"Feature","properties":{"name":"Terraplen Romero","layer":"Canales Artificiales y Terraplenes"},"geometry":{"type":"Point","coordinates":[-58.41011,-34.13932]}},{"type":"Feature","properties":{"name":"Terraplen Ceibo Grande","layer":"Canales Artificiales y Terraplenes"},"geometry":{"type":"Point","coordinates":[-58.83033,-33.79434]}},{"type":"Feature","properties":{"name":"Terraplen Ceibo Grande","layer":"Canales Artificiales y Terraplenes"},"geometry":{"type":"Point","coordinates":[-58.84125,-33.79868]}},{"type":"Feature","properties":{"name":"Terraplen Espinillo","layer":"Canales Artificiales y Terraplenes"},"geometry":{"type":"Point","coordinates":[-58.85315,-33.82349]}},{"type":"Feature","properties":{"name":"Terraplen Espinillo","layer":"Canales Artificiales y Terraplenes"},"geometry":{"type":"Point","coordinates":[-58.80769,-33.79599]}},{"type":"Feature","properties":{"name":"Terraplen Espinillo","layer":"Canales Artificiales y Terraplenes"},"geometry":{"type":"Point","coordinates":[-58.83154,-33.80399]}},{"type":"Feature","properties":{"name":"Terraplen Espinillo","layer":"Canales Artificiales y Terraplenes"},"geometry":{"type":"Point","coordinates":[-58.80649,-33.78829]}},{"type":"Feature","properties":{"name":"Terraplen Ceibo","layer":"Canales Artificiales y Terraplenes"},"geometry":{"type":"Point","coordinates":[-58.76361,-33.76336]}},{"type":"Feature","properties":{"name":"Terraplen Sanchez Grande","layer":"Canales Artificiales y Terraplenes"},"geometry":{"type":"Point","coordinates":[-58.56413,-33.69087]}},{"type":"Feature","properties":{"name":"Canal Gobernador Arias","layer":"Canales Artificiales y Terraplenes"},"geometry":{"type":"LineString","coordinates":[[-58.65078,-34.26855],[-58.65335,-34.27087],[-58.65414,-34.2718],[-58.67735,-34.33917],[-58.67845,-34.3428],[-58.67991,-34.34569],[-58.68219,-34.34832],[-58.68554,-34.35088]]}},{"type":"Feature","properties":{"name":"Terraplen","layer":"Canales Artificiales y Terraplenes"},"geometry":{"type":"Point","coordinates":[-58.59006,-33.67321]}},{"type":"Feature","properties":{"name":"Terraplen","layer":"Canales Artificiales y Terraplenes"},"geometry":{"type":"Point","coordinates":[-58.58955,-33.66711]}},{"type":"Feature","properties":{"name":"Terraplen","layer":"Canales Artificiales y Terraplenes"},"geometry":{"type":"Point","coordinates":[-58.5926,-33.66027]}},{"type":"Feature","properties":{"name":"Terraplenes","layer":"Canales Artificiales y Terraplenes"},"geometry":{"type":"Point","coordinates":[-58.60392,-33.68424]}},{"type":"Feature","properties":{"name":"Terraplen","layer":"Canales Artificiales y Terraplenes"},"geometry":{"type":"Point","coordinates":[-58.56949,-33.70439]}},{"type":"Feature","properties":{"name":"Terraplen","layer":"Canales Artificiales y Terraplenes"},"geometry":{"type":"Point","coordinates":[-58.58359,-33.73631]}},{"type":"Feature","properties":{"name":"Terraplen","layer":"Canales Artificiales y Terraplenes"},"geometry":{"type":"Point","coordinates":[-58.59733,-33.69049]}},{"type":"Feature","properties":{"name":"Terraplen","layer":"Canales Artificiales y Terraplenes"},"geometry":{"type":"Point","coordinates":[-58.60261,-33.72486]}},{"type":"Feature","properties":{"name":"Terraplen","layer":"Canales Artificiales y Terraplenes"},"geometry":{"type":"Point","coordinates":[-58.64737,-33.64657]}},{"type":"Feature","properties":{"name":"Terraplen","layer":"Canales Artificiales y Terraplenes"},"geometry":{"type":"Point","coordinates":[-58.64597,-33.64523]}},{"type":"Feature","properties":{"name":"Canal Ortiz","layer":"Canales Artificiales y Terraplenes"},"geometry":{"type":"LineString","coordinates":[[-58.64035,-34.35936],[-58.63548,-34.35801],[-58.63387,-34.35733],[-58.6334,-34.35624]]}},{"type":"Feature","properties":{"name":"Terraplen","layer":"Canales Artificiales y Terraplenes"},"geometry":{"type":"Point","coordinates":[-58.63547,-33.62962]}},{"type":"Feature","properties":{"name":"Terraplen","layer":"Canales Artificiales y Terraplenes"},"geometry":{"type":"Point","coordinates":[-58.64251,-33.65056]}},{"type":"Feature","properties":{"name":"Terraplen","layer":"Canales Artificiales y Terraplenes"},"geometry":{"type":"Point","coordinates":[-58.63508,-33.62993]}},{"type":"Feature","properties":{"name":"Terraplén","layer":"Canales Artificiales y Terraplenes"},"geometry":{"type":"Point","coordinates":[-58.57149,-33.72945]}},{"type":"Feature","properties":{"name":"Terraplén","layer":"Canales Artificiales y Terraplenes"},"geometry":{"type":"Point","coordinates":[-58.76209,-33.99547]}},{"type":"Feature","properties":{"name":"Terraplén","layer":"Canales Artificiales y Terraplenes"},"geometry":{"type":"Point","coordinates":[-58.74159,-34.00694]}},{"type":"Feature","properties":{"name":"Terraplén","layer":"Canales Artificiales y Terraplenes"},"geometry":{"type":"Point","coordinates":[-58.73903,-34.00417]}},{"type":"Feature","properties":{"name":"Terraplén Carabelitas","layer":"Canales Artificiales y Terraplenes"},"geometry":{"type":"Point","coordinates":[-58.76627,-33.979]}},{"type":"Feature","properties":{"name":"Terraplén las Piedras","layer":"Canales Artificiales y Terraplenes"},"geometry":{"type":"Point","coordinates":[-58.9029,-33.98482]}},{"type":"Feature","properties":{"name":"Terraplén Carabelitas","layer":"Canales Artificiales y Terraplenes"},"geometry":{"type":"Point","coordinates":[-58.76219,-33.9912]}},{"type":"Feature","properties":{"name":"Canal 8","layer":"Canales Artificiales y Terraplenes"},"geometry":{"type":"LineString","coordinates":[[-58.62938,-34.3562],[-58.6291,-34.35582],[-58.62882,-34.35532],[-58.6285,-34.35497],[-58.62797,-34.35456],[-58.62759,-34.3543],[-58.62716,-34.35414],[-58.6264,-34.35374],[-58.62614,-34.35357],[-58.62592,-34.35322],[-58.62553,-34.3527],[-58.62503,-34.35237]]}},{"type":"Feature","properties":{"name":"Terraplén","layer":"Canales Artificiales y Terraplenes"},"geometry":{"type":"Point","coordinates":[-58.75536,-34.0083]}},{"type":"Feature","properties":{"name":"Terraplén","layer":"Canales Artificiales y Terraplenes"},"geometry":{"type":"Point","coordinates":[-58.77802,-33.9926]}},{"type":"Feature","properties":{"name":"Terraplén","layer":"Canales Artificiales y Terraplenes"},"geometry":{"type":"Point","coordinates":[-58.75552,-34.00383]}},{"type":"Feature","properties":{"name":"Terraplén","layer":"Canales Artificiales y Terraplenes"},"geometry":{"type":"Point","coordinates":[-58.77049,-34.00086]}},{"type":"Feature","properties":{"name":"Terraplén","layer":"Canales Artificiales y Terraplenes"},"geometry":{"type":"Point","coordinates":[-58.75982,-33.99808]}},{"type":"Feature","properties":{"name":"Terraplén Los Tigres","layer":"Canales Artificiales y Terraplenes"},"geometry":{"type":"Point","coordinates":[-58.766,-34.02676]}},{"type":"Feature","properties":{"name":"Terraplén","layer":"Canales Artificiales y Terraplenes"},"geometry":{"type":"Point","coordinates":[-58.75846,-34.06125]}},{"type":"Feature","properties":{"name":"Terraplén Las Piedras","layer":"Canales Artificiales y Terraplenes"},"geometry":{"type":"Point","coordinates":[-58.87439,-34.07397]}},{"type":"Feature","properties":{"name":"Terraplén Los Tigres","layer":"Canales Artificiales y Terraplenes"},"geometry":{"type":"Point","coordinates":[-58.7639,-34.02773]}},{"type":"Feature","properties":{"name":"Terraplén","layer":"Canales Artificiales y Terraplenes"},"geometry":{"type":"Point","coordinates":[-58.74231,-34.01509]}},{"type":"Feature","properties":{"name":"Canal de Acceso al Puerto de Santa Fé","layer":"Canales Artificiales y Terraplenes"},"geometry":{"type":"LineString","coordinates":[[-60.70438,-31.66435],[-60.70034,-31.67032],[-60.69337,-31.67823],[-60.68071,-31.69218],[-60.67315,-31.70026],[-60.66968,-31.70458],[-60.66852,-31.71038],[-60.66706,-31.71605]]}},{"type":"Feature","properties":{"name":"Canal Rompani","layer":"Canales Artificiales y Terraplenes"},"geometry":{"type":"LineString","coordinates":[[-58.57255,-34.3986],[-58.56953,-34.3987],[-58.56539,-34.39863],[-58.56109,-34.39904]]}},{"type":"Feature","properties":{"name":"Terraplen Los Sauces","layer":"Canales Artificiales y Terraplenes"},"geometry":{"type":"Point","coordinates":[-58.79286,-34.01959]}},{"type":"Feature","properties":{"name":"Terraplén","layer":"Canales Artificiales y Terraplenes"},"geometry":{"type":"Point","coordinates":[-58.75028,-34.04872]}},{"type":"Feature","properties":{"name":"Terraplén","layer":"Canales Artificiales y Terraplenes"},"geometry":{"type":"Point","coordinates":[-58.73807,-34.03827]}},{"type":"Feature","properties":{"name":"Terraplén Rama Negra","layer":"Canales Artificiales y Terraplenes"},"geometry":{"type":"Point","coordinates":[-58.95289,-33.99616]}},{"type":"Feature","properties":{"name":"Terraplén Quita Calzones","layer":"Canales Artificiales y Terraplenes"},"geometry":{"type":"Point","coordinates":[-58.89509,-34.05377]}},{"type":"Feature","properties":{"name":"Terraplén las Piedras","layer":"Canales Artificiales y Terraplenes"},"geometry":{"type":"Point","coordinates":[-58.88617,-34.05179]}},{"type":"Feature","properties":{"name":"Terraplén las Piedras","layer":"Canales Artificiales y Terraplenes"},"geometry":{"type":"Point","coordinates":[-58.90694,-34.01007]}},{"type":"Feature","properties":{"name":"Terraplén las Piedras","layer":"Canales Artificiales y Terraplenes"},"geometry":{"type":"Point","coordinates":[-58.88824,-34.0494]}},{"type":"Feature","properties":{"name":"Terraplén Quita Calzones","layer":"Canales Artificiales y Terraplenes"},"geometry":{"type":"Point","coordinates":[-58.91298,-34.01762]}},{"type":"Feature","properties":{"name":"Terraplén Quita Calzones","layer":"Canales Artificiales y Terraplenes"},"geometry":{"type":"Point","coordinates":[-58.89181,-34.08136]}},{"type":"Feature","properties":{"name":"Canal de Vinculacion","layer":"Canales Artificiales y Terraplenes"},"geometry":{"type":"LineString","coordinates":[[-58.52098,-34.40428],[-58.52483,-34.407],[-58.52952,-34.41107],[-58.53312,-34.41465],[-58.53677,-34.41878],[-58.54015,-34.42307],[-58.54058,-34.42516],[-58.53993,-34.43139]]}},{"type":"Feature","properties":{"name":"Terraplén Rama Negra","layer":"Canales Artificiales y Terraplenes"},"geometry":{"type":"Point","coordinates":[-58.95021,-33.98169]}},{"type":"Feature","properties":{"name":"Terraplén Quita Calzones","layer":"Canales Artificiales y Terraplenes"},"geometry":{"type":"Point","coordinates":[-58.88944,-34.08595]}},{"type":"Feature","properties":{"name":"Terraplén Rama Negra","layer":"Canales Artificiales y Terraplenes"},"geometry":{"type":"Point","coordinates":[-58.94649,-33.96954]}},{"type":"Feature","properties":{"name":"Terraplén Rama Negra","layer":"Canales Artificiales y Terraplenes"},"geometry":{"type":"Point","coordinates":[-58.93867,-34.03957]}},{"type":"Feature","properties":{"name":"Terraplén Rama Negra","layer":"Canales Artificiales y Terraplenes"},"geometry":{"type":"Point","coordinates":[-58.94029,-34.0358]}},{"type":"Feature","properties":{"name":"Terraplén Rama Negra","layer":"Canales Artificiales y Terraplenes"},"geometry":{"type":"Point","coordinates":[-58.93954,-34.0309]}},{"type":"Feature","properties":{"name":"Terraplén Rama Negra","layer":"Canales Artificiales y Terraplenes"},"geometry":{"type":"Point","coordinates":[-58.93658,-34.04522]}},{"type":"Feature","properties":{"name":"Terraplén","layer":"Canales Artificiales y Terraplenes"},"geometry":{"type":"Point","coordinates":[-58.94178,-34.06424]}},{"type":"Feature","properties":{"name":"Terraplén","layer":"Canales Artificiales y Terraplenes"},"geometry":{"type":"Point","coordinates":[-58.93247,-34.06623]}},{"type":"Feature","properties":{"name":"Terraplén Ricardito","layer":"Canales Artificiales y Terraplenes"},"geometry":{"type":"Point","coordinates":[-58.89626,-34.14539]}},{"type":"Feature","properties":{"name":"Canal Honda","layer":"Canales Artificiales y Terraplenes"},"geometry":{"type":"LineString","coordinates":[[-58.54019,-34.30594],[-58.53767,-34.31024],[-58.53533,-34.31382],[-58.53393,-34.31969],[-58.53147,-34.32547],[-58.52754,-34.33621],[-58.52582,-34.3412],[-58.524,-34.34312]]}},{"type":"Feature","properties":{"name":"Terraplén Ricardito","layer":"Canales Artificiales y Terraplenes"},"geometry":{"type":"Point","coordinates":[-58.90037,-34.14531]}},{"type":"Feature","properties":{"name":"Terraplén Ricardito","layer":"Canales Artificiales y Terraplenes"},"geometry":{"type":"Point","coordinates":[-58.85803,-34.15415]}},{"type":"Feature","properties":{"name":"Terraplén Ceibal","layer":"Canales Artificiales y Terraplenes"},"geometry":{"type":"Point","coordinates":[-58.66448,-34.07169]}},{"type":"Feature","properties":{"name":"Terraplén Vivoras","layer":"Canales Artificiales y Terraplenes"},"geometry":{"type":"Point","coordinates":[-58.88731,-34.16607]}},{"type":"Feature","properties":{"name":"Terraplén Ricardito","layer":"Canales Artificiales y Terraplenes"},"geometry":{"type":"Point","coordinates":[-58.86416,-34.1523]}},{"type":"Feature","properties":{"name":"Terraplén Ceibal","layer":"Canales Artificiales y Terraplenes"},"geometry":{"type":"Point","coordinates":[-58.65176,-34.08435]}},{"type":"Feature","properties":{"name":"Terraplén","layer":"Canales Artificiales y Terraplenes"},"geometry":{"type":"Point","coordinates":[-58.86346,-34.16839]}},{"type":"Feature","properties":{"name":"Terraplén Ricardito","layer":"Canales Artificiales y Terraplenes"},"geometry":{"type":"Point","coordinates":[-58.87743,-34.15061]}},{"type":"Feature","properties":{"name":"Terraplén Chañar","layer":"Canales Artificiales y Terraplenes"},"geometry":{"type":"Point","coordinates":[-58.92958,-34.1205]}},{"type":"Feature","properties":{"name":"Terraplén Ceibal","layer":"Canales Artificiales y Terraplenes"},"geometry":{"type":"Point","coordinates":[-58.65227,-34.12028]}},{"type":"Feature","properties":{"name":"Canal Mitre","layer":"Canales Artificiales y Terraplenes"},"geometry":{"type":"LineString","coordinates":[[-58.48947,-34.32646],[-58.47942,-34.34244],[-58.47308,-34.35514],[-58.45029,-34.38817]]}},{"type":"Feature","properties":{"name":"Canal Numero 3","layer":"Canales Artificiales y Terraplenes"},"geometry":{"type":"LineString","coordinates":[[-58.48512,-34.1775],[-58.48251,-34.17757],[-58.48101,-34.17754],[-58.48038,-34.17749],[-58.47952,-34.1772],[-58.47866,-34.17679],[-58.47784,-34.17605],[-58.47683,-34.1747],[-58.47558,-34.17283],[-58.47428,-34.17111]]}},{"type":"Feature","properties":{"name":"Canal Oeste","layer":"Canales Artificiales y Terraplenes"},"geometry":{"type":"LineString","coordinates":[[-59.75585,-33.62619],[-59.7553,-33.62819],[-59.7534,-33.63135],[-59.7505,-33.63567],[-59.74766,-33.63933],[-59.74504,-33.64272],[-59.74217,-33.64478]]}},{"type":"Feature","properties":{"name":"Canal Don Pablo","layer":"Canales Artificiales y Terraplenes"},"geometry":{"type":"LineString","coordinates":[[-59.65762,-33.65459],[-59.65922,-33.65601],[-59.65973,-33.65851],[-59.65912,-33.66242],[-59.65788,-33.66606]]}},{"type":"Feature","properties":{"name":"Canal Ulloa","layer":"Canales Artificiales y Terraplenes"},"geometry":{"type":"LineString","coordinates":[[-59.62566,-33.69406],[-59.62697,-33.6945],[-59.62815,-33.69517],[-59.62896,-33.69591],[-59.6295,-33.69646]]}},{"type":"Feature","properties":{"name":"Canal de Acceso","layer":"Canales Artificiales y Terraplenes"},"geometry":{"type":"LineString","coordinates":[[-59.62794,-33.69032],[-59.63605,-33.68639],[-59.64066,-33.68341],[-59.6435,-33.68005]]}},{"type":"Feature","properties":{"name":"Canal Colector","layer":"Canales Artificiales y Terraplenes"},"geometry":{"type":"LineString","coordinates":[[-59.51607,-33.62009],[-59.52518,-33.62478],[-59.52882,-33.62623],[-59.53185,-33.62709],[-59.53728,-33.62922],[-59.53882,-33.62952],[-59.54069,-33.62938],[-59.54809,-33.62721],[-59.54919,-33.62688],[-59.55414,-33.62348],[-59.55448,-33.62261],[-59.55477,-33.61822],[-59.55513,-33.61595],[-59.55657,-33.61314],[-59.5602,-33.6101],[-59.56425,-33.60892],[-59.56787,-33.60834],[-59.5782,-33.60786],[-59.5859,-33.60812],[-59.59184,-33.60749],[-59.5997,-33.60626],[-59.60672,-33.60369],[-59.61317,-33.59973],[-59.62142,-33.594],[-59.62642,-33.59138],[-59.63999,-33.58498],[-59.64396,-33.58266],[-59.65134,-33.57624],[-59.65635,-33.57054],[-59.65872,-33.56468],[-59.66135,-33.55407],[-59.66206,-33.54811],[-59.66238,-33.54342],[-59.66485,-33.52841],[-59.66588,-33.52467],[-59.66771,-33.52096],[-59.67134,-33.51691],[-59.69443,-33.49363],[-59.6977,-33.49049],[-59.6987,-33.48931],[-59.69869,-33.4882],[-59.69718,-33.48701],[-59.68382,-33.48215],[-59.67477,-33.48026],[-59.66374,-33.47909],[-59.65892,-33.47843],[-59.63816,-33.47153],[-59.63438,-33.46979],[-59.62929,-33.46647],[-59.624,-33.46381],[-59.61645,-33.46034],[-59.5976,-33.45146],[-59.59251,-33.45222],[-59.5829,-33.45701],[-59.57167,-33.46426],[-59.56375,-33.47045],[-59.55172,-33.48284],[-59.54131,-33.49688],[-59.53915,-33.49923],[-59.53432,-33.5001],[-59.52082,-33.50232],[-59.51624,-33.50444],[-59.51197,-33.50729],[-59.50821,-33.51059],[-59.50044,-33.51886],[-59.49097,-33.53062],[-59.48195,-33.54292],[-59.47738,-33.55103],[-59.46938,-33.55956],[-59.46875,-33.5603],[-59.46812,-33.55999],[-59.46758,-33.56027],[-59.45431,-33.57372],[-59.44898,-33.579],[-59.44187,-33.58274]]}},{"type":"Feature","properties":{"name":"Corte Careaga","layer":"Canales Artificiales y Terraplenes"},"geometry":{"type":"LineString","coordinates":[[-60.66756,-32.66217],[-60.6235,-32.64002]]}},{"type":"Feature","properties":{"name":"Canal 12","layer":"Canales Artificiales y Terraplenes"},"geometry":{"type":"LineString","coordinates":[[-59.66571,-33.52444],[-59.60525,-33.45535]]}},{"type":"Feature","properties":{"name":"Canal 11","layer":"Canales Artificiales y Terraplenes"},"geometry":{"type":"LineString","coordinates":[[-59.58567,-33.4559],[-59.66212,-33.54315]]}},{"type":"Feature","properties":{"name":"Canal 10","layer":"Canales Artificiales y Terraplenes"},"geometry":{"type":"LineString","coordinates":[[-59.65911,-33.56258],[-59.57273,-33.46399]]}},{"type":"Feature","properties":{"name":"Canal 9","layer":"Canales Artificiales y Terraplenes"},"geometry":{"type":"LineString","coordinates":[[-59.56106,-33.47347],[-59.65104,-33.5762]]}},{"type":"Feature","properties":{"name":"Canal 8","layer":"Canales Artificiales y Terraplenes"},"geometry":{"type":"LineString","coordinates":[[-59.63888,-33.5852],[-59.55069,-33.48449]]}},{"type":"Feature","properties":{"name":"Canal 7","layer":"Canales Artificiales y Terraplenes"},"geometry":{"type":"LineString","coordinates":[[-59.54164,-33.49701],[-59.62468,-33.59187]]}},{"type":"Feature","properties":{"name":"Canal 6","layer":"Canales Artificiales y Terraplenes"},"geometry":{"type":"LineString","coordinates":[[-59.61197,-33.60022],[-59.52581,-33.50193]]}},{"type":"Feature","properties":{"name":"Canal 5","layer":"Canales Artificiales y Terraplenes"},"geometry":{"type":"LineString","coordinates":[[-59.51122,-33.50818],[-59.59727,-33.60634]]}},{"type":"Feature","properties":{"name":"Canal 4","layer":"Canales Artificiales y Terraplenes"},"geometry":{"type":"LineString","coordinates":[[-59.50071,-33.51899],[-59.57837,-33.60766]]}},{"type":"Feature","properties":{"name":"Canal 3","layer":"Canales Artificiales y Terraplenes"},"geometry":{"type":"LineString","coordinates":[[-59.56021,-33.60977],[-59.49109,-33.53097]]}},{"type":"Feature","properties":{"name":"Canal Martin Irigoyen","layer":"Canales Artificiales y Terraplenes"},"geometry":{"type":"LineString","coordinates":[[-59.00763,-34.09661],[-59.00451,-34.0934],[-59.00161,-34.09023],[-59.00019,-34.08637],[-58.99711,-34.07493],[-58.99395,-34.06312],[-58.99012,-34.04933],[-58.98544,-34.03193],[-58.98107,-34.01606],[-58.97616,-33.99795],[-58.972,-33.98227],[-58.96778,-33.96706],[-58.96462,-33.95526],[-58.96213,-33.94784],[-58.96216,-33.9438],[-58.96286,-33.94092],[-58.96646,-33.93592],[-58.9682,-33.93359],[-58.96804,-33.93191]]}},{"type":"Feature","properties":{"name":"Canal 2","layer":"Canales Artificiales y Terraplenes"},"geometry":{"type":"LineString","coordinates":[[-59.48226,-33.54381],[-59.5527,-33.62408]]}},{"type":"Feature","properties":{"name":"Canal 1","layer":"Canales Artificiales y Terraplenes"},"geometry":{"type":"LineString","coordinates":[[-59.49014,-33.57548],[-59.53668,-33.6286]]}},{"type":"Feature","properties":{"name":"Canal Aeroclub","layer":"Canales Artificiales y Terraplenes"},"geometry":{"type":"LineString","coordinates":[[-58.68704,-33.75123],[-58.68621,-33.75006],[-58.68379,-33.74817],[-58.68321,-33.74784],[-58.6764,-33.74405],[-58.67527,-33.74337],[-58.6732,-33.74294],[-58.67169,-33.74249],[-58.67034,-33.74187],[-58.66931,-33.74112],[-58.66846,-33.73993],[-58.66698,-33.738],[-58.66506,-33.73613],[-58.66287,-33.73407],[-58.66105,-33.73327],[-58.65942,-33.73274]]}},{"type":"Feature","properties":{"name":"Canal San Martín","layer":"Canales Artificiales y Terraplenes"},"geometry":{"type":"LineString","coordinates":[[-58.6504,-33.80876],[-58.65002,-33.80818],[-58.64888,-33.80261],[-58.64869,-33.80174],[-58.64876,-33.80019],[-58.65223,-33.78918],[-58.65264,-33.78853],[-58.65393,-33.75927]]}},{"type":"Feature","properties":{"name":"Canal Pedro Galofré","layer":"Canales Artificiales y Terraplenes"},"geometry":{"type":"LineString","coordinates":[[-58.66149,-33.86112],[-58.6463,-33.82016]]}},{"type":"Feature","properties":{"name":"Canal Gobernador Arana","layer":"Canales Artificiales y Terraplenes"},"geometry":{"type":"LineString","coordinates":[[-58.53589,-34.15244],[-58.53538,-34.15152],[-58.52205,-34.13665],[-58.48515,-34.09281],[-58.48432,-34.09244]]}},{"type":"Feature","properties":{"name":"Terraplen Laurenzal","layer":"Canales Artificiales y Terraplenes"},"geometry":{"type":"Point","coordinates":[-60.60675,-32.62203]}},{"type":"Feature","properties":{"name":"Terraplen La Esperanza","layer":"Canales Artificiales y Terraplenes"},"geometry":{"type":"Point","coordinates":[-60.54713,-32.84901]}},{"type":"Feature","properties":{"name":"Terraplén","layer":"Canales Artificiales y Terraplenes"},"geometry":{"type":"Point","coordinates":[-59.92325,-33.45232]}},{"type":"Feature","properties":{"name":"Terraplén","layer":"Canales Artificiales y Terraplenes"},"geometry":{"type":"Point","coordinates":[-59.92311,-33.45289]}},{"type":"Feature","properties":{"name":"Canal Gobernador L.N. Alem - Primera Seccion","layer":"Canales Artificiales y Terraplenes"},"geometry":{"type":"LineString","coordinates":[[-58.9578,-34.15107],[-58.95793,-34.15015],[-58.95764,-34.14672],[-58.95714,-34.14335],[-58.95664,-34.14158],[-58.95521,-34.13914],[-58.95314,-34.13681],[-58.94957,-34.13442],[-58.94539,-34.13161],[-58.92628,-34.11893],[-58.91009,-34.10822],[-58.88161,-34.08928],[-58.86445,-34.07794],[-58.83564,-34.05933]]}},{"type":"Feature","properties":{"name":"Terraplén la Piedra","layer":"Canales Artificiales y Terraplenes"},"geometry":{"type":"Point","coordinates":[-59.92832,-33.45454]}},{"type":"Feature","properties":{"name":"Celulosa","layer":"Canales Artificiales y Terraplenes"},"geometry":{"type":"Point","coordinates":[-60.42803,-32.73451]}},{"type":"Feature","properties":{"name":"Terraplen","layer":"Canales Artificiales y Terraplenes"},"geometry":{"type":"Point","coordinates":[-60.29711,-33.10577]}},{"type":"Feature","properties":{"name":"Terraplen","layer":"Canales Artificiales y Terraplenes"},"geometry":{"type":"Point","coordinates":[-60.29272,-33.11757]}},{"type":"Feature","properties":{"name":"Terraplen","layer":"Canales Artificiales y Terraplenes"},"geometry":{"type":"Point","coordinates":[-60.31654,-33.09355]}},{"type":"Feature","properties":{"name":"Terraplen","layer":"Canales Artificiales y Terraplenes"},"geometry":{"type":"Point","coordinates":[-60.2909,-33.12461]}},{"type":"Feature","properties":{"name":"Terraplen","layer":"Canales Artificiales y Terraplenes"},"geometry":{"type":"Point","coordinates":[-60.32838,-33.11096]}},{"type":"Feature","properties":{"name":"Terraplen","layer":"Canales Artificiales y Terraplenes"},"geometry":{"type":"Point","coordinates":[-60.34611,-33.12179]}},{"type":"Feature","properties":{"name":"Terraplen","layer":"Canales Artificiales y Terraplenes"},"geometry":{"type":"Point","coordinates":[-60.31942,-33.14182]}},{"type":"Feature","properties":{"name":"Terraplen","layer":"Canales Artificiales y Terraplenes"},"geometry":{"type":"Point","coordinates":[-60.54314,-32.86733]}},{"type":"Feature","properties":{"name":"Canal Gobernador L.N. Alem - Segunda Seccion","layer":"Canales Artificiales y Terraplenes"},"geometry":{"type":"LineString","coordinates":[[-58.79446,-34.07859],[-58.75944,-34.06287],[-58.75446,-34.06067],[-58.73416,-34.05156],[-58.68579,-34.02993],[-58.68288,-34.02852],[-58.68179,-34.02803],[-58.6793,-34.0277]]}},{"type":"Feature","properties":{"name":"Terraplen La Cruz","layer":"Canales Artificiales y Terraplenes"},"geometry":{"type":"Point","coordinates":[-60.57549,-32.86991]}},{"type":"Feature","properties":{"name":"Terraplen La Zorra","layer":"Canales Artificiales y Terraplenes"},"geometry":{"type":"Point","coordinates":[-60.56401,-32.85433]}},{"type":"Feature","properties":{"name":"Terraplen","layer":"Canales Artificiales y Terraplenes"},"geometry":{"type":"Point","coordinates":[-60.56509,-32.85871]}},{"type":"Feature","properties":{"name":"Terraplen Pantanosa","layer":"Canales Artificiales y Terraplenes"},"geometry":{"type":"Point","coordinates":[-60.55586,-32.87741]}},{"type":"Feature","properties":{"name":"Terraplen","layer":"Canales Artificiales y Terraplenes"},"geometry":{"type":"Point","coordinates":[-60.57661,-32.87292]}},{"type":"Feature","properties":{"name":"Terraplen","layer":"Canales Artificiales y Terraplenes"},"geometry":{"type":"Point","coordinates":[-60.56271,-32.85253]}},{"type":"Feature","properties":{"name":"Terraplen","layer":"Canales Artificiales y Terraplenes"},"geometry":{"type":"Point","coordinates":[-60.63324,-32.85432]}},{"type":"Feature","properties":{"name":"Terraplen","layer":"Canales Artificiales y Terraplenes"},"geometry":{"type":"Point","coordinates":[-60.55461,-32.87137]}},{"type":"Feature","properties":{"name":"Terraplen","layer":"Canales Artificiales y Terraplenes"},"geometry":{"type":"Point","coordinates":[-60.54092,-32.86755]}},{"type":"Feature","properties":{"name":"Terraplen","layer":"Canales Artificiales y Terraplenes"},"geometry":{"type":"Point","coordinates":[-60.57348,-32.88177]}},{"type":"Feature","properties":{"name":"Canal Laurentino Comas","layer":"Canales Artificiales y Terraplenes"},"geometry":{"type":"LineString","coordinates":[[-58.8522,-34.18092],[-58.84736,-34.17586],[-58.84638,-34.17557],[-58.8447,-34.17554],[-58.8381,-34.17441],[-58.83696,-34.17413],[-58.77722,-34.15635],[-58.77534,-34.15539],[-58.76283,-34.14794]]}},{"type":"Feature","properties":{"name":"Terraplen Pintos","layer":"Canales Artificiales y Terraplenes"},"geometry":{"type":"Point","coordinates":[-59.54161,-33.72424]}},{"type":"Feature","properties":{"name":"Terraplen","layer":"Canales Artificiales y Terraplenes"},"geometry":{"type":"Point","coordinates":[-60.56827,-32.84078]}},{"type":"Feature","properties":{"name":"Terraplenes","layer":"Canales Artificiales y Terraplenes"},"geometry":{"type":"Point","coordinates":[-60.57607,-32.8407]}},{"type":"Feature","properties":{"name":"Terraplen Pantanosa","layer":"Canales Artificiales y Terraplenes"},"geometry":{"type":"Point","coordinates":[-60.57351,-32.89188]}},{"type":"Feature","properties":{"name":"Terraplen","layer":"Canales Artificiales y Terraplenes"},"geometry":{"type":"Point","coordinates":[-60.5572,-32.8448]}},{"type":"Feature","properties":{"name":"Terraplen Ancho","layer":"Canales Artificiales y Terraplenes"},"geometry":{"type":"Point","coordinates":[-60.51788,-32.80794]}},{"type":"Feature","properties":{"name":"Terraplen Pavon","layer":"Canales Artificiales y Terraplenes"},"geometry":{"type":"Point","coordinates":[-60.38964,-33.2059]}},{"type":"Feature","properties":{"name":"Terraplen Sarandí","layer":"Canales Artificiales y Terraplenes"},"geometry":{"type":"Point","coordinates":[-59.51798,-33.71345]}},{"type":"Feature","properties":{"name":"Terraplen","layer":"Canales Artificiales y Terraplenes"},"geometry":{"type":"Point","coordinates":[-59.54165,-33.673]}},{"type":"Feature","properties":{"name":"Terraplen","layer":"Canales Artificiales y Terraplenes"},"geometry":{"type":"Point","coordinates":[-59.50969,-33.67999]}},{"type":"Feature","properties":{"name":"Canal Seoane","layer":"Canales Artificiales y Terraplenes"},"geometry":{"type":"LineString","coordinates":[[-58.69106,-34.17237],[-58.68979,-34.17247],[-58.68159,-34.17164],[-58.65922,-34.16837],[-58.65551,-34.16779],[-58.65188,-34.16699],[-58.64628,-34.16576],[-58.64435,-34.16568],[-58.64271,-34.16595],[-58.64037,-34.16651],[-58.63153,-34.16691],[-58.62841,-34.16723],[-58.62551,-34.16768],[-58.61922,-34.16795],[-58.61277,-34.16772],[-58.60734,-34.16732]]}},{"type":"Feature","properties":{"name":"Terraplen","layer":"Canales Artificiales y Terraplenes"},"geometry":{"type":"Point","coordinates":[-59.51103,-33.70383]}},{"type":"Feature","properties":{"name":"Terraplen","layer":"Canales Artificiales y Terraplenes"},"geometry":{"type":"Point","coordinates":[-59.47881,-33.75178]}},{"type":"Feature","properties":{"name":"Terraplen","layer":"Canales Artificiales y Terraplenes"},"geometry":{"type":"Point","coordinates":[-59.47051,-33.72966]}},{"type":"Feature","properties":{"name":"Terraplen Sarandi","layer":"Canales Artificiales y Terraplenes"},"geometry":{"type":"Point","coordinates":[-59.4952,-33.75366]}},{"type":"Feature","properties":{"name":"Terraplen","layer":"Canales Artificiales y Terraplenes"},"geometry":{"type":"Point","coordinates":[-59.42086,-33.75941]}},{"type":"Feature","properties":{"name":"Terraplen","layer":"Canales Artificiales y Terraplenes"},"geometry":{"type":"Point","coordinates":[-59.4654,-33.79089]}},{"type":"Feature","properties":{"name":"Terraplen","layer":"Canales Artificiales y Terraplenes"},"geometry":{"type":"Point","coordinates":[-59.44324,-33.77769]}},{"type":"Feature","properties":{"name":"Terraplen","layer":"Canales Artificiales y Terraplenes"},"geometry":{"type":"Point","coordinates":[-59.34114,-33.87061]}},{"type":"Feature","properties":{"name":"Terraplen","layer":"Canales Artificiales y Terraplenes"},"geometry":{"type":"Point","coordinates":[-59.32723,-33.8693]}},{"type":"Feature","properties":{"name":"Terraplen","layer":"Canales Artificiales y Terraplenes"},"geometry":{"type":"Point","coordinates":[-59.33608,-33.86557]}},{"type":"Feature","properties":{"name":"Canal Numero 4","layer":"Canales Artificiales y Terraplenes"},"geometry":{"type":"LineString","coordinates":[[-58.60637,-34.16687],[-58.60231,-34.16202],[-58.5985,-34.15946],[-58.58471,-34.15193],[-58.58324,-34.15021],[-58.57967,-34.14407]]}},{"type":"Feature","properties":{"name":"Terraplen","layer":"Canales Artificiales y Terraplenes"},"geometry":{"type":"Point","coordinates":[-59.33802,-33.88093]}},{"type":"Feature","properties":{"name":"Terraplen","layer":"Canales Artificiales y Terraplenes"},"geometry":{"type":"Point","coordinates":[-59.33247,-33.87237]}},{"type":"Feature","properties":{"name":"Terraplen","layer":"Canales Artificiales y Terraplenes"},"geometry":{"type":"Point","coordinates":[-59.32572,-33.88492]}},{"type":"Feature","properties":{"name":"Terraplen","layer":"Canales Artificiales y Terraplenes"},"geometry":{"type":"Point","coordinates":[-59.3284,-33.8777]}},{"type":"Feature","properties":{"name":"Terraplen","layer":"Canales Artificiales y Terraplenes"},"geometry":{"type":"Point","coordinates":[-59.30142,-33.87039]}},{"type":"Feature","properties":{"name":"Terraplen","layer":"Canales Artificiales y Terraplenes"},"geometry":{"type":"Point","coordinates":[-59.3199,-33.88645]}},{"type":"Feature","properties":{"name":"Terraplen","layer":"Canales Artificiales y Terraplenes"},"geometry":{"type":"Point","coordinates":[-59.31445,-33.88869]}},{"type":"Feature","properties":{"name":"Terraplen","layer":"Canales Artificiales y Terraplenes"},"geometry":{"type":"Point","coordinates":[-59.31155,-33.85433]}},{"type":"Feature","properties":{"name":"Terraplen","layer":"Canales Artificiales y Terraplenes"},"geometry":{"type":"Point","coordinates":[-59.30412,-33.89501]}},{"type":"Feature","properties":{"name":"Terraplen","layer":"Canales Artificiales y Terraplenes"},"geometry":{"type":"Point","coordinates":[-59.28355,-33.89838]}}]}